Year,Units,COMMENT_OBS_0,Federal state,GeoCode,Value
1990,1990 = 100,,,,100.0
1991,1990 = 100,,,,96.341
1992,1990 = 100,,,,92.389
1993,1990 = 100,,,,91.658
1994,1990 = 100,,,,90.199
1995,1990 = 100,,,,89.643
1996,1990 = 100,,,,91.028
1997,1990 = 100,,,,88.17
1998,1990 = 100,,,,86.168
1999,1990 = 100,,,,83.454
2000,1990 = 100,r,,,83.228
2001,1990 = 100,r,,,84.385
2002,1990 = 100,r,,,82.654
2003,1990 = 100,r,,,81.98
2004,1990 = 100,r,,,80.111
2005,1990 = 100,r,,,79.028
2006,1990 = 100,r,,,80.108
2007,1990 = 100,r,,,76.891
2008,1990 = 100,r,,,77.534
2009,1990 = 100,r,,,72.043
2010,1990 = 100,r,,,74.278
2011,1990 = 100,r,,,72.4
2012,1990 = 100,r,,,73.219
2013,1990 = 100,r,,,74.576
2014,1990 = 100,r,,,71.347
2015,1990 = 100,r,,,72.008
2016,1990 = 100,r,,,71.646
2017,1990 = 100,r,,,70.443
2018,1990 = 100,r,,,68.098
2019,1990 = 100,r,,,63.722
2020,1990 = 100,r,,,58.527
2021,1990 = 100,r,,,60.798
2022,1990 = 100,r,,,59.789
2023,1990 = 100,r,,,53.659
2024,1990 = 100,p,,,51.821
2030,1990 = 100,…,,,
2040,1990 = 100,,,,
2045,1990 = 100,,,,
1990,1990 = 100,,Baden-Wuerttemberg,code08,100.0
1995,1990 = 100,,Baden-Wuerttemberg,code08,104.0
2000,1990 = 100,,Baden-Wuerttemberg,code08,97.0
2003,1990 = 100,,Baden-Wuerttemberg,code08,97.1
2004,1990 = 100,,Baden-Wuerttemberg,code08,95.5
2005,1990 = 100,,Baden-Wuerttemberg,code08,98.2
2006,1990 = 100,,Baden-Wuerttemberg,code08,99.0
2007,1990 = 100,,Baden-Wuerttemberg,code08,90.9
2008,1990 = 100,,Baden-Wuerttemberg,code08,92.8
2009,1990 = 100,,Baden-Wuerttemberg,code08,85.6
2010,1990 = 100,,Baden-Wuerttemberg,code08,87.2
2011,1990 = 100,,Baden-Wuerttemberg,code08,85.3
2012,1990 = 100,,Baden-Wuerttemberg,code08,83.9
2013,1990 = 100,,Baden-Wuerttemberg,code08,90.1
2014,1990 = 100,,Baden-Wuerttemberg,code08,84.3
2015,1990 = 100,,Baden-Wuerttemberg,code08,86.0
2016,1990 = 100,,Baden-Wuerttemberg,code08,88.0
2017,1990 = 100,,Baden-Wuerttemberg,code08,88.5
2018,1990 = 100,,Baden-Wuerttemberg,code08,84.9
2019,1990 = 100,,Baden-Wuerttemberg,code08,81.8
2020,1990 = 100,,Baden-Wuerttemberg,code08,75.8
2021,1990 = 100,,Baden-Wuerttemberg,code08,79.3
1990,1990 = 100,,Bavaria,code09,100.0
1995,1990 = 100,,Bavaria,code09,101.7
2000,1990 = 100,,Bavaria,code09,99.1
2003,1990 = 100,,Bavaria,code09,93.0
2004,1990 = 100,,Bavaria,code09,91.3
2005,1990 = 100,,Bavaria,code09,88.7
2006,1990 = 100,,Bavaria,code09,89.6
2007,1990 = 100,,Bavaria,code09,83.4
2008,1990 = 100,,Bavaria,code09,87.6
2009,1990 = 100,,Bavaria,code09,84.5
2010,1990 = 100,,Bavaria,code09,87.4
2011,1990 = 100,,Bavaria,code09,86.1
2012,1990 = 100,,Bavaria,code09,86.2
2013,1990 = 100,,Bavaria,code09,86.7
2014,1990 = 100,,Bavaria,code09,83.0
2015,1990 = 100,,Bavaria,code09,83.8
2016,1990 = 100,,Bavaria,code09,85.3
2017,1990 = 100,,Bavaria,code09,84.9
2018,1990 = 100,,Bavaria,code09,83.8
2019,1990 = 100,,Bavaria,code09,84.7
2020,1990 = 100,,Bavaria,code09,81.0
2021,1990 = 100,,Bavaria,code09,80.7
1990,1990 = 100,,Hesse,code06,100.0
1995,1990 = 100,,Hesse,code06,107.5
2000,1990 = 100,,Hesse,code06,99.8
2003,1990 = 100,,Hesse,code06,97.1
2004,1990 = 100,,Hesse,code06,94.9
2005,1990 = 100,,Hesse,code06,92.7
2006,1990 = 100,,Hesse,code06,90.5
2007,1990 = 100,,Hesse,code06,85.2
2008,1990 = 100,,Hesse,code06,85.9
2009,1990 = 100,,Hesse,code06,82.7
2010,1990 = 100,,Hesse,code06,84.0
2011,1990 = 100,,Hesse,code06,80.4
2012,1990 = 100,,Hesse,code06,80.3
2013,1990 = 100,,Hesse,code06,79.6
2014,1990 = 100,,Hesse,code06,74.7
2015,1990 = 100,,Hesse,code06,78.1
2016,1990 = 100,,Hesse,code06,80.4
2017,1990 = 100,,Hesse,code06,78.5
2018,1990 = 100,,Hesse,code06,74.7
2019,1990 = 100,,Hesse,code06,74.9
2020,1990 = 100,,Hesse,code06,69.1
2021,1990 = 100,,Hesse,code06,70.3
1990,1990 = 100,,Rhineland Palatinate,code07,100.0
1995,1990 = 100,,Rhineland Palatinate,code07,110.4
2000,1990 = 100,,Rhineland Palatinate,code07,76.8
2003,1990 = 100,,Rhineland Palatinate,code07,71.6
2004,1990 = 100,,Rhineland Palatinate,code07,71.7
2005,1990 = 100,,Rhineland Palatinate,code07,70.3
2006,1990 = 100,,Rhineland Palatinate,code07,71.1
2007,1990 = 100,,Rhineland Palatinate,code07,71.2
2008,1990 = 100,,Rhineland Palatinate,code07,73.6
2009,1990 = 100,,Rhineland Palatinate,code07,71.7
2010,1990 = 100,,Rhineland Palatinate,code07,68.6
2011,1990 = 100,,Rhineland Palatinate,code07,64.0
2012,1990 = 100,,Rhineland Palatinate,code07,64.1
2013,1990 = 100,,Rhineland Palatinate,code07,66.6
2014,1990 = 100,,Rhineland Palatinate,code07,62.6
2015,1990 = 100,,Rhineland Palatinate,code07,63.4
2016,1990 = 100,,Rhineland Palatinate,code07,64.0
2017,1990 = 100,,Rhineland Palatinate,code07,64.6
2018,1990 = 100,,Rhineland Palatinate,code07,62.8
2019,1990 = 100,,Rhineland Palatinate,code07,64.1
2020,1990 = 100,,Rhineland Palatinate,code07,62.4
2021,1990 = 100,,Rhineland Palatinate,code07,62.6
1990,1990 = 100,,Saxony-Anhalt,code15,100.0
1995,1990 = 100,,Saxony-Anhalt,code15,56.8
2000,1990 = 100,,Saxony-Anhalt,code15,58.4
2003,1990 = 100,,Saxony-Anhalt,code15,63.4
2004,1990 = 100,,Saxony-Anhalt,code15,62.2
2005,1990 = 100,,Saxony-Anhalt,code15,62.3
2006,1990 = 100,,Saxony-Anhalt,code15,62.0
2007,1990 = 100,,Saxony-Anhalt,code15,60.5
2008,1990 = 100,,Saxony-Anhalt,code15,62.2
2009,1990 = 100,,Saxony-Anhalt,code15,64.6
2010,1990 = 100,,Saxony-Anhalt,code15,63.3
2011,1990 = 100,,Saxony-Anhalt,code15,62.7
2012,1990 = 100,,Saxony-Anhalt,code15,63.4
2013,1990 = 100,,Saxony-Anhalt,code15,62.4
2014,1990 = 100,,Saxony-Anhalt,code15,59.1
2015,1990 = 100,,Saxony-Anhalt,code15,57.7
2016,1990 = 100,,Saxony-Anhalt,code15,56.1
2017,1990 = 100,,Saxony-Anhalt,code15,56.4
2018,1990 = 100,,Saxony-Anhalt,code15,58.6
2019,1990 = 100,,Saxony-Anhalt,code15,53.0
2020,1990 = 100,,Saxony-Anhalt,code15,49.7
2021,1990 = 100,,Saxony-Anhalt,code15,52.7
1990,1990 = 100,,Schleswig-Holstein,code01,100.0
1995,1990 = 100,,Schleswig-Holstein,code01,96.7
2000,1990 = 100,,Schleswig-Holstein,code01,91.1
2003,1990 = 100,,Schleswig-Holstein,code01,90.2
2004,1990 = 100,,Schleswig-Holstein,code01,85.9
2005,1990 = 100,,Schleswig-Holstein,code01,83.3
2006,1990 = 100,,Schleswig-Holstein,code01,83.3
2007,1990 = 100,,Schleswig-Holstein,code01,76.5
2008,1990 = 100,,Schleswig-Holstein,code01,81.6
2009,1990 = 100,,Schleswig-Holstein,code01,79.1
2010,1990 = 100,,Schleswig-Holstein,code01,81.0
2011,1990 = 100,,Schleswig-Holstein,code01,76.4
2012,1990 = 100,,Schleswig-Holstein,code01,80.6
2013,1990 = 100,,Schleswig-Holstein,code01,81.4
2014,1990 = 100,,Schleswig-Holstein,code01,77.9
2015,1990 = 100,,Schleswig-Holstein,code01,76.9
2016,1990 = 100,,Schleswig-Holstein,code01,76.5
2017,1990 = 100,,Schleswig-Holstein,code01,76.5
2018,1990 = 100,,Schleswig-Holstein,code01,75.4
2019,1990 = 100,,Schleswig-Holstein,code01,70.9
2020,1990 = 100,p,Schleswig-Holstein,code01,69.5
2021,1990 = 100,,Schleswig-Holstein,code01,69.4
