Year,Units,COMMENT_OBS_0,Länder,GeoCode,Value
1990,1990 = 100,,,,100.0
1991,1990 = 100,,,,96.341
1992,1990 = 100,,,,92.389
1993,1990 = 100,,,,91.658
1994,1990 = 100,,,,90.199
1995,1990 = 100,,,,89.643
1996,1990 = 100,,,,91.028
1997,1990 = 100,,,,88.17
1998,1990 = 100,,,,86.168
1999,1990 = 100,,,,83.454
2000,1990 = 100,r,,,83.228
2001,1990 = 100,r,,,84.385
2002,1990 = 100,r,,,82.654
2003,1990 = 100,r,,,81.98
2004,1990 = 100,r,,,80.111
2005,1990 = 100,r,,,79.028
2006,1990 = 100,r,,,80.108
2007,1990 = 100,r,,,76.891
2008,1990 = 100,r,,,77.534
2009,1990 = 100,r,,,72.043
2010,1990 = 100,r,,,74.278
2011,1990 = 100,r,,,72.4
2012,1990 = 100,r,,,73.219
2013,1990 = 100,r,,,74.576
2014,1990 = 100,r,,,71.347
2015,1990 = 100,r,,,72.008
2016,1990 = 100,r,,,71.646
2017,1990 = 100,r,,,70.443
2018,1990 = 100,r,,,68.098
2019,1990 = 100,r,,,63.722
2020,1990 = 100,r,,,58.527
2021,1990 = 100,r,,,60.798
2022,1990 = 100,r,,,59.789
2023,1990 = 100,r,,,53.659
2024,1990 = 100,p,,,51.821
2030,1990 = 100,…,,,
2040,1990 = 100,…,,,
2045,1990 = 100,…,,,
1990,1990 = 100,,Baden-Wuerttemberg,code08,100.0
1991,1990 = 100,,Baden-Wuerttemberg,code08,
1992,1990 = 100,,Baden-Wuerttemberg,code08,
1993,1990 = 100,,Baden-Wuerttemberg,code08,
1994,1990 = 100,,Baden-Wuerttemberg,code08,
1995,1990 = 100,,Baden-Wuerttemberg,code08,104.0
1996,1990 = 100,,Baden-Wuerttemberg,code08,
1997,1990 = 100,,Baden-Wuerttemberg,code08,
1998,1990 = 100,,Baden-Wuerttemberg,code08,
1999,1990 = 100,,Baden-Wuerttemberg,code08,
2000,1990 = 100,,Baden-Wuerttemberg,code08,97.0
2001,1990 = 100,.,Baden-Wuerttemberg,code08,
2002,1990 = 100,.,Baden-Wuerttemberg,code08,
2003,1990 = 100,,Baden-Wuerttemberg,code08,97.1
2004,1990 = 100,,Baden-Wuerttemberg,code08,95.5
2005,1990 = 100,,Baden-Wuerttemberg,code08,98.2
2006,1990 = 100,,Baden-Wuerttemberg,code08,99.0
2007,1990 = 100,r,Baden-Wuerttemberg,code08,91.0
2008,1990 = 100,,Baden-Wuerttemberg,code08,92.8
2009,1990 = 100,r,Baden-Wuerttemberg,code08,85.7
2010,1990 = 100,r,Baden-Wuerttemberg,code08,87.3
2011,1990 = 100,r,Baden-Wuerttemberg,code08,85.3
2012,1990 = 100,r,Baden-Wuerttemberg,code08,84.0
2013,1990 = 100,,Baden-Wuerttemberg,code08,90.1
2014,1990 = 100,r,Baden-Wuerttemberg,code08,84.4
2015,1990 = 100,r,Baden-Wuerttemberg,code08,86.1
2016,1990 = 100,r,Baden-Wuerttemberg,code08,88.1
2017,1990 = 100,r,Baden-Wuerttemberg,code08,88.6
2018,1990 = 100,r,Baden-Wuerttemberg,code08,85.0
2019,1990 = 100,r,Baden-Wuerttemberg,code08,81.9
2020,1990 = 100,r,Baden-Wuerttemberg,code08,75.9
2021,1990 = 100,r,Baden-Wuerttemberg,code08,79.4
2022,1990 = 100,,Baden-Wuerttemberg,code08,79.3
2023,1990 = 100,…,Baden-Wuerttemberg,code08,
2024,1990 = 100,…,Baden-Wuerttemberg,code08,
2030,1990 = 100,…,Baden-Wuerttemberg,code08,
2040,1990 = 100,…,Baden-Wuerttemberg,code08,
2045,1990 = 100,…,Baden-Wuerttemberg,code08,
1990,1990 = 100,,Bavaria,code09,100.0
1991,1990 = 100,,Bavaria,code09,
1992,1990 = 100,,Bavaria,code09,
1993,1990 = 100,,Bavaria,code09,
1994,1990 = 100,,Bavaria,code09,
1995,1990 = 100,,Bavaria,code09,101.8
1996,1990 = 100,,Bavaria,code09,
1997,1990 = 100,,Bavaria,code09,
1998,1990 = 100,,Bavaria,code09,
1999,1990 = 100,,Bavaria,code09,
2000,1990 = 100,,Bavaria,code09,99.1
2001,1990 = 100,.,Bavaria,code09,
2002,1990 = 100,.,Bavaria,code09,
2003,1990 = 100,r,Bavaria,code09,93.1
2004,1990 = 100,r,Bavaria,code09,91.5
2005,1990 = 100,r,Bavaria,code09,88.9
2006,1990 = 100,r,Bavaria,code09,89.8
2007,1990 = 100,r,Bavaria,code09,83.7
2008,1990 = 100,r,Bavaria,code09,87.9
2009,1990 = 100,r,Bavaria,code09,84.8
2010,1990 = 100,r,Bavaria,code09,87.6
2011,1990 = 100,,Bavaria,code09,86.4
2012,1990 = 100,r,Bavaria,code09,86.4
2013,1990 = 100,r,Bavaria,code09,87.0
2014,1990 = 100,r,Bavaria,code09,83.3
2015,1990 = 100,r,Bavaria,code09,84.1
2016,1990 = 100,r,Bavaria,code09,85.5
2017,1990 = 100,r,Bavaria,code09,85.2
2018,1990 = 100,r,Bavaria,code09,84.0
2019,1990 = 100,r,Bavaria,code09,84.9
2020,1990 = 100,r,Bavaria,code09,81.3
2021,1990 = 100,r,Bavaria,code09,81.0
2022,1990 = 100,,Bavaria,code09,78.7
2023,1990 = 100,…,Bavaria,code09,
2024,1990 = 100,…,Bavaria,code09,
2030,1990 = 100,…,Bavaria,code09,
2040,1990 = 100,…,Bavaria,code09,
2045,1990 = 100,…,Bavaria,code09,
1990,1990 = 100,,Berlin,code11,100.0
1991,1990 = 100,,Berlin,code11,
1992,1990 = 100,,Berlin,code11,
1993,1990 = 100,,Berlin,code11,
1994,1990 = 100,,Berlin,code11,
1995,1990 = 100,,Berlin,code11,90.8
1996,1990 = 100,,Berlin,code11,
1997,1990 = 100,,Berlin,code11,
1998,1990 = 100,,Berlin,code11,
1999,1990 = 100,,Berlin,code11,
2000,1990 = 100,,Berlin,code11,85.9
2001,1990 = 100,.,Berlin,code11,
2002,1990 = 100,.,Berlin,code11,
2003,1990 = 100,,Berlin,code11,76.8
2004,1990 = 100,,Berlin,code11,72.9
2005,1990 = 100,,Berlin,code11,72.1
2006,1990 = 100,,Berlin,code11,71.6
2007,1990 = 100,,Berlin,code11,62.7
2008,1990 = 100,,Berlin,code11,66.1
2009,1990 = 100,,Berlin,code11,64.5
2010,1990 = 100,,Berlin,code11,70.4
2011,1990 = 100,,Berlin,code11,62.1
2012,1990 = 100,,Berlin,code11,62.5
2013,1990 = 100,,Berlin,code11,64.5
2014,1990 = 100,,Berlin,code11,61.3
2015,1990 = 100,,Berlin,code11,59.2
2016,1990 = 100,,Berlin,code11,60.3
2017,1990 = 100,,Berlin,code11,59.4
2018,1990 = 100,,Berlin,code11,55.1
2019,1990 = 100,,Berlin,code11,51.7
2020,1990 = 100,,Berlin,code11,48.5
2021,1990 = 100,,Berlin,code11,50.7
2022,1990 = 100,,Berlin,code11,48.2
2023,1990 = 100,…,Berlin,code11,
2024,1990 = 100,…,Berlin,code11,
2030,1990 = 100,…,Berlin,code11,
2040,1990 = 100,…,Berlin,code11,
2045,1990 = 100,…,Berlin,code11,
1990,1990 = 100,,Brandenburg,code12,
1991,1990 = 100,,Brandenburg,code12,
1992,1990 = 100,,Brandenburg,code12,
1993,1990 = 100,,Brandenburg,code12,
1994,1990 = 100,,Brandenburg,code12,
1995,1990 = 100,,Brandenburg,code12,
1996,1990 = 100,,Brandenburg,code12,
1997,1990 = 100,,Brandenburg,code12,
1998,1990 = 100,,Brandenburg,code12,
1999,1990 = 100,,Brandenburg,code12,
2000,1990 = 100,.,Brandenburg,code12,
2001,1990 = 100,.,Brandenburg,code12,
2002,1990 = 100,.,Brandenburg,code12,
2003,1990 = 100,.,Brandenburg,code12,
2004,1990 = 100,.,Brandenburg,code12,
2005,1990 = 100,.,Brandenburg,code12,
2006,1990 = 100,.,Brandenburg,code12,
2007,1990 = 100,.,Brandenburg,code12,
2008,1990 = 100,.,Brandenburg,code12,
2009,1990 = 100,.,Brandenburg,code12,
2010,1990 = 100,.,Brandenburg,code12,
2011,1990 = 100,.,Brandenburg,code12,
2012,1990 = 100,.,Brandenburg,code12,
2013,1990 = 100,.,Brandenburg,code12,
2014,1990 = 100,.,Brandenburg,code12,
2015,1990 = 100,.,Brandenburg,code12,
2016,1990 = 100,.,Brandenburg,code12,
2017,1990 = 100,.,Brandenburg,code12,
2018,1990 = 100,.,Brandenburg,code12,
2019,1990 = 100,.,Brandenburg,code12,
2020,1990 = 100,.,Brandenburg,code12,
2021,1990 = 100,.,Brandenburg,code12,
2022,1990 = 100,.,Brandenburg,code12,
2023,1990 = 100,.,Brandenburg,code12,
2024,1990 = 100,.,Brandenburg,code12,
2030,1990 = 100,…,Brandenburg,code12,
2040,1990 = 100,…,Brandenburg,code12,
2045,1990 = 100,…,Brandenburg,code12,
1990,1990 = 100,,Bremen,code04,100.0
1991,1990 = 100,,Bremen,code04,
1992,1990 = 100,,Bremen,code04,
1993,1990 = 100,,Bremen,code04,
1994,1990 = 100,,Bremen,code04,
1995,1990 = 100,,Bremen,code04,98.1
1996,1990 = 100,,Bremen,code04,
1997,1990 = 100,,Bremen,code04,
1998,1990 = 100,,Bremen,code04,
1999,1990 = 100,,Bremen,code04,
2000,1990 = 100,,Bremen,code04,102.7
2001,1990 = 100,.,Bremen,code04,
2002,1990 = 100,.,Bremen,code04,
2003,1990 = 100,,Bremen,code04,106.1
2004,1990 = 100,,Bremen,code04,94.6
2005,1990 = 100,,Bremen,code04,88.8
2006,1990 = 100,,Bremen,code04,92.3
2007,1990 = 100,,Bremen,code04,99.0
2008,1990 = 100,,Bremen,code04,94.9
2009,1990 = 100,,Bremen,code04,91.6
2010,1990 = 100,,Bremen,code04,101.4
2011,1990 = 100,,Bremen,code04,95.1
2012,1990 = 100,,Bremen,code04,96.6
2013,1990 = 100,,Bremen,code04,97.8
2014,1990 = 100,,Bremen,code04,92.9
2015,1990 = 100,,Bremen,code04,96.0
2016,1990 = 100,,Bremen,code04,93.0
2017,1990 = 100,,Bremen,code04,96.5
2018,1990 = 100,,Bremen,code04,89.9
2019,1990 = 100,,Bremen,code04,83.0
2020,1990 = 100,,Bremen,code04,67.2
2021,1990 = 100,…,Bremen,code04,
2022,1990 = 100,…,Bremen,code04,
2023,1990 = 100,…,Bremen,code04,
2024,1990 = 100,…,Bremen,code04,
2030,1990 = 100,…,Bremen,code04,
2040,1990 = 100,…,Bremen,code04,
2045,1990 = 100,…,Bremen,code04,
1990,1990 = 100,,Hamburg,code02,100.0
1991,1990 = 100,,Hamburg,code02,
1992,1990 = 100,,Hamburg,code02,
1993,1990 = 100,,Hamburg,code02,
1994,1990 = 100,,Hamburg,code02,
1995,1990 = 100,,Hamburg,code02,102.7
1996,1990 = 100,,Hamburg,code02,
1997,1990 = 100,,Hamburg,code02,
1998,1990 = 100,,Hamburg,code02,
1999,1990 = 100,,Hamburg,code02,
2000,1990 = 100,.,Hamburg,code02,
2001,1990 = 100,.,Hamburg,code02,
2002,1990 = 100,.,Hamburg,code02,
2003,1990 = 100,,Hamburg,code02,95.6
2004,1990 = 100,,Hamburg,code02,95.1
2005,1990 = 100,,Hamburg,code02,91.8
2006,1990 = 100,,Hamburg,code02,90.5
2007,1990 = 100,,Hamburg,code02,87.3
2008,1990 = 100,,Hamburg,code02,88.6
2009,1990 = 100,,Hamburg,code02,89.0
2010,1990 = 100,,Hamburg,code02,91.8
2011,1990 = 100,,Hamburg,code02,86.8
2012,1990 = 100,,Hamburg,code02,85.6
2013,1990 = 100,,Hamburg,code02,84.0
2014,1990 = 100,,Hamburg,code02,91.8
2015,1990 = 100,,Hamburg,code02,114.2
2016,1990 = 100,,Hamburg,code02,118.5
2017,1990 = 100,,Hamburg,code02,122.9
2018,1990 = 100,,Hamburg,code02,124.4
2019,1990 = 100,,Hamburg,code02,114.0
2020,1990 = 100,,Hamburg,code02,86.5
2021,1990 = 100,,Hamburg,code02,76.7
2022,1990 = 100,,Hamburg,code02,71.1
2023,1990 = 100,…,Hamburg,code02,
2024,1990 = 100,…,Hamburg,code02,
2030,1990 = 100,…,Hamburg,code02,
2040,1990 = 100,…,Hamburg,code02,
2045,1990 = 100,…,Hamburg,code02,
1990,1990 = 100,,Hesse,code06,100.0
1991,1990 = 100,,Hesse,code06,
1992,1990 = 100,,Hesse,code06,
1993,1990 = 100,,Hesse,code06,
1994,1990 = 100,,Hesse,code06,
1995,1990 = 100,,Hesse,code06,107.6
1996,1990 = 100,,Hesse,code06,
1997,1990 = 100,,Hesse,code06,
1998,1990 = 100,,Hesse,code06,
1999,1990 = 100,,Hesse,code06,
2000,1990 = 100,,Hesse,code06,99.8
2001,1990 = 100,.,Hesse,code06,
2002,1990 = 100,.,Hesse,code06,
2003,1990 = 100,,Hesse,code06,97.1
2004,1990 = 100,,Hesse,code06,94.9
2005,1990 = 100,,Hesse,code06,92.7
2006,1990 = 100,r,Hesse,code06,90.6
2007,1990 = 100,r,Hesse,code06,85.3
2008,1990 = 100,r,Hesse,code06,86.0
2009,1990 = 100,r,Hesse,code06,82.8
2010,1990 = 100,r,Hesse,code06,84.1
2011,1990 = 100,,Hesse,code06,80.4
2012,1990 = 100,r,Hesse,code06,80.4
2013,1990 = 100,r,Hesse,code06,79.8
2014,1990 = 100,,Hesse,code06,74.7
2015,1990 = 100,r,Hesse,code06,78.2
2016,1990 = 100,r,Hesse,code06,80.5
2017,1990 = 100,r,Hesse,code06,78.6
2018,1990 = 100,r,Hesse,code06,74.8
2019,1990 = 100,r,Hesse,code06,75.0
2020,1990 = 100,r,Hesse,code06,69.2
2021,1990 = 100,r,Hesse,code06,70.4
2022,1990 = 100,,Hesse,code06,70.7
2023,1990 = 100,…,Hesse,code06,
2024,1990 = 100,…,Hesse,code06,
2030,1990 = 100,…,Hesse,code06,
2040,1990 = 100,…,Hesse,code06,
2045,1990 = 100,…,Hesse,code06,
1990,1990 = 100,,Mecklenburg Western Pomerania,code13,
1991,1990 = 100,,Mecklenburg Western Pomerania,code13,
1992,1990 = 100,,Mecklenburg Western Pomerania,code13,
1993,1990 = 100,,Mecklenburg Western Pomerania,code13,
1994,1990 = 100,,Mecklenburg Western Pomerania,code13,
1995,1990 = 100,,Mecklenburg Western Pomerania,code13,
1996,1990 = 100,,Mecklenburg Western Pomerania,code13,
1997,1990 = 100,,Mecklenburg Western Pomerania,code13,
1998,1990 = 100,,Mecklenburg Western Pomerania,code13,
1999,1990 = 100,,Mecklenburg Western Pomerania,code13,
2000,1990 = 100,.,Mecklenburg Western Pomerania,code13,
2001,1990 = 100,.,Mecklenburg Western Pomerania,code13,
2002,1990 = 100,.,Mecklenburg Western Pomerania,code13,
2003,1990 = 100,.,Mecklenburg Western Pomerania,code13,
2004,1990 = 100,.,Mecklenburg Western Pomerania,code13,
2005,1990 = 100,.,Mecklenburg Western Pomerania,code13,
2006,1990 = 100,.,Mecklenburg Western Pomerania,code13,
2007,1990 = 100,.,Mecklenburg Western Pomerania,code13,
2008,1990 = 100,.,Mecklenburg Western Pomerania,code13,
2009,1990 = 100,.,Mecklenburg Western Pomerania,code13,
2010,1990 = 100,.,Mecklenburg Western Pomerania,code13,
2011,1990 = 100,.,Mecklenburg Western Pomerania,code13,
2012,1990 = 100,.,Mecklenburg Western Pomerania,code13,
2013,1990 = 100,.,Mecklenburg Western Pomerania,code13,
2014,1990 = 100,.,Mecklenburg Western Pomerania,code13,
2015,1990 = 100,.,Mecklenburg Western Pomerania,code13,
2016,1990 = 100,.,Mecklenburg Western Pomerania,code13,
2017,1990 = 100,.,Mecklenburg Western Pomerania,code13,
2018,1990 = 100,.,Mecklenburg Western Pomerania,code13,
2019,1990 = 100,.,Mecklenburg Western Pomerania,code13,
2020,1990 = 100,.,Mecklenburg Western Pomerania,code13,
2021,1990 = 100,.,Mecklenburg Western Pomerania,code13,
2022,1990 = 100,.,Mecklenburg Western Pomerania,code13,
2023,1990 = 100,.,Mecklenburg Western Pomerania,code13,
2024,1990 = 100,.,Mecklenburg Western Pomerania,code13,
2030,1990 = 100,…,Mecklenburg Western Pomerania,code13,
2040,1990 = 100,…,Mecklenburg Western Pomerania,code13,
2045,1990 = 100,…,Mecklenburg Western Pomerania,code13,
1990,1990 = 100,,Lower Saxony,code03,
1991,1990 = 100,,Lower Saxony,code03,
1992,1990 = 100,,Lower Saxony,code03,
1993,1990 = 100,,Lower Saxony,code03,
1994,1990 = 100,,Lower Saxony,code03,
1995,1990 = 100,,Lower Saxony,code03,
1996,1990 = 100,,Lower Saxony,code03,
1997,1990 = 100,,Lower Saxony,code03,
1998,1990 = 100,,Lower Saxony,code03,
1999,1990 = 100,,Lower Saxony,code03,
2000,1990 = 100,.,Lower Saxony,code03,
2001,1990 = 100,.,Lower Saxony,code03,
2002,1990 = 100,.,Lower Saxony,code03,
2003,1990 = 100,.,Lower Saxony,code03,
2004,1990 = 100,.,Lower Saxony,code03,
2005,1990 = 100,.,Lower Saxony,code03,
2006,1990 = 100,.,Lower Saxony,code03,
2007,1990 = 100,.,Lower Saxony,code03,
2008,1990 = 100,.,Lower Saxony,code03,
2009,1990 = 100,.,Lower Saxony,code03,
2010,1990 = 100,.,Lower Saxony,code03,
2011,1990 = 100,.,Lower Saxony,code03,
2012,1990 = 100,.,Lower Saxony,code03,
2013,1990 = 100,.,Lower Saxony,code03,
2014,1990 = 100,.,Lower Saxony,code03,
2015,1990 = 100,.,Lower Saxony,code03,
2016,1990 = 100,.,Lower Saxony,code03,
2017,1990 = 100,.,Lower Saxony,code03,
2018,1990 = 100,.,Lower Saxony,code03,
2019,1990 = 100,.,Lower Saxony,code03,
2020,1990 = 100,.,Lower Saxony,code03,
2021,1990 = 100,.,Lower Saxony,code03,
2022,1990 = 100,.,Lower Saxony,code03,
2023,1990 = 100,.,Lower Saxony,code03,
2024,1990 = 100,.,Lower Saxony,code03,
2030,1990 = 100,…,Lower Saxony,code03,
2040,1990 = 100,…,Lower Saxony,code03,
2045,1990 = 100,…,Lower Saxony,code03,
1990,1990 = 100,,North Rhine-Westphalia,code05,
1991,1990 = 100,,North Rhine-Westphalia,code05,
1992,1990 = 100,,North Rhine-Westphalia,code05,
1993,1990 = 100,,North Rhine-Westphalia,code05,
1994,1990 = 100,,North Rhine-Westphalia,code05,
1995,1990 = 100,,North Rhine-Westphalia,code05,
1996,1990 = 100,,North Rhine-Westphalia,code05,
1997,1990 = 100,,North Rhine-Westphalia,code05,
1998,1990 = 100,,North Rhine-Westphalia,code05,
1999,1990 = 100,,North Rhine-Westphalia,code05,
2000,1990 = 100,.,North Rhine-Westphalia,code05,
2001,1990 = 100,.,North Rhine-Westphalia,code05,
2002,1990 = 100,.,North Rhine-Westphalia,code05,
2003,1990 = 100,.,North Rhine-Westphalia,code05,
2004,1990 = 100,.,North Rhine-Westphalia,code05,
2005,1990 = 100,.,North Rhine-Westphalia,code05,
2006,1990 = 100,.,North Rhine-Westphalia,code05,
2007,1990 = 100,.,North Rhine-Westphalia,code05,
2008,1990 = 100,.,North Rhine-Westphalia,code05,
2009,1990 = 100,.,North Rhine-Westphalia,code05,
2010,1990 = 100,.,North Rhine-Westphalia,code05,
2011,1990 = 100,.,North Rhine-Westphalia,code05,
2012,1990 = 100,.,North Rhine-Westphalia,code05,
2013,1990 = 100,.,North Rhine-Westphalia,code05,
2014,1990 = 100,.,North Rhine-Westphalia,code05,
2015,1990 = 100,.,North Rhine-Westphalia,code05,
2016,1990 = 100,.,North Rhine-Westphalia,code05,
2017,1990 = 100,.,North Rhine-Westphalia,code05,
2018,1990 = 100,.,North Rhine-Westphalia,code05,
2019,1990 = 100,.,North Rhine-Westphalia,code05,
2020,1990 = 100,.,North Rhine-Westphalia,code05,
2021,1990 = 100,.,North Rhine-Westphalia,code05,
2022,1990 = 100,.,North Rhine-Westphalia,code05,
2023,1990 = 100,.,North Rhine-Westphalia,code05,
2024,1990 = 100,.,North Rhine-Westphalia,code05,
2030,1990 = 100,…,North Rhine-Westphalia,code05,
2040,1990 = 100,…,North Rhine-Westphalia,code05,
2045,1990 = 100,…,North Rhine-Westphalia,code05,
1990,1990 = 100,,Rhineland Palatinate,code07,100.0
1991,1990 = 100,,Rhineland Palatinate,code07,
1992,1990 = 100,,Rhineland Palatinate,code07,
1993,1990 = 100,,Rhineland Palatinate,code07,
1994,1990 = 100,,Rhineland Palatinate,code07,
1995,1990 = 100,,Rhineland Palatinate,code07,110.4
1996,1990 = 100,,Rhineland Palatinate,code07,
1997,1990 = 100,,Rhineland Palatinate,code07,
1998,1990 = 100,,Rhineland Palatinate,code07,
1999,1990 = 100,,Rhineland Palatinate,code07,
2000,1990 = 100,r,Rhineland Palatinate,code07,76.9
2001,1990 = 100,.,Rhineland Palatinate,code07,
2002,1990 = 100,.,Rhineland Palatinate,code07,
2003,1990 = 100,r,Rhineland Palatinate,code07,71.7
2004,1990 = 100,r,Rhineland Palatinate,code07,71.8
2005,1990 = 100,r,Rhineland Palatinate,code07,70.4
2006,1990 = 100,r,Rhineland Palatinate,code07,71.2
2007,1990 = 100,r,Rhineland Palatinate,code07,71.3
2008,1990 = 100,r,Rhineland Palatinate,code07,73.7
2009,1990 = 100,r,Rhineland Palatinate,code07,71.7
2010,1990 = 100,r,Rhineland Palatinate,code07,68.7
2011,1990 = 100,r,Rhineland Palatinate,code07,64.1
2012,1990 = 100,r,Rhineland Palatinate,code07,64.2
2013,1990 = 100,r,Rhineland Palatinate,code07,66.7
2014,1990 = 100,r,Rhineland Palatinate,code07,62.7
2015,1990 = 100,r,Rhineland Palatinate,code07,63.5
2016,1990 = 100,r,Rhineland Palatinate,code07,64.1
2017,1990 = 100,r,Rhineland Palatinate,code07,64.7
2018,1990 = 100,r,Rhineland Palatinate,code07,62.9
2019,1990 = 100,r,Rhineland Palatinate,code07,64.2
2020,1990 = 100,r,Rhineland Palatinate,code07,62.5
2021,1990 = 100,r,Rhineland Palatinate,code07,62.7
2022,1990 = 100,,Rhineland Palatinate,code07,57.8
2023,1990 = 100,…,Rhineland Palatinate,code07,
2024,1990 = 100,…,Rhineland Palatinate,code07,
2030,1990 = 100,…,Rhineland Palatinate,code07,
2040,1990 = 100,…,Rhineland Palatinate,code07,
2045,1990 = 100,…,Rhineland Palatinate,code07,
1990,1990 = 100,,Saarland,code10,
1991,1990 = 100,,Saarland,code10,
1992,1990 = 100,,Saarland,code10,
1993,1990 = 100,,Saarland,code10,
1994,1990 = 100,,Saarland,code10,
1995,1990 = 100,,Saarland,code10,
1996,1990 = 100,,Saarland,code10,
1997,1990 = 100,,Saarland,code10,
1998,1990 = 100,,Saarland,code10,
1999,1990 = 100,,Saarland,code10,
2000,1990 = 100,.,Saarland,code10,
2001,1990 = 100,.,Saarland,code10,
2002,1990 = 100,.,Saarland,code10,
2003,1990 = 100,.,Saarland,code10,
2004,1990 = 100,.,Saarland,code10,
2005,1990 = 100,.,Saarland,code10,
2006,1990 = 100,.,Saarland,code10,
2007,1990 = 100,.,Saarland,code10,
2008,1990 = 100,.,Saarland,code10,
2009,1990 = 100,.,Saarland,code10,
2010,1990 = 100,.,Saarland,code10,
2011,1990 = 100,.,Saarland,code10,
2012,1990 = 100,.,Saarland,code10,
2013,1990 = 100,.,Saarland,code10,
2014,1990 = 100,.,Saarland,code10,
2015,1990 = 100,.,Saarland,code10,
2016,1990 = 100,.,Saarland,code10,
2017,1990 = 100,.,Saarland,code10,
2018,1990 = 100,.,Saarland,code10,
2019,1990 = 100,.,Saarland,code10,
2020,1990 = 100,.,Saarland,code10,
2021,1990 = 100,.,Saarland,code10,
2022,1990 = 100,.,Saarland,code10,
2023,1990 = 100,.,Saarland,code10,
2024,1990 = 100,.,Saarland,code10,
2030,1990 = 100,…,Saarland,code10,
2040,1990 = 100,…,Saarland,code10,
2045,1990 = 100,…,Saarland,code10,
1990,1990 = 100,,Saxony,code14,
1991,1990 = 100,,Saxony,code14,
1992,1990 = 100,,Saxony,code14,
1993,1990 = 100,,Saxony,code14,
1994,1990 = 100,,Saxony,code14,
1995,1990 = 100,,Saxony,code14,
1996,1990 = 100,,Saxony,code14,
1997,1990 = 100,,Saxony,code14,
1998,1990 = 100,,Saxony,code14,
1999,1990 = 100,,Saxony,code14,
2000,1990 = 100,.,Saxony,code14,
2001,1990 = 100,.,Saxony,code14,
2002,1990 = 100,.,Saxony,code14,
2003,1990 = 100,.,Saxony,code14,
2004,1990 = 100,.,Saxony,code14,
2005,1990 = 100,.,Saxony,code14,
2006,1990 = 100,.,Saxony,code14,
2007,1990 = 100,.,Saxony,code14,
2008,1990 = 100,.,Saxony,code14,
2009,1990 = 100,.,Saxony,code14,
2010,1990 = 100,.,Saxony,code14,
2011,1990 = 100,.,Saxony,code14,
2012,1990 = 100,.,Saxony,code14,
2013,1990 = 100,.,Saxony,code14,
2014,1990 = 100,.,Saxony,code14,
2015,1990 = 100,.,Saxony,code14,
2016,1990 = 100,.,Saxony,code14,
2017,1990 = 100,.,Saxony,code14,
2018,1990 = 100,.,Saxony,code14,
2019,1990 = 100,.,Saxony,code14,
2020,1990 = 100,.,Saxony,code14,
2021,1990 = 100,.,Saxony,code14,
2022,1990 = 100,.,Saxony,code14,
2023,1990 = 100,.,Saxony,code14,
2024,1990 = 100,.,Saxony,code14,
2030,1990 = 100,…,Saxony,code14,
2040,1990 = 100,…,Saxony,code14,
2045,1990 = 100,…,Saxony,code14,
1990,1990 = 100,,Saxony-Anhalt,code15,100.0
1991,1990 = 100,,Saxony-Anhalt,code15,
1992,1990 = 100,,Saxony-Anhalt,code15,
1993,1990 = 100,,Saxony-Anhalt,code15,
1994,1990 = 100,,Saxony-Anhalt,code15,
1995,1990 = 100,,Saxony-Anhalt,code15,56.8
1996,1990 = 100,,Saxony-Anhalt,code15,
1997,1990 = 100,,Saxony-Anhalt,code15,
1998,1990 = 100,,Saxony-Anhalt,code15,
1999,1990 = 100,,Saxony-Anhalt,code15,
2000,1990 = 100,,Saxony-Anhalt,code15,58.4
2001,1990 = 100,.,Saxony-Anhalt,code15,
2002,1990 = 100,.,Saxony-Anhalt,code15,
2003,1990 = 100,,Saxony-Anhalt,code15,63.4
2004,1990 = 100,,Saxony-Anhalt,code15,62.2
2005,1990 = 100,,Saxony-Anhalt,code15,62.3
2006,1990 = 100,,Saxony-Anhalt,code15,62.0
2007,1990 = 100,r,Saxony-Anhalt,code15,60.6
2008,1990 = 100,,Saxony-Anhalt,code15,62.2
2009,1990 = 100,,Saxony-Anhalt,code15,64.6
2010,1990 = 100,,Saxony-Anhalt,code15,63.3
2011,1990 = 100,,Saxony-Anhalt,code15,62.7
2012,1990 = 100,,Saxony-Anhalt,code15,63.4
2013,1990 = 100,,Saxony-Anhalt,code15,62.4
2014,1990 = 100,,Saxony-Anhalt,code15,59.1
2015,1990 = 100,r,Saxony-Anhalt,code15,57.8
2016,1990 = 100,r,Saxony-Anhalt,code15,56.2
2017,1990 = 100,,Saxony-Anhalt,code15,56.4
2018,1990 = 100,r,Saxony-Anhalt,code15,58.7
2019,1990 = 100,,Saxony-Anhalt,code15,53.0
2020,1990 = 100,,Saxony-Anhalt,code15,49.7
2021,1990 = 100,,Saxony-Anhalt,code15,52.7
2022,1990 = 100,,Saxony-Anhalt,code15,48.2
2023,1990 = 100,…,Saxony-Anhalt,code15,
2024,1990 = 100,…,Saxony-Anhalt,code15,
2030,1990 = 100,…,Saxony-Anhalt,code15,
2040,1990 = 100,…,Saxony-Anhalt,code15,
2045,1990 = 100,…,Saxony-Anhalt,code15,
1990,1990 = 100,,Schleswig-Holstein,code01,100.0
1991,1990 = 100,,Schleswig-Holstein,code01,
1992,1990 = 100,,Schleswig-Holstein,code01,
1993,1990 = 100,,Schleswig-Holstein,code01,
1994,1990 = 100,,Schleswig-Holstein,code01,
1995,1990 = 100,,Schleswig-Holstein,code01,97.1
1996,1990 = 100,,Schleswig-Holstein,code01,
1997,1990 = 100,,Schleswig-Holstein,code01,
1998,1990 = 100,,Schleswig-Holstein,code01,
1999,1990 = 100,,Schleswig-Holstein,code01,
2000,1990 = 100,r,Schleswig-Holstein,code01,91.4
2001,1990 = 100,.,Schleswig-Holstein,code01,
2002,1990 = 100,.,Schleswig-Holstein,code01,
2003,1990 = 100,r,Schleswig-Holstein,code01,90.5
2004,1990 = 100,r,Schleswig-Holstein,code01,86.0
2005,1990 = 100,r,Schleswig-Holstein,code01,83.7
2006,1990 = 100,r,Schleswig-Holstein,code01,83.7
2007,1990 = 100,r,Schleswig-Holstein,code01,76.7
2008,1990 = 100,r,Schleswig-Holstein,code01,81.9
2009,1990 = 100,r,Schleswig-Holstein,code01,79.4
2010,1990 = 100,r,Schleswig-Holstein,code01,81.3
2011,1990 = 100,r,Schleswig-Holstein,code01,76.7
2012,1990 = 100,r,Schleswig-Holstein,code01,80.9
2013,1990 = 100,r,Schleswig-Holstein,code01,81.8
2014,1990 = 100,r,Schleswig-Holstein,code01,78.3
2015,1990 = 100,r,Schleswig-Holstein,code01,77.1
2016,1990 = 100,r,Schleswig-Holstein,code01,76.9
2017,1990 = 100,r,Schleswig-Holstein,code01,76.7
2018,1990 = 100,,Schleswig-Holstein,code01,75.4
2019,1990 = 100,,Schleswig-Holstein,code01,70.9
2020,1990 = 100,r,Schleswig-Holstein,code01,69.6
2021,1990 = 100,r,Schleswig-Holstein,code01,69.5
2022,1990 = 100,,Schleswig-Holstein,code01,67.8
2023,1990 = 100,…,Schleswig-Holstein,code01,
2024,1990 = 100,…,Schleswig-Holstein,code01,
2030,1990 = 100,…,Schleswig-Holstein,code01,
2040,1990 = 100,…,Schleswig-Holstein,code01,
2045,1990 = 100,…,Schleswig-Holstein,code01,
1990,1990 = 100,,Thuringia,code16,
1991,1990 = 100,,Thuringia,code16,
1992,1990 = 100,,Thuringia,code16,
1993,1990 = 100,,Thuringia,code16,
1994,1990 = 100,,Thuringia,code16,
1995,1990 = 100,,Thuringia,code16,
1996,1990 = 100,,Thuringia,code16,
1997,1990 = 100,,Thuringia,code16,
1998,1990 = 100,,Thuringia,code16,
1999,1990 = 100,,Thuringia,code16,
2000,1990 = 100,.,Thuringia,code16,
2001,1990 = 100,.,Thuringia,code16,
2002,1990 = 100,.,Thuringia,code16,
2003,1990 = 100,.,Thuringia,code16,
2004,1990 = 100,.,Thuringia,code16,
2005,1990 = 100,.,Thuringia,code16,
2006,1990 = 100,.,Thuringia,code16,
2007,1990 = 100,.,Thuringia,code16,
2008,1990 = 100,.,Thuringia,code16,
2009,1990 = 100,.,Thuringia,code16,
2010,1990 = 100,.,Thuringia,code16,
2011,1990 = 100,.,Thuringia,code16,
2012,1990 = 100,.,Thuringia,code16,
2013,1990 = 100,.,Thuringia,code16,
2014,1990 = 100,.,Thuringia,code16,
2015,1990 = 100,.,Thuringia,code16,
2016,1990 = 100,.,Thuringia,code16,
2017,1990 = 100,.,Thuringia,code16,
2018,1990 = 100,.,Thuringia,code16,
2019,1990 = 100,.,Thuringia,code16,
2020,1990 = 100,.,Thuringia,code16,
2021,1990 = 100,.,Thuringia,code16,
2022,1990 = 100,.,Thuringia,code16,
2023,1990 = 100,.,Thuringia,code16,
2024,1990 = 100,.,Thuringia,code16,
2030,1990 = 100,…,Thuringia,code16,
2040,1990 = 100,…,Thuringia,code16,
2045,1990 = 100,…,Thuringia,code16,
