Year,Units,Series,Value
2012,,Corruption Perception Index in Germany,79.0
2013,,Corruption Perception Index in Germany,78.0
2014,,Corruption Perception Index in Germany,79.0
2015,,Corruption Perception Index in Germany,81.0
2016,,Corruption Perception Index in Germany,81.0
2017,,Corruption Perception Index in Germany,81.0
2018,,Corruption Perception Index in Germany,80.0
2019,,Corruption Perception Index in Germany,80.0
2020,,Corruption Perception Index in Germany,80.0
2021,,Corruption Perception Index in Germany,80.0
2022,,Corruption Perception Index in Germany,79.0
2023,,Corruption Perception Index in Germany,78.0
2012,Number,Number of partner countries for German development cooperation with improved CPI scores compared with 2012,
2013,Number,Number of partner countries for German development cooperation with improved CPI scores compared with 2012,16.0
2014,Number,Number of partner countries for German development cooperation with improved CPI scores compared with 2012,30.0
2015,Number,Number of partner countries for German development cooperation with improved CPI scores compared with 2012,30.0
2016,Number,Number of partner countries for German development cooperation with improved CPI scores compared with 2012,32.0
2017,Number,Number of partner countries for German development cooperation with improved CPI scores compared with 2012,33.0
2018,Number,Number of partner countries for German development cooperation with improved CPI scores compared with 2012,32.0
2019,Number,Number of partner countries for German development cooperation with improved CPI scores compared with 2012,35.0
2020,Number,Number of partner countries for German development cooperation with improved CPI scores compared with 2012,37.0
2021,Number,Number of partner countries for German development cooperation with improved CPI scores compared with 2012,37.0
2022,Number,Number of partner countries for German development cooperation with improved CPI scores compared with 2012,31.0
2023,Number,Number of partner countries for German development cooperation with improved CPI scores compared with 2012,
