Year,Value,Units,GeoCode,COMMENT_OBS_0,COMMENT_OBS_1
1991,24.84,Prozent,,,
1992,25.009,Prozent,,,
1993,23.962,Prozent,,,
1994,24.025,Prozent,,,
1995,23.465,Prozent,,,
1996,22.933,Prozent,,,
1997,22.573,Prozent,,,
1998,22.701,Prozent,,,
1999,22.833,Prozent,,,
2000,22.883,Prozent,,r,
2001,21.543,Prozent,,r,
2002,19.887,Prozent,,r,
2003,19.264,Prozent,,r,
2004,18.831,Prozent,,r,
2005,18.764,Prozent,,,
2006,19.462,Prozent,,,
2007,19.715,Prozent,,,
2008,19.963,Prozent,,,
2009,18.838,Prozent,,,
2010,19.186,Prozent,,,
2011,20.006,Prozent,,r,
2012,19.956,Prozent,,r,
2013,19.557,Prozent,,r,
2014,19.756,Prozent,,r,
2015,19.702,Prozent,,r,
2016,19.983,Prozent,,r,
2017,20.057,Prozent,,r,
2018,20.718,Prozent,,r,
2019,21.031,Prozent,,r,
2020,21.177,Prozent,,r,
2021,21.006,Prozent,,r,
2022,21.577,Prozent,,,
2023,21.106,Prozent,,p,
2024,20.476,Prozent,,p,
2025,20.202,Prozent,,p,
