Year,Units,Sektor,Value
2023,Millionen Hektar,,55.843
2024,Millionen Hektar,,52.293
2023,Millionen Hektar,Nachhaltige bewirtschaftete Fläche,2.506
2024,Millionen Hektar,Nachhaltige bewirtschaftete Fläche,3.366
2023,Millionen Hektar,Waldfläche nachhaltige Bewirtschaftung und Wiederherstellung,12.008
2024,Millionen Hektar,Waldfläche nachhaltige Bewirtschaftung und Wiederherstellung,12.412
2023,Millionen Hektar,Terrestrische Schutzgebiete und Mangrovenwälder in marinen Schutzgebieten,41.329
2024,Millionen Hektar,Terrestrische Schutzgebiete und Mangrovenwälder in marinen Schutzgebieten,36.515
