Year,Units,Zeitreihe,Geschlecht,Bundesland,GeoCode,Value
2003,Prozent,Raucherquote von Jugendlichen,,,,22.5
2004,Prozent,Raucherquote von Jugendlichen,,,,23.5
2005,Prozent,Raucherquote von Jugendlichen,,,,20.0
2007,Prozent,Raucherquote von Jugendlichen,,,,17.7
2008,Prozent,Raucherquote von Jugendlichen,,,,15.4
2009,Prozent,Raucherquote von Jugendlichen,,,,
2010,Prozent,Raucherquote von Jugendlichen,,,,12.9
2011,Prozent,Raucherquote von Jugendlichen,,,,11.7
2012,Prozent,Raucherquote von Jugendlichen,,,,12.0
2013,Prozent,Raucherquote von Jugendlichen,,,,
2014,Prozent,Raucherquote von Jugendlichen,,,,9.7
2015,Prozent,Raucherquote von Jugendlichen,,,,9.6
2016,Prozent,Raucherquote von Jugendlichen,,,,8.3
2017,Prozent,Raucherquote von Jugendlichen,,,,
2018,Prozent,Raucherquote von Jugendlichen,,,,8.7
2019,Prozent,Raucherquote von Jugendlichen,,,,7.2
2021,Prozent,Raucherquote von Jugendlichen,,,,6.1
2006,Prozent,Raucherquote von Jugendlichen,,,,
2020,Prozent,Raucherquote von Jugendlichen,,,,
2030,Prozent,Raucherquote von Jugendlichen,,,,
2003,Prozent,Raucherquote von Jugendlichen,Weiblich,,,23.2
2004,Prozent,Raucherquote von Jugendlichen,Weiblich,,,22.7
2005,Prozent,Raucherquote von Jugendlichen,Weiblich,,,19.3
2007,Prozent,Raucherquote von Jugendlichen,Weiblich,,,17.5
2008,Prozent,Raucherquote von Jugendlichen,Weiblich,,,16.2
2009,Prozent,Raucherquote von Jugendlichen,Weiblich,,,
2010,Prozent,Raucherquote von Jugendlichen,Weiblich,,,11.5
2011,Prozent,Raucherquote von Jugendlichen,Weiblich,,,12.4
2012,Prozent,Raucherquote von Jugendlichen,Weiblich,,,12.6
2013,Prozent,Raucherquote von Jugendlichen,Weiblich,,,
2014,Prozent,Raucherquote von Jugendlichen,Weiblich,,,8.9
2015,Prozent,Raucherquote von Jugendlichen,Weiblich,,,10.0
2016,Prozent,Raucherquote von Jugendlichen,Weiblich,,,6.1
2017,Prozent,Raucherquote von Jugendlichen,Weiblich,,,
2018,Prozent,Raucherquote von Jugendlichen,Weiblich,,,8.3
2019,Prozent,Raucherquote von Jugendlichen,Weiblich,,,6.3
2021,Prozent,Raucherquote von Jugendlichen,Weiblich,,,6.8
2006,Prozent,Raucherquote von Jugendlichen,Weiblich,,,
2020,Prozent,Raucherquote von Jugendlichen,Weiblich,,,
2003,Prozent,Raucherquote von Jugendlichen,Männlich,,,21.9
2004,Prozent,Raucherquote von Jugendlichen,Männlich,,,24.2
2005,Prozent,Raucherquote von Jugendlichen,Männlich,,,20.7
2007,Prozent,Raucherquote von Jugendlichen,Männlich,,,17.8
2008,Prozent,Raucherquote von Jugendlichen,Männlich,,,14.7
2009,Prozent,Raucherquote von Jugendlichen,Männlich,,,
2010,Prozent,Raucherquote von Jugendlichen,Männlich,,,14.2
2011,Prozent,Raucherquote von Jugendlichen,Männlich,,,11.1
2012,Prozent,Raucherquote von Jugendlichen,Männlich,,,11.5
2013,Prozent,Raucherquote von Jugendlichen,Männlich,,,
2014,Prozent,Raucherquote von Jugendlichen,Männlich,,,10.5
2015,Prozent,Raucherquote von Jugendlichen,Männlich,,,9.3
2016,Prozent,Raucherquote von Jugendlichen,Männlich,,,10.5
2017,Prozent,Raucherquote von Jugendlichen,Männlich,,,
2018,Prozent,Raucherquote von Jugendlichen,Männlich,,,9.1
2019,Prozent,Raucherquote von Jugendlichen,Männlich,,,8.0
2021,Prozent,Raucherquote von Jugendlichen,Männlich,,,5.5
2006,Prozent,Raucherquote von Jugendlichen,Männlich,,,
2020,Prozent,Raucherquote von Jugendlichen,Männlich,,,
2003,Prozent,Raucherquote von Erwachsenen,,,,27.4
2004,Prozent,Raucherquote von Erwachsenen,,,,
2005,Prozent,Raucherquote von Erwachsenen,,,,27.2
2007,Prozent,Raucherquote von Erwachsenen,,,,
2008,Prozent,Raucherquote von Erwachsenen,,,,
2009,Prozent,Raucherquote von Erwachsenen,,,,25.7
2010,Prozent,Raucherquote von Erwachsenen,,,,
2011,Prozent,Raucherquote von Erwachsenen,,,,
2012,Prozent,Raucherquote von Erwachsenen,,,,
2013,Prozent,Raucherquote von Erwachsenen,,,,24.5
2014,Prozent,Raucherquote von Erwachsenen,,,,
2015,Prozent,Raucherquote von Erwachsenen,,,,
2016,Prozent,Raucherquote von Erwachsenen,,,,
2017,Prozent,Raucherquote von Erwachsenen,,,,22.4
2018,Prozent,Raucherquote von Erwachsenen,,,,
2019,Prozent,Raucherquote von Erwachsenen,,,,
2021,Prozent,Raucherquote von Erwachsenen,,,,18.9
2006,Prozent,Raucherquote von Erwachsenen,,,,
2020,Prozent,Raucherquote von Erwachsenen,,,,
2030,Prozent,Raucherquote von Erwachsenen,,,,
2003,Prozent,Raucherquote von Erwachsenen,Weiblich,,,22.1
2004,Prozent,Raucherquote von Erwachsenen,Weiblich,,,
2005,Prozent,Raucherquote von Erwachsenen,Weiblich,,,22.4
2007,Prozent,Raucherquote von Erwachsenen,Weiblich,,,
2008,Prozent,Raucherquote von Erwachsenen,Weiblich,,,
2009,Prozent,Raucherquote von Erwachsenen,Weiblich,,,21.2
2010,Prozent,Raucherquote von Erwachsenen,Weiblich,,,
2011,Prozent,Raucherquote von Erwachsenen,Weiblich,,,
2012,Prozent,Raucherquote von Erwachsenen,Weiblich,,,
2013,Prozent,Raucherquote von Erwachsenen,Weiblich,,,20.3
2014,Prozent,Raucherquote von Erwachsenen,Weiblich,,,
2015,Prozent,Raucherquote von Erwachsenen,Weiblich,,,
2016,Prozent,Raucherquote von Erwachsenen,Weiblich,,,
2017,Prozent,Raucherquote von Erwachsenen,Weiblich,,,18.6
2018,Prozent,Raucherquote von Erwachsenen,Weiblich,,,
2019,Prozent,Raucherquote von Erwachsenen,Weiblich,,,
2021,Prozent,Raucherquote von Erwachsenen,Weiblich,,,15.7
2006,Prozent,Raucherquote von Erwachsenen,Weiblich,,,
2020,Prozent,Raucherquote von Erwachsenen,Weiblich,,,
2003,Prozent,Raucherquote von Erwachsenen,Männlich,,,33.2
2004,Prozent,Raucherquote von Erwachsenen,Männlich,,,
2005,Prozent,Raucherquote von Erwachsenen,Männlich,,,32.2
2007,Prozent,Raucherquote von Erwachsenen,Männlich,,,
2008,Prozent,Raucherquote von Erwachsenen,Männlich,,,
2009,Prozent,Raucherquote von Erwachsenen,Männlich,,,30.5
2010,Prozent,Raucherquote von Erwachsenen,Männlich,,,
2011,Prozent,Raucherquote von Erwachsenen,Männlich,,,
2012,Prozent,Raucherquote von Erwachsenen,Männlich,,,
2013,Prozent,Raucherquote von Erwachsenen,Männlich,,,29.0
2014,Prozent,Raucherquote von Erwachsenen,Männlich,,,
2015,Prozent,Raucherquote von Erwachsenen,Männlich,,,
2016,Prozent,Raucherquote von Erwachsenen,Männlich,,,
2017,Prozent,Raucherquote von Erwachsenen,Männlich,,,26.4
2018,Prozent,Raucherquote von Erwachsenen,Männlich,,,
2019,Prozent,Raucherquote von Erwachsenen,Männlich,,,
2021,Prozent,Raucherquote von Erwachsenen,Männlich,,,22.3
2006,Prozent,Raucherquote von Erwachsenen,Männlich,,,
2020,Prozent,Raucherquote von Erwachsenen,Männlich,,,
2003,Prozent,Raucherquote von Erwachsenen,,Baden-Württemberg,code08,25.53
2005,Prozent,Raucherquote von Erwachsenen,,Baden-Württemberg,code08,24.5
2009,Prozent,Raucherquote von Erwachsenen,,Baden-Württemberg,code08,22.8
2013,Prozent,Raucherquote von Erwachsenen,,Baden-Württemberg,code08,22.21
2017,Prozent,Raucherquote von Erwachsenen,,Baden-Württemberg,code08,21.23
2021,Prozent,Raucherquote von Erwachsenen,,Baden-Württemberg,code08,17.4
2003,Prozent,Raucherquote von Erwachsenen,,Bayern,code09,25.12
2005,Prozent,Raucherquote von Erwachsenen,,Bayern,code09,24.2
2009,Prozent,Raucherquote von Erwachsenen,,Bayern,code09,23.5
2013,Prozent,Raucherquote von Erwachsenen,,Bayern,code09,22.15
2017,Prozent,Raucherquote von Erwachsenen,,Bayern,code09,20.51
2021,Prozent,Raucherquote von Erwachsenen,,Bayern,code09,17.0
2003,Prozent,Raucherquote von Erwachsenen,,Berlin,code11,34.12
2005,Prozent,Raucherquote von Erwachsenen,,Berlin,code11,32.7
2009,Prozent,Raucherquote von Erwachsenen,,Berlin,code11,31.3
2013,Prozent,Raucherquote von Erwachsenen,,Berlin,code11,28.85
2017,Prozent,Raucherquote von Erwachsenen,,Berlin,code11,25.47
2021,Prozent,Raucherquote von Erwachsenen,,Berlin,code11,21.1
2003,Prozent,Raucherquote von Erwachsenen,,Brandenburg,code12,30.35
2005,Prozent,Raucherquote von Erwachsenen,,Brandenburg,code12,29.0
2009,Prozent,Raucherquote von Erwachsenen,,Brandenburg,code12,28.0
2013,Prozent,Raucherquote von Erwachsenen,,Brandenburg,code12,25.77
2017,Prozent,Raucherquote von Erwachsenen,,Brandenburg,code12,24.47
2021,Prozent,Raucherquote von Erwachsenen,,Brandenburg,code12,19.4
2003,Prozent,Raucherquote von Erwachsenen,,Bremen,code04,33.85
2005,Prozent,Raucherquote von Erwachsenen,,Bremen,code04,30.8
2009,Prozent,Raucherquote von Erwachsenen,,Bremen,code04,30.5
2013,Prozent,Raucherquote von Erwachsenen,,Bremen,code04,27.77
2017,Prozent,Raucherquote von Erwachsenen,,Bremen,code04,27.39
2021,Prozent,Raucherquote von Erwachsenen,,Bremen,code04,22.6
2003,Prozent,Raucherquote von Erwachsenen,,Hamburg,code02,30.95
2005,Prozent,Raucherquote von Erwachsenen,,Hamburg,code02,29.8
2009,Prozent,Raucherquote von Erwachsenen,,Hamburg,code02,26.7
2013,Prozent,Raucherquote von Erwachsenen,,Hamburg,code02,25.64
2017,Prozent,Raucherquote von Erwachsenen,,Hamburg,code02,23.14
2021,Prozent,Raucherquote von Erwachsenen,,Hamburg,code02,19.4
2003,Prozent,Raucherquote von Erwachsenen,,Hessen,code06,27.15
2005,Prozent,Raucherquote von Erwachsenen,,Hessen,code06,25.9
2009,Prozent,Raucherquote von Erwachsenen,,Hessen,code06,24.6
2013,Prozent,Raucherquote von Erwachsenen,,Hessen,code06,23.37
2017,Prozent,Raucherquote von Erwachsenen,,Hessen,code06,21.11
2021,Prozent,Raucherquote von Erwachsenen,,Hessen,code06,19.4
2003,Prozent,Raucherquote von Erwachsenen,,Mecklenburg-Vorpommern,code13,30.61
2005,Prozent,Raucherquote von Erwachsenen,,Mecklenburg-Vorpommern,code13,33.3
2009,Prozent,Raucherquote von Erwachsenen,,Mecklenburg-Vorpommern,code13,30.4
2013,Prozent,Raucherquote von Erwachsenen,,Mecklenburg-Vorpommern,code13,28.22
2017,Prozent,Raucherquote von Erwachsenen,,Mecklenburg-Vorpommern,code13,27.66
2021,Prozent,Raucherquote von Erwachsenen,,Mecklenburg-Vorpommern,code13,23.5
2003,Prozent,Raucherquote von Erwachsenen,,Niedersachsen,code03,28.44
2005,Prozent,Raucherquote von Erwachsenen,,Niedersachsen,code03,28.1
2009,Prozent,Raucherquote von Erwachsenen,,Niedersachsen,code03,26.1
2013,Prozent,Raucherquote von Erwachsenen,,Niedersachsen,code03,24.69
2017,Prozent,Raucherquote von Erwachsenen,,Niedersachsen,code03,22.94
2021,Prozent,Raucherquote von Erwachsenen,,Niedersachsen,code03,18.8
2003,Prozent,Raucherquote von Erwachsenen,,Nordrhein-Westfalen,code05,27.63
2005,Prozent,Raucherquote von Erwachsenen,,Nordrhein-Westfalen,code05,29.0
2009,Prozent,Raucherquote von Erwachsenen,,Nordrhein-Westfalen,code05,26.9
2013,Prozent,Raucherquote von Erwachsenen,,Nordrhein-Westfalen,code05,25.92
2017,Prozent,Raucherquote von Erwachsenen,,Nordrhein-Westfalen,code05,22.64
2021,Prozent,Raucherquote von Erwachsenen,,Nordrhein-Westfalen,code05,18.7
2003,Prozent,Raucherquote von Erwachsenen,,Rheinland-Pfalz,code07,27.59
2005,Prozent,Raucherquote von Erwachsenen,,Rheinland-Pfalz,code07,26.0
2009,Prozent,Raucherquote von Erwachsenen,,Rheinland-Pfalz,code07,25.1
2013,Prozent,Raucherquote von Erwachsenen,,Rheinland-Pfalz,code07,23.86
2017,Prozent,Raucherquote von Erwachsenen,,Rheinland-Pfalz,code07,21.66
2021,Prozent,Raucherquote von Erwachsenen,,Rheinland-Pfalz,code07,18.5
2003,Prozent,Raucherquote von Erwachsenen,,Saarland,code10,25.19
2005,Prozent,Raucherquote von Erwachsenen,,Saarland,code10,26.2
2009,Prozent,Raucherquote von Erwachsenen,,Saarland,code10,25.3
2013,Prozent,Raucherquote von Erwachsenen,,Saarland,code10,23.51
2017,Prozent,Raucherquote von Erwachsenen,,Saarland,code10,20.59
2021,Prozent,Raucherquote von Erwachsenen,,Saarland,code10,18.1
2003,Prozent,Raucherquote von Erwachsenen,,Sachsen,code14,24.92
2005,Prozent,Raucherquote von Erwachsenen,,Sachsen,code14,24.4
2009,Prozent,Raucherquote von Erwachsenen,,Sachsen,code14,23.8
2013,Prozent,Raucherquote von Erwachsenen,,Sachsen,code14,22.74
2017,Prozent,Raucherquote von Erwachsenen,,Sachsen,code14,21.47
2021,Prozent,Raucherquote von Erwachsenen,,Sachsen,code14,21.1
2003,Prozent,Raucherquote von Erwachsenen,,Sachsen-Anhalt,code15,27.23
2005,Prozent,Raucherquote von Erwachsenen,,Sachsen-Anhalt,code15,27.9
2009,Prozent,Raucherquote von Erwachsenen,,Sachsen-Anhalt,code15,28.9
2013,Prozent,Raucherquote von Erwachsenen,,Sachsen-Anhalt,code15,27.85
2017,Prozent,Raucherquote von Erwachsenen,,Sachsen-Anhalt,code15,24.77
2021,Prozent,Raucherquote von Erwachsenen,,Sachsen-Anhalt,code15,22.8
2003,Prozent,Raucherquote von Erwachsenen,,Schleswig-Holstein,code01,30.31
2005,Prozent,Raucherquote von Erwachsenen,,Schleswig-Holstein,code01,29.5
2009,Prozent,Raucherquote von Erwachsenen,,Schleswig-Holstein,code01,27.0
2013,Prozent,Raucherquote von Erwachsenen,,Schleswig-Holstein,code01,25.9
2017,Prozent,Raucherquote von Erwachsenen,,Schleswig-Holstein,code01,23.5
2021,Prozent,Raucherquote von Erwachsenen,,Schleswig-Holstein,code01,19.0
2003,Prozent,Raucherquote von Erwachsenen,,Thüringen,code16,26.9
2005,Prozent,Raucherquote von Erwachsenen,,Thüringen,code16,27.2
2009,Prozent,Raucherquote von Erwachsenen,,Thüringen,code16,26.7
2013,Prozent,Raucherquote von Erwachsenen,,Thüringen,code16,26.11
2017,Prozent,Raucherquote von Erwachsenen,,Thüringen,code16,26.24
2021,Prozent,Raucherquote von Erwachsenen,,Thüringen,code16,23.5
