Year,Units,Zeitreihe,COMMENT_OBS_0,Geschlecht,Bundesland,GeoCode,Qualifizierung,Value
1999,Prozent,<u>Zeitreihe des Indikators:</u> Akademisch Qualifizierte und beruflich Höherqualifizierte,,,,,,33.351
2010,Prozent,<u>Zeitreihe des Indikators:</u> Akademisch Qualifizierte und beruflich Höherqualifizierte,r,,,,,41.37
2011,Prozent,<u>Zeitreihe des Indikators:</u> Akademisch Qualifizierte und beruflich Höherqualifizierte,r,,,,,42.263
2012,Prozent,<u>Zeitreihe des Indikators:</u> Akademisch Qualifizierte und beruflich Höherqualifizierte,r,,,,,43.464
2013,Prozent,<u>Zeitreihe des Indikators:</u> Akademisch Qualifizierte und beruflich Höherqualifizierte,r,,,,,44.518
2014,Prozent,<u>Zeitreihe des Indikators:</u> Akademisch Qualifizierte und beruflich Höherqualifizierte,,,,,,45.734
2015,Prozent,<u>Zeitreihe des Indikators:</u> Akademisch Qualifizierte und beruflich Höherqualifizierte,,,,,,46.77
2016,Prozent,<u>Zeitreihe des Indikators:</u> Akademisch Qualifizierte und beruflich Höherqualifizierte,r,,,,,47.879
2017,Prozent,<u>Zeitreihe des Indikators:</u> Akademisch Qualifizierte und beruflich Höherqualifizierte,,,,,,48.835
2018,Prozent,<u>Zeitreihe des Indikators:</u> Akademisch Qualifizierte und beruflich Höherqualifizierte,,,,,,49.833
2019,Prozent,<u>Zeitreihe des Indikators:</u> Akademisch Qualifizierte und beruflich Höherqualifizierte,,,,,,50.488
2020,Prozent,<u>Zeitreihe des Indikators:</u> Akademisch Qualifizierte und beruflich Höherqualifizierte,r,,,,,52.285
2021,Prozent,<u>Zeitreihe des Indikators:</u> Akademisch Qualifizierte und beruflich Höherqualifizierte,r,,,,,53.642
2022,Prozent,<u>Zeitreihe des Indikators:</u> Akademisch Qualifizierte und beruflich Höherqualifizierte,r,,,,,53.547
2023,Prozent,<u>Zeitreihe des Indikators:</u> Akademisch Qualifizierte und beruflich Höherqualifizierte,r,,,,,55.339
2024,Prozent,<u>Zeitreihe des Indikators:</u> Akademisch Qualifizierte und beruflich Höherqualifizierte,p,,,,,57.329
2000,Prozent,<u>Zeitreihe des Indikators:</u> Akademisch Qualifizierte und beruflich Höherqualifizierte,r,,,,,32.997
2001,Prozent,<u>Zeitreihe des Indikators:</u> Akademisch Qualifizierte und beruflich Höherqualifizierte,r,,,,,33.172
2002,Prozent,<u>Zeitreihe des Indikators:</u> Akademisch Qualifizierte und beruflich Höherqualifizierte,r,,,,,33.277
2003,Prozent,<u>Zeitreihe des Indikators:</u> Akademisch Qualifizierte und beruflich Höherqualifizierte,r,,,,,33.948
2004,Prozent,<u>Zeitreihe des Indikators:</u> Akademisch Qualifizierte und beruflich Höherqualifizierte,r,,,,,36.221
2005,Prozent,<u>Zeitreihe des Indikators:</u> Akademisch Qualifizierte und beruflich Höherqualifizierte,,,,,,36.0
2006,Prozent,<u>Zeitreihe des Indikators:</u> Akademisch Qualifizierte und beruflich Höherqualifizierte,,,,,,36.504
2007,Prozent,<u>Zeitreihe des Indikators:</u> Akademisch Qualifizierte und beruflich Höherqualifizierte,,,,,,37.638
2008,Prozent,<u>Zeitreihe des Indikators:</u> Akademisch Qualifizierte und beruflich Höherqualifizierte,r,,,,,38.866
2009,Prozent,<u>Zeitreihe des Indikators:</u> Akademisch Qualifizierte und beruflich Höherqualifizierte,,,,,,40.802
2030,Prozent,<u>Zeitreihe des Indikators:</u> Akademisch Qualifizierte und beruflich Höherqualifizierte,…,,,,,
1999,Prozent,<u>Zeitreihe des Indikators:</u> Akademisch Qualifizierte und beruflich Höherqualifizierte,,Weiblich,,,,31.358
2010,Prozent,<u>Zeitreihe des Indikators:</u> Akademisch Qualifizierte und beruflich Höherqualifizierte,r,Weiblich,,,,42.746
2011,Prozent,<u>Zeitreihe des Indikators:</u> Akademisch Qualifizierte und beruflich Höherqualifizierte,r,Weiblich,,,,44.361
2012,Prozent,<u>Zeitreihe des Indikators:</u> Akademisch Qualifizierte und beruflich Höherqualifizierte,r,Weiblich,,,,45.984
2013,Prozent,<u>Zeitreihe des Indikators:</u> Akademisch Qualifizierte und beruflich Höherqualifizierte,r,Weiblich,,,,46.843
2014,Prozent,<u>Zeitreihe des Indikators:</u> Akademisch Qualifizierte und beruflich Höherqualifizierte,,Weiblich,,,,48.374
2015,Prozent,<u>Zeitreihe des Indikators:</u> Akademisch Qualifizierte und beruflich Höherqualifizierte,r,Weiblich,,,,50.521
2016,Prozent,<u>Zeitreihe des Indikators:</u> Akademisch Qualifizierte und beruflich Höherqualifizierte,r,Weiblich,,,,51.295
2017,Prozent,<u>Zeitreihe des Indikators:</u> Akademisch Qualifizierte und beruflich Höherqualifizierte,,Weiblich,,,,52.64
2018,Prozent,<u>Zeitreihe des Indikators:</u> Akademisch Qualifizierte und beruflich Höherqualifizierte,r,Weiblich,,,,53.827
2019,Prozent,<u>Zeitreihe des Indikators:</u> Akademisch Qualifizierte und beruflich Höherqualifizierte,r,Weiblich,,,,54.411
2020,Prozent,<u>Zeitreihe des Indikators:</u> Akademisch Qualifizierte und beruflich Höherqualifizierte,r,Weiblich,,,,56.549
2021,Prozent,<u>Zeitreihe des Indikators:</u> Akademisch Qualifizierte und beruflich Höherqualifizierte,r,Weiblich,,,,57.49
2022,Prozent,<u>Zeitreihe des Indikators:</u> Akademisch Qualifizierte und beruflich Höherqualifizierte,r,Weiblich,,,,57.537
2023,Prozent,<u>Zeitreihe des Indikators:</u> Akademisch Qualifizierte und beruflich Höherqualifizierte,r,Weiblich,,,,59.403
2024,Prozent,<u>Zeitreihe des Indikators:</u> Akademisch Qualifizierte und beruflich Höherqualifizierte,p,Weiblich,,,,61.581
2000,Prozent,<u>Zeitreihe des Indikators:</u> Akademisch Qualifizierte und beruflich Höherqualifizierte,r,Weiblich,,,,30.88
2001,Prozent,<u>Zeitreihe des Indikators:</u> Akademisch Qualifizierte und beruflich Höherqualifizierte,r,Weiblich,,,,31.088
2002,Prozent,<u>Zeitreihe des Indikators:</u> Akademisch Qualifizierte und beruflich Höherqualifizierte,r,Weiblich,,,,31.291
2003,Prozent,<u>Zeitreihe des Indikators:</u> Akademisch Qualifizierte und beruflich Höherqualifizierte,,Weiblich,,,,32.233
2004,Prozent,<u>Zeitreihe des Indikators:</u> Akademisch Qualifizierte und beruflich Höherqualifizierte,,Weiblich,,,,34.654
2005,Prozent,<u>Zeitreihe des Indikators:</u> Akademisch Qualifizierte und beruflich Höherqualifizierte,,Weiblich,,,,34.992
2006,Prozent,<u>Zeitreihe des Indikators:</u> Akademisch Qualifizierte und beruflich Höherqualifizierte,,Weiblich,,,,36.482
2007,Prozent,<u>Zeitreihe des Indikators:</u> Akademisch Qualifizierte und beruflich Höherqualifizierte,,Weiblich,,,,38.032
2008,Prozent,<u>Zeitreihe des Indikators:</u> Akademisch Qualifizierte und beruflich Höherqualifizierte,,Weiblich,,,,39.689
2009,Prozent,<u>Zeitreihe des Indikators:</u> Akademisch Qualifizierte und beruflich Höherqualifizierte,,Weiblich,,,,42.199
1999,Prozent,<u>Zeitreihe des Indikators:</u> Akademisch Qualifizierte und beruflich Höherqualifizierte,,Männlich,,,,35.172
2010,Prozent,<u>Zeitreihe des Indikators:</u> Akademisch Qualifizierte und beruflich Höherqualifizierte,,Männlich,,,,40.016
2011,Prozent,<u>Zeitreihe des Indikators:</u> Akademisch Qualifizierte und beruflich Höherqualifizierte,r,Männlich,,,,40.109
2012,Prozent,<u>Zeitreihe des Indikators:</u> Akademisch Qualifizierte und beruflich Höherqualifizierte,r,Männlich,,,,40.903
2013,Prozent,<u>Zeitreihe des Indikators:</u> Akademisch Qualifizierte und beruflich Höherqualifizierte,,Männlich,,,,42.229
2014,Prozent,<u>Zeitreihe des Indikators:</u> Akademisch Qualifizierte und beruflich Höherqualifizierte,r,Männlich,,,,42.906
2015,Prozent,<u>Zeitreihe des Indikators:</u> Akademisch Qualifizierte und beruflich Höherqualifizierte,,Männlich,,,,43.109
2016,Prozent,<u>Zeitreihe des Indikators:</u> Akademisch Qualifizierte und beruflich Höherqualifizierte,r,Männlich,,,,44.574
2017,Prozent,<u>Zeitreihe des Indikators:</u> Akademisch Qualifizierte und beruflich Höherqualifizierte,,Männlich,,,,45.188
2018,Prozent,<u>Zeitreihe des Indikators:</u> Akademisch Qualifizierte und beruflich Höherqualifizierte,,Männlich,,,,46.02
2019,Prozent,<u>Zeitreihe des Indikators:</u> Akademisch Qualifizierte und beruflich Höherqualifizierte,,Männlich,,,,46.764
2020,Prozent,<u>Zeitreihe des Indikators:</u> Akademisch Qualifizierte und beruflich Höherqualifizierte,r,Männlich,,,,48.219
2021,Prozent,<u>Zeitreihe des Indikators:</u> Akademisch Qualifizierte und beruflich Höherqualifizierte,r,Männlich,,,,50.008
2022,Prozent,<u>Zeitreihe des Indikators:</u> Akademisch Qualifizierte und beruflich Höherqualifizierte,r,Männlich,,,,49.754
2023,Prozent,<u>Zeitreihe des Indikators:</u> Akademisch Qualifizierte und beruflich Höherqualifizierte,r,Männlich,,,,51.478
2024,Prozent,<u>Zeitreihe des Indikators:</u> Akademisch Qualifizierte und beruflich Höherqualifizierte,p,Männlich,,,,53.318
2000,Prozent,<u>Zeitreihe des Indikators:</u> Akademisch Qualifizierte und beruflich Höherqualifizierte,,Männlich,,,,35.042
2001,Prozent,<u>Zeitreihe des Indikators:</u> Akademisch Qualifizierte und beruflich Höherqualifizierte,r,Männlich,,,,35.23
2002,Prozent,<u>Zeitreihe des Indikators:</u> Akademisch Qualifizierte und beruflich Höherqualifizierte,r,Männlich,,,,35.233
2003,Prozent,<u>Zeitreihe des Indikators:</u> Akademisch Qualifizierte und beruflich Höherqualifizierte,r,Männlich,,,,35.467
2004,Prozent,<u>Zeitreihe des Indikators:</u> Akademisch Qualifizierte und beruflich Höherqualifizierte,r,Männlich,,,,37.722
2005,Prozent,<u>Zeitreihe des Indikators:</u> Akademisch Qualifizierte und beruflich Höherqualifizierte,,Männlich,,,,36.975
2006,Prozent,<u>Zeitreihe des Indikators:</u> Akademisch Qualifizierte und beruflich Höherqualifizierte,,Männlich,,,,36.526
2007,Prozent,<u>Zeitreihe des Indikators:</u> Akademisch Qualifizierte und beruflich Höherqualifizierte,,Männlich,,,,37.256
2008,Prozent,<u>Zeitreihe des Indikators:</u> Akademisch Qualifizierte und beruflich Höherqualifizierte,r,Männlich,,,,37.854
2009,Prozent,<u>Zeitreihe des Indikators:</u> Akademisch Qualifizierte und beruflich Höherqualifizierte,,Männlich,,,,39.223
2010,Prozent,,,,Baden-Württemberg,code08,,42.299
2011,Prozent,,,,Baden-Württemberg,code08,,43.361
2012,Prozent,,,,Baden-Württemberg,code08,,44.959
2013,Prozent,,,,Baden-Württemberg,code08,,47.307
2014,Prozent,,,,Baden-Württemberg,code08,,47.361
2015,Prozent,,,,Baden-Württemberg,code08,,48.419
2016,Prozent,,,,Baden-Württemberg,code08,,50.273
2017,Prozent,,,,Baden-Württemberg,code08,,50.692
2018,Prozent,,,,Baden-Württemberg,code08,,51.4
2019,Prozent,,,,Baden-Württemberg,code08,,53.9169
2020,Prozent,,,,Baden-Württemberg,code08,,53.97
2021,Prozent,,r,,Baden-Württemberg,code08,,55.017
2022,Prozent,,r,,Baden-Württemberg,code08,,55.549
2023,Prozent,,r,,Baden-Württemberg,code08,,56.756
2024,Prozent,,p,,Baden-Württemberg,code08,,58.929
2005,Prozent,,,,Baden-Württemberg,code08,,36.883
2006,Prozent,,,,Baden-Württemberg,code08,,36.866
2007,Prozent,,,,Baden-Württemberg,code08,,37.613
2008,Prozent,,,,Baden-Württemberg,code08,,37.838
2009,Prozent,,,,Baden-Württemberg,code08,,41.901
2010,Prozent,,,Weiblich,Baden-Württemberg,code08,,40.739
2011,Prozent,,,Weiblich,Baden-Württemberg,code08,,41.862
2012,Prozent,,,Weiblich,Baden-Württemberg,code08,,44.466
2013,Prozent,,,Weiblich,Baden-Württemberg,code08,,46.18
2014,Prozent,,,Weiblich,Baden-Württemberg,code08,,48.068
2015,Prozent,,,Weiblich,Baden-Württemberg,code08,,49.643
2016,Prozent,,,Weiblich,Baden-Württemberg,code08,,50.954
2017,Prozent,,,Weiblich,Baden-Württemberg,code08,,51.52
2018,Prozent,,,Weiblich,Baden-Württemberg,code08,,52.285
2019,Prozent,,,Weiblich,Baden-Württemberg,code08,,56.606
2020,Prozent,,,Weiblich,Baden-Württemberg,code08,,56.993
2021,Prozent,,r,Weiblich,Baden-Württemberg,code08,,58.225
2022,Prozent,,r,Weiblich,Baden-Württemberg,code08,,58.443
2023,Prozent,,r,Weiblich,Baden-Württemberg,code08,,59.651
2024,Prozent,,p,Weiblich,Baden-Württemberg,code08,,63.465
2005,Prozent,,,Weiblich,Baden-Württemberg,code08,,33.109
2006,Prozent,,,Weiblich,Baden-Württemberg,code08,,34.227
2007,Prozent,,,Weiblich,Baden-Württemberg,code08,,35.715
2008,Prozent,,,Weiblich,Baden-Württemberg,code08,,36.015
2009,Prozent,,,Weiblich,Baden-Württemberg,code08,,41.037
2010,Prozent,,,Männlich,Baden-Württemberg,code08,,43.877
2011,Prozent,,,Männlich,Baden-Württemberg,code08,,44.857
2012,Prozent,,,Männlich,Baden-Württemberg,code08,,45.448
2013,Prozent,,,Männlich,Baden-Württemberg,code08,,48.428
2014,Prozent,,,Männlich,Baden-Württemberg,code08,,46.675
2015,Prozent,,,Männlich,Baden-Württemberg,code08,,47.242
2016,Prozent,,,Männlich,Baden-Württemberg,code08,,49.63
2017,Prozent,,,Männlich,Baden-Württemberg,code08,,49.897
2018,Prozent,,,Männlich,Baden-Württemberg,code08,,50.578
2019,Prozent,,,Männlich,Baden-Württemberg,code08,,51.451
2020,Prozent,,,Männlich,Baden-Württemberg,code08,,51.226
2021,Prozent,,r,Männlich,Baden-Württemberg,code08,,52.09
2022,Prozent,,r,Männlich,Baden-Württemberg,code08,,52.87
2023,Prozent,,r,Männlich,Baden-Württemberg,code08,,54.053
2024,Prozent,,p,Männlich,Baden-Württemberg,code08,,54.726
2005,Prozent,,,Männlich,Baden-Württemberg,code08,,40.459
2006,Prozent,,,Männlich,Baden-Württemberg,code08,,39.43
2007,Prozent,,,Männlich,Baden-Württemberg,code08,,39.492
2008,Prozent,,,Männlich,Baden-Württemberg,code08,,39.693
2009,Prozent,,,Männlich,Baden-Württemberg,code08,,42.792
2010,Prozent,,,,Bayern,code09,,40.447
2011,Prozent,,,,Bayern,code09,,41.17
2012,Prozent,,,,Bayern,code09,,43.675
2013,Prozent,,,,Bayern,code09,,45.351
2014,Prozent,,,,Bayern,code09,,45.92
2015,Prozent,,,,Bayern,code09,,45.734
2016,Prozent,,,,Bayern,code09,,48.157
2017,Prozent,,,,Bayern,code09,,48.756
2018,Prozent,,,,Bayern,code09,,50.026
2019,Prozent,,,,Bayern,code09,,49.549
2020,Prozent,,,,Bayern,code09,,51.069
2021,Prozent,,r,,Bayern,code09,,54.196
2022,Prozent,,r,,Bayern,code09,,52.816
2023,Prozent,,r,,Bayern,code09,,55.954
2024,Prozent,,p,,Bayern,code09,,56.567
2005,Prozent,,,,Bayern,code09,,35.156
2006,Prozent,,,,Bayern,code09,,34.685
2007,Prozent,,,,Bayern,code09,,35.842
2008,Prozent,,,,Bayern,code09,,37.649
2009,Prozent,,,,Bayern,code09,,39.629
2010,Prozent,,,Weiblich,Bayern,code09,,40.241
2011,Prozent,,,Weiblich,Bayern,code09,,41.647
2012,Prozent,,,Weiblich,Bayern,code09,,44.915
2013,Prozent,,,Weiblich,Bayern,code09,,45.38
2014,Prozent,,,Weiblich,Bayern,code09,,46.216
2015,Prozent,,,Weiblich,Bayern,code09,,47.467
2016,Prozent,,,Weiblich,Bayern,code09,,49.654
2017,Prozent,,,Weiblich,Bayern,code09,,50.77
2018,Prozent,,,Weiblich,Bayern,code09,,52.176
2019,Prozent,,,Weiblich,Bayern,code09,,50.821
2020,Prozent,,,Weiblich,Bayern,code09,,52.607
2021,Prozent,,r,Weiblich,Bayern,code09,,56.158
2022,Prozent,,r,Weiblich,Bayern,code09,,55.125
2023,Prozent,,r,Weiblich,Bayern,code09,,57.496
2024,Prozent,,p,Weiblich,Bayern,code09,,59.218
2005,Prozent,,,Weiblich,Bayern,code09,,32.879
2006,Prozent,,,Weiblich,Bayern,code09,,33.134
2007,Prozent,,,Weiblich,Bayern,code09,,34.766
2008,Prozent,,,Weiblich,Bayern,code09,,36.965
2009,Prozent,,,Weiblich,Bayern,code09,,38.73
2010,Prozent,,,Männlich,Bayern,code09,,40.647
2011,Prozent,,,Männlich,Bayern,code09,,40.713
2012,Prozent,,,Männlich,Bayern,code09,,42.423
2013,Prozent,,,Männlich,Bayern,code09,,45.316
2014,Prozent,,,Männlich,Bayern,code09,,45.613
2015,Prozent,,,Männlich,Bayern,code09,,43.997
2016,Prozent,,,Männlich,Bayern,code09,,46.71
2017,Prozent,,,Männlich,Bayern,code09,,46.883
2018,Prozent,,,Männlich,Bayern,code09,,48.055
2019,Prozent,,,Männlich,Bayern,code09,,48.337
2020,Prozent,,,Männlich,Bayern,code09,,49.638
2021,Prozent,,r,Männlich,Bayern,code09,,52.397
2022,Prozent,,r,Männlich,Bayern,code09,,50.62
2023,Prozent,,r,Männlich,Bayern,code09,,53.804
2024,Prozent,,p,Männlich,Bayern,code09,,54.059
2005,Prozent,,,Männlich,Bayern,code09,,37.378
2006,Prozent,,,Männlich,Bayern,code09,,36.245
2007,Prozent,,,Männlich,Bayern,code09,,36.866
2008,Prozent,,,Männlich,Bayern,code09,,38.335
2009,Prozent,,,Männlich,Bayern,code09,,40.486
2010,Prozent,,,,Berlin,code11,,50.741
2011,Prozent,,,,Berlin,code11,,51.867
2012,Prozent,,,,Berlin,code11,,53.682
2013,Prozent,,,,Berlin,code11,,53.226
2014,Prozent,,,,Berlin,code11,,53.955
2015,Prozent,,,,Berlin,code11,,56.682
2016,Prozent,,,,Berlin,code11,,59.736
2017,Prozent,,,,Berlin,code11,,60.9
2018,Prozent,,,,Berlin,code11,,62.662
2019,Prozent,,,,Berlin,code11,,64.799
2020,Prozent,,,,Berlin,code11,,65.78
2021,Prozent,,r,,Berlin,code11,,68.678
2022,Prozent,,r,,Berlin,code11,,70.217
2023,Prozent,,r,,Berlin,code11,,68.961
2024,Prozent,,p,,Berlin,code11,,70.358
2005,Prozent,,,,Berlin,code11,,46.171
2006,Prozent,,,,Berlin,code11,,46.613
2007,Prozent,,,,Berlin,code11,,49.178
2008,Prozent,,,,Berlin,code11,,47.189
2009,Prozent,,,,Berlin,code11,,50.363
2010,Prozent,,,Weiblich,Berlin,code11,,55.98
2011,Prozent,,,Weiblich,Berlin,code11,,59.315
2012,Prozent,,,Weiblich,Berlin,code11,,60.203
2013,Prozent,,,Weiblich,Berlin,code11,,59.132
2014,Prozent,,,Weiblich,Berlin,code11,,59.84
2015,Prozent,,,Weiblich,Berlin,code11,,63.74
2016,Prozent,,,Weiblich,Berlin,code11,,63.663
2017,Prozent,,,Weiblich,Berlin,code11,,66.054
2018,Prozent,,,Weiblich,Berlin,code11,,66.992
2019,Prozent,,,Weiblich,Berlin,code11,,69.184
2020,Prozent,,,Weiblich,Berlin,code11,,70.086
2021,Prozent,,r,Weiblich,Berlin,code11,,71.79
2022,Prozent,,r,Weiblich,Berlin,code11,,73.738
2023,Prozent,,r,Weiblich,Berlin,code11,,72.425
2024,Prozent,,p,Weiblich,Berlin,code11,,72.506
2005,Prozent,,,Weiblich,Berlin,code11,,47.091
2006,Prozent,,,Weiblich,Berlin,code11,,50.091
2007,Prozent,,,Weiblich,Berlin,code11,,53.045
2008,Prozent,,,Weiblich,Berlin,code11,,49.991
2009,Prozent,,,Weiblich,Berlin,code11,,56.248
2010,Prozent,,,Männlich,Berlin,code11,,45.795
2011,Prozent,,,Männlich,Berlin,code11,,44.749
2012,Prozent,,,Männlich,Berlin,code11,,47.454
2013,Prozent,,,Männlich,Berlin,code11,,47.616
2014,Prozent,,,Männlich,Berlin,code11,,48.408
2015,Prozent,,,Männlich,Berlin,code11,,49.661
2016,Prozent,,,Männlich,Berlin,code11,,55.666
2017,Prozent,,,Männlich,Berlin,code11,,55.683
2018,Prozent,,,Männlich,Berlin,code11,,58.273
2019,Prozent,,,Männlich,Berlin,code11,,60.317
2020,Prozent,,,Männlich,Berlin,code11,,61.697
2021,Prozent,,r,Männlich,Berlin,code11,,65.508
2022,Prozent,,r,Männlich,Berlin,code11,,66.813
2023,Prozent,,r,Männlich,Berlin,code11,,65.565
2024,Prozent,,p,Männlich,Berlin,code11,,68.328
2005,Prozent,,,Männlich,Berlin,code11,,45.299
2006,Prozent,,,Männlich,Berlin,code11,,43.233
2007,Prozent,,,Männlich,Berlin,code11,,45.499
2008,Prozent,,,Männlich,Berlin,code11,,44.604
2009,Prozent,,,Männlich,Berlin,code11,,44.408
2010,Prozent,,,,Brandenburg,code12,,41.438
2011,Prozent,,,,Brandenburg,code12,,44.497
2012,Prozent,,,,Brandenburg,code12,,42.083
2013,Prozent,,,,Brandenburg,code12,,42.574
2014,Prozent,,,,Brandenburg,code12,,44.166
2015,Prozent,,,,Brandenburg,code12,,43.305
2016,Prozent,,,,Brandenburg,code12,,45.406
2017,Prozent,,,,Brandenburg,code12,,42.417
2018,Prozent,,,,Brandenburg,code12,,45.28
2019,Prozent,,,,Brandenburg,code12,,44.441
2020,Prozent,,,,Brandenburg,code12,,49.207
2021,Prozent,,r,,Brandenburg,code12,,54.541
2022,Prozent,,r,,Brandenburg,code12,,53.28
2023,Prozent,,r,,Brandenburg,code12,,53.611
2024,Prozent,,p,,Brandenburg,code12,,57.274
2005,Prozent,,,,Brandenburg,code12,,32.105
2006,Prozent,,,,Brandenburg,code12,,33.245
2007,Prozent,,,,Brandenburg,code12,,34.748
2008,Prozent,,,,Brandenburg,code12,,38.584
2009,Prozent,,,,Brandenburg,code12,,41.176
2010,Prozent,,,Weiblich,Brandenburg,code12,,50.174
2011,Prozent,,,Weiblich,Brandenburg,code12,,53.618
2012,Prozent,,,Weiblich,Brandenburg,code12,,51.561
2013,Prozent,,,Weiblich,Brandenburg,code12,,48.956
2014,Prozent,,,Weiblich,Brandenburg,code12,,50.463
2015,Prozent,,,Weiblich,Brandenburg,code12,,53.347
2016,Prozent,,,Weiblich,Brandenburg,code12,,54.237
2017,Prozent,,,Weiblich,Brandenburg,code12,,48.388
2018,Prozent,,,Weiblich,Brandenburg,code12,,53.536
2019,Prozent,,,Weiblich,Brandenburg,code12,,52.09
2020,Prozent,,,Weiblich,Brandenburg,code12,,54.649
2021,Prozent,,r,Weiblich,Brandenburg,code12,,60.2
2022,Prozent,,r,Weiblich,Brandenburg,code12,,61.119
2023,Prozent,,r,Weiblich,Brandenburg,code12,,60.649
2024,Prozent,,p,Weiblich,Brandenburg,code12,,59.686
2005,Prozent,,,Weiblich,Brandenburg,code12,,36.872
2006,Prozent,,,Weiblich,Brandenburg,code12,,39.533
2007,Prozent,,,Weiblich,Brandenburg,code12,,42.239
2008,Prozent,,,Weiblich,Brandenburg,code12,,47.104
2009,Prozent,,,Weiblich,Brandenburg,code12,,47.875
2010,Prozent,,,Männlich,Brandenburg,code12,,33.499
2011,Prozent,,,Männlich,Brandenburg,code12,,35.83
2012,Prozent,,,Männlich,Brandenburg,code12,,33.854
2013,Prozent,,,Männlich,Brandenburg,code12,,36.482
2014,Prozent,,,Männlich,Brandenburg,code12,,37.614
2015,Prozent,,,Männlich,Brandenburg,code12,,34.099
2016,Prozent,,,Männlich,Brandenburg,code12,,36.92
2017,Prozent,,,Männlich,Brandenburg,code12,,36.774
2018,Prozent,,,Männlich,Brandenburg,code12,,36.845
2019,Prozent,,,Männlich,Brandenburg,code12,,36.719
2020,Prozent,,,Männlich,Brandenburg,code12,,43.576
2021,Prozent,,r,Männlich,Brandenburg,code12,,48.798
2022,Prozent,,r,Männlich,Brandenburg,code12,,45.629
2023,Prozent,,r,Männlich,Brandenburg,code12,,46.913
2024,Prozent,,p,Männlich,Brandenburg,code12,,54.882
2005,Prozent,,,Männlich,Brandenburg,code12,,27.534
2006,Prozent,,,Männlich,Brandenburg,code12,,27.45
2007,Prozent,,,Männlich,Brandenburg,code12,,27.288
2008,Prozent,,,Männlich,Brandenburg,code12,,30.42
2009,Prozent,,,Männlich,Brandenburg,code12,,35.274
2010,Prozent,,,,Bremen,code04,,42.091
2011,Prozent,,,,Bremen,code04,,43.164
2012,Prozent,,,,Bremen,code04,,42.426
2013,Prozent,,,,Bremen,code04,,44.794
2014,Prozent,,,,Bremen,code04,,53.636
2015,Prozent,,,,Bremen,code04,,51.149
2016,Prozent,,,,Bremen,code04,,47.308
2017,Prozent,,,,Bremen,code04,,52.051
2018,Prozent,,,,Bremen,code04,,52.305
2019,Prozent,,,,Bremen,code04,,49.131
2020,Prozent,,,,Bremen,code04,,50.924
2021,Prozent,,r,,Bremen,code04,,55.517
2022,Prozent,,r,,Bremen,code04,,50.925
2023,Prozent,,r,,Bremen,code04,,47.703
2024,Prozent,,p,,Bremen,code04,,50.471
2005,Prozent,,,,Bremen,code04,,33.792
2006,Prozent,,,,Bremen,code04,,36.816
2007,Prozent,,,,Bremen,code04,,38.2
2008,Prozent,,,,Bremen,code04,,39.539
2009,Prozent,,,,Bremen,code04,,32.736
2010,Prozent,,,Weiblich,Bremen,code04,,37.891
2011,Prozent,,,Weiblich,Bremen,code04,,47.784
2012,Prozent,,,Weiblich,Bremen,code04,,46.71
2013,Prozent,,,Weiblich,Bremen,code04,,48.958
2014,Prozent,,,Weiblich,Bremen,code04,,57.459
2015,Prozent,,,Weiblich,Bremen,code04,,55.515
2016,Prozent,,,Weiblich,Bremen,code04,,50.78
2017,Prozent,,,Weiblich,Bremen,code04,,56.96
2018,Prozent,,,Weiblich,Bremen,code04,,56.809
2019,Prozent,,,Weiblich,Bremen,code04,,56.672
2020,Prozent,,,Weiblich,Bremen,code04,,58.881
2021,Prozent,,r,Weiblich,Bremen,code04,,62.569
2022,Prozent,,r,Weiblich,Bremen,code04,,54.762
2023,Prozent,,r,Weiblich,Bremen,code04,,49.396
2024,Prozent,,p,Weiblich,Bremen,code04,,51.469
2005,Prozent,,,Weiblich,Bremen,code04,,35.318
2006,Prozent,,,Weiblich,Bremen,code04,,40.104
2007,Prozent,,,Weiblich,Bremen,code04,,40.341
2008,Prozent,,,Weiblich,Bremen,code04,,40.847
2009,Prozent,,,Weiblich,Bremen,code04,,36.118
2010,Prozent,,,Männlich,Bremen,code04,,46.66
2011,Prozent,,,Männlich,Bremen,code04,,37.811
2012,Prozent,,,Männlich,Bremen,code04,,38.639
2013,Prozent,,,Männlich,Bremen,code04,,41.539
2014,Prozent,,,Männlich,Bremen,code04,,50.08
2015,Prozent,,,Männlich,Bremen,code04,,47.205
2016,Prozent,,,Männlich,Bremen,code04,,43.493
2017,Prozent,,,Männlich,Bremen,code04,,47.337
2018,Prozent,,,Männlich,Bremen,code04,,47.898
2019,Prozent,,,Männlich,Bremen,code04,,42.249
2020,Prozent,,,Männlich,Bremen,code04,,43.555
2021,Prozent,,r,Männlich,Bremen,code04,,49.432
2022,Prozent,,r,Männlich,Bremen,code04,,47.42
2023,Prozent,,r,Männlich,Bremen,code04,,45.963
2024,Prozent,,p,Männlich,Bremen,code04,,49.445
2005,Prozent,,,Männlich,Bremen,code04,,32.333
2006,Prozent,,,Männlich,Bremen,code04,,33.914
2007,Prozent,,,Männlich,Bremen,code04,,36.337
2008,Prozent,,,Männlich,Bremen,code04,,38.208
2009,Prozent,,,Männlich,Bremen,code04,,28.794
2010,Prozent,,,,Hamburg,code02,,52.734
2011,Prozent,,,,Hamburg,code02,,55.412
2012,Prozent,,,,Hamburg,code02,,54.853
2013,Prozent,,,,Hamburg,code02,,55.762
2014,Prozent,,,,Hamburg,code02,,58.677
2015,Prozent,,,,Hamburg,code02,,60.619
2016,Prozent,,,,Hamburg,code02,,60.562
2017,Prozent,,,,Hamburg,code02,,58.394
2018,Prozent,,,,Hamburg,code02,,62.482
2019,Prozent,,,,Hamburg,code02,,60.122
2020,Prozent,,,,Hamburg,code02,,60.132
2021,Prozent,,r,,Hamburg,code02,,66.131
2022,Prozent,,r,,Hamburg,code02,,59.453
2023,Prozent,,r,,Hamburg,code02,,62.225
2024,Prozent,,p,,Hamburg,code02,,64.537
2005,Prozent,,,,Hamburg,code02,,45.79
2006,Prozent,,,,Hamburg,code02,,48.73
2007,Prozent,,,,Hamburg,code02,,49.433
2008,Prozent,,,,Hamburg,code02,,50.213
2009,Prozent,,,,Hamburg,code02,,53.446
2010,Prozent,,,Weiblich,Hamburg,code02,,54.07
2011,Prozent,,,Weiblich,Hamburg,code02,,57.241
2012,Prozent,,,Weiblich,Hamburg,code02,,57.883
2013,Prozent,,,Weiblich,Hamburg,code02,,60.428
2014,Prozent,,,Weiblich,Hamburg,code02,,61.667
2015,Prozent,,,Weiblich,Hamburg,code02,,62.6
2016,Prozent,,,Weiblich,Hamburg,code02,,62.807
2017,Prozent,,,Weiblich,Hamburg,code02,,63.006
2018,Prozent,,,Weiblich,Hamburg,code02,,64.878
2019,Prozent,,,Weiblich,Hamburg,code02,,61.176
2020,Prozent,,,Weiblich,Hamburg,code02,,63.751
2021,Prozent,,r,Weiblich,Hamburg,code02,,70.736
2022,Prozent,,r,Weiblich,Hamburg,code02,,63.447
2023,Prozent,,r,Weiblich,Hamburg,code02,,67.35
2024,Prozent,,p,Weiblich,Hamburg,code02,,68.011
2005,Prozent,,,Weiblich,Hamburg,code02,,47.503
2006,Prozent,,,Weiblich,Hamburg,code02,,48.986
2007,Prozent,,,Weiblich,Hamburg,code02,,53.833
2008,Prozent,,,Weiblich,Hamburg,code02,,53.129
2009,Prozent,,,Weiblich,Hamburg,code02,,54.502
2010,Prozent,,,Männlich,Hamburg,code02,,51.466
2011,Prozent,,,Männlich,Hamburg,code02,,53.572
2012,Prozent,,,Männlich,Hamburg,code02,,51.135
2013,Prozent,,,Männlich,Hamburg,code02,,51.061
2014,Prozent,,,Männlich,Hamburg,code02,,55.467
2015,Prozent,,,Männlich,Hamburg,code02,,58.535
2016,Prozent,,,Männlich,Hamburg,code02,,58.411
2017,Prozent,,,Männlich,Hamburg,code02,,53.722
2018,Prozent,,,Männlich,Hamburg,code02,,60.036
2019,Prozent,,,Männlich,Hamburg,code02,,59.103
2020,Prozent,,,Männlich,Hamburg,code02,,56.579
2021,Prozent,,r,Männlich,Hamburg,code02,,61.492
2022,Prozent,,r,Männlich,Hamburg,code02,,55.578
2023,Prozent,,r,Männlich,Hamburg,code02,,57.303
2024,Prozent,,p,Männlich,Hamburg,code02,,61.319
2005,Prozent,,,Männlich,Hamburg,code02,,44.232
2006,Prozent,,,Männlich,Hamburg,code02,,48.471
2007,Prozent,,,Männlich,Hamburg,code02,,45.16
2008,Prozent,,,Männlich,Hamburg,code02,,47.317
2009,Prozent,,,Männlich,Hamburg,code02,,52.467
2010,Prozent,,,,Hessen,code06,,45.525
2011,Prozent,,,,Hessen,code06,,46.133
2012,Prozent,,,,Hessen,code06,,47.165
2013,Prozent,,,,Hessen,code06,,47.583
2014,Prozent,,,,Hessen,code06,,46.33
2015,Prozent,,,,Hessen,code06,,49.382
2016,Prozent,,,,Hessen,code06,,50.495
2017,Prozent,,,,Hessen,code06,,54.079
2018,Prozent,,,,Hessen,code06,,52.443
2019,Prozent,,,,Hessen,code06,,52.727
2020,Prozent,,,,Hessen,code06,,52.672
2021,Prozent,,r,,Hessen,code06,,52.3
2022,Prozent,,r,,Hessen,code06,,52.176
2023,Prozent,,r,,Hessen,code06,,55.086
2024,Prozent,,p,,Hessen,code06,,57.864
2005,Prozent,,,,Hessen,code06,,40.651
2006,Prozent,,,,Hessen,code06,,40.198
2007,Prozent,,,,Hessen,code06,,40.867
2008,Prozent,,,,Hessen,code06,,40.319
2009,Prozent,,,,Hessen,code06,,43.154
2010,Prozent,,,Weiblich,Hessen,code06,,46.354
2011,Prozent,,,Weiblich,Hessen,code06,,46.657
2012,Prozent,,,Weiblich,Hessen,code06,,47.982
2013,Prozent,,,Weiblich,Hessen,code06,,48.974
2014,Prozent,,,Weiblich,Hessen,code06,,47.9
2015,Prozent,,,Weiblich,Hessen,code06,,52.149
2016,Prozent,,,Weiblich,Hessen,code06,,53.07
2017,Prozent,,,Weiblich,Hessen,code06,,58.514
2018,Prozent,,,Weiblich,Hessen,code06,,56.996
2019,Prozent,,,Weiblich,Hessen,code06,,57.354
2020,Prozent,,,Weiblich,Hessen,code06,,54.372
2021,Prozent,,r,Weiblich,Hessen,code06,,55.358
2022,Prozent,,r,Weiblich,Hessen,code06,,55.014
2023,Prozent,,r,Weiblich,Hessen,code06,,59.349
2024,Prozent,,p,Weiblich,Hessen,code06,,62.887
2005,Prozent,,,Weiblich,Hessen,code06,,38.717
2006,Prozent,,,Weiblich,Hessen,code06,,38.815
2007,Prozent,,,Weiblich,Hessen,code06,,39.798
2008,Prozent,,,Weiblich,Hessen,code06,,40.673
2009,Prozent,,,Weiblich,Hessen,code06,,44.189
2010,Prozent,,,Männlich,Hessen,code06,,44.658
2011,Prozent,,,Männlich,Hessen,code06,,45.578
2012,Prozent,,,Männlich,Hessen,code06,,46.331
2013,Prozent,,,Männlich,Hessen,code06,,46.136
2014,Prozent,,,Männlich,Hessen,code06,,44.808
2015,Prozent,,,Männlich,Hessen,code06,,46.628
2016,Prozent,,,Männlich,Hessen,code06,,47.837
2017,Prozent,,,Männlich,Hessen,code06,,49.627
2018,Prozent,,,Männlich,Hessen,code06,,48.008
2019,Prozent,,,Männlich,Hessen,code06,,48.341
2020,Prozent,,,Männlich,Hessen,code06,,51.008
2021,Prozent,,r,Männlich,Hessen,code06,,49.387
2022,Prozent,,r,Männlich,Hessen,code06,,49.441
2023,Prozent,,r,Männlich,Hessen,code06,,51.027
2024,Prozent,,p,Männlich,Hessen,code06,,53.028
2005,Prozent,,,Männlich,Hessen,code06,,42.617
2006,Prozent,,,Männlich,Hessen,code06,,41.635
2007,Prozent,,,Männlich,Hessen,code06,,41.942
2008,Prozent,,,Männlich,Hessen,code06,,39.945
2009,Prozent,,,Männlich,Hessen,code06,,42.08
2010,Prozent,,,,Mecklenburg-Vorpommern,code13,,33.193
2011,Prozent,,,,Mecklenburg-Vorpommern,code13,,32.109
2012,Prozent,,,,Mecklenburg-Vorpommern,code13,,30.765
2013,Prozent,,,,Mecklenburg-Vorpommern,code13,,33.239
2014,Prozent,,,,Mecklenburg-Vorpommern,code13,,35.472
2015,Prozent,,,,Mecklenburg-Vorpommern,code13,,34.907
2016,Prozent,,,,Mecklenburg-Vorpommern,code13,,32.791
2017,Prozent,,,,Mecklenburg-Vorpommern,code13,,32.713
2018,Prozent,,,,Mecklenburg-Vorpommern,code13,,37.94
2019,Prozent,,,,Mecklenburg-Vorpommern,code13,,38.662
2020,Prozent,,,,Mecklenburg-Vorpommern,code13,,38.949
2021,Prozent,,r,,Mecklenburg-Vorpommern,code13,,43.363
2022,Prozent,,r,,Mecklenburg-Vorpommern,code13,,42.446
2023,Prozent,,r,,Mecklenburg-Vorpommern,code13,,44.221
2024,Prozent,,p,,Mecklenburg-Vorpommern,code13,,45.285
2005,Prozent,,,,Mecklenburg-Vorpommern,code13,,26.349
2006,Prozent,,,,Mecklenburg-Vorpommern,code13,,31.139
2007,Prozent,,,,Mecklenburg-Vorpommern,code13,,30.477
2008,Prozent,,,,Mecklenburg-Vorpommern,code13,,32.339
2009,Prozent,,,,Mecklenburg-Vorpommern,code13,,32.347
2010,Prozent,,,Weiblich,Mecklenburg-Vorpommern,code13,,36.472
2011,Prozent,,,Weiblich,Mecklenburg-Vorpommern,code13,,35.261
2012,Prozent,,,Weiblich,Mecklenburg-Vorpommern,code13,,38.453
2013,Prozent,,,Weiblich,Mecklenburg-Vorpommern,code13,,42.102
2014,Prozent,,,Weiblich,Mecklenburg-Vorpommern,code13,,43.402
2015,Prozent,,,Weiblich,Mecklenburg-Vorpommern,code13,,44.062
2016,Prozent,,,Weiblich,Mecklenburg-Vorpommern,code13,,39.519
2017,Prozent,,,Weiblich,Mecklenburg-Vorpommern,code13,,39.66
2018,Prozent,,,Weiblich,Mecklenburg-Vorpommern,code13,,44.357
2019,Prozent,,,Weiblich,Mecklenburg-Vorpommern,code13,,41.239
2020,Prozent,,,Weiblich,Mecklenburg-Vorpommern,code13,,45.227
2021,Prozent,,r,Weiblich,Mecklenburg-Vorpommern,code13,,48.504
2022,Prozent,,r,Weiblich,Mecklenburg-Vorpommern,code13,,49.661
2023,Prozent,,r,Weiblich,Mecklenburg-Vorpommern,code13,,54.129
2024,Prozent,,p,Weiblich,Mecklenburg-Vorpommern,code13,,53.47
2005,Prozent,,,Weiblich,Mecklenburg-Vorpommern,code13,,27.026
2006,Prozent,,,Weiblich,Mecklenburg-Vorpommern,code13,,37.251
2007,Prozent,,,Weiblich,Mecklenburg-Vorpommern,code13,,37.159
2008,Prozent,,,Weiblich,Mecklenburg-Vorpommern,code13,,39.407
2009,Prozent,,,Weiblich,Mecklenburg-Vorpommern,code13,,37.558
2010,Prozent,,,Männlich,Mecklenburg-Vorpommern,code13,,30.445
2011,Prozent,,,Männlich,Mecklenburg-Vorpommern,code13,,29.308
2012,Prozent,,,Männlich,Mecklenburg-Vorpommern,code13,,23.899
2013,Prozent,,,Männlich,Mecklenburg-Vorpommern,code13,,25.37
2014,Prozent,,,Männlich,Mecklenburg-Vorpommern,code13,,28.336
2015,Prozent,,,Männlich,Mecklenburg-Vorpommern,code13,,27.005
2016,Prozent,,,Männlich,Mecklenburg-Vorpommern,code13,,27.014
2017,Prozent,,,Männlich,Mecklenburg-Vorpommern,code13,,26.127
2018,Prozent,,,Männlich,Mecklenburg-Vorpommern,code13,,32.373
2019,Prozent,,,Männlich,Mecklenburg-Vorpommern,code13,,36.44
2020,Prozent,,,Männlich,Mecklenburg-Vorpommern,code13,,33.038
2021,Prozent,,r,Männlich,Mecklenburg-Vorpommern,code13,,38.354
2022,Prozent,,r,Männlich,Mecklenburg-Vorpommern,code13,,34.814
2023,Prozent,,r,Männlich,Mecklenburg-Vorpommern,code13,,34.808
2024,Prozent,,p,Männlich,Mecklenburg-Vorpommern,code13,,36.78
2005,Prozent,,,Männlich,Mecklenburg-Vorpommern,code13,,25.759
2006,Prozent,,,Männlich,Mecklenburg-Vorpommern,code13,,26.081
2007,Prozent,,,Männlich,Mecklenburg-Vorpommern,code13,,25.045
2008,Prozent,,,Männlich,Mecklenburg-Vorpommern,code13,,26.693
2009,Prozent,,,Männlich,Mecklenburg-Vorpommern,code13,,27.74
2010,Prozent,,,,Niedersachsen,code03,,36.194
2011,Prozent,,,,Niedersachsen,code03,,37.469
2012,Prozent,,,,Niedersachsen,code03,,38.152
2013,Prozent,,,,Niedersachsen,code03,,37.92
2014,Prozent,,,,Niedersachsen,code03,,40.33
2015,Prozent,,,,Niedersachsen,code03,,43.228
2016,Prozent,,,,Niedersachsen,code03,,41.48
2017,Prozent,,,,Niedersachsen,code03,,42.601
2018,Prozent,,,,Niedersachsen,code03,,44.019
2019,Prozent,,,,Niedersachsen,code03,,44.673
2020,Prozent,,,,Niedersachsen,code03,,47.773
2021,Prozent,,r,,Niedersachsen,code03,,48.188
2022,Prozent,,r,,Niedersachsen,code03,,49.446
2023,Prozent,,r,,Niedersachsen,code03,,52.463
2024,Prozent,,p,,Niedersachsen,code03,,54.605
2005,Prozent,,,,Niedersachsen,code03,,32.081
2006,Prozent,,,,Niedersachsen,code03,,31.721
2007,Prozent,,,,Niedersachsen,code03,,32.983
2008,Prozent,,,,Niedersachsen,code03,,34.037
2009,Prozent,,,,Niedersachsen,code03,,35.592
2010,Prozent,,,Weiblich,Niedersachsen,code03,,37.49
2011,Prozent,,,Weiblich,Niedersachsen,code03,,39.557
2012,Prozent,,,Weiblich,Niedersachsen,code03,,40.56
2013,Prozent,,,Weiblich,Niedersachsen,code03,,38.823
2014,Prozent,,,Weiblich,Niedersachsen,code03,,42.47
2015,Prozent,,,Weiblich,Niedersachsen,code03,,46.361
2016,Prozent,,,Weiblich,Niedersachsen,code03,,44.641
2017,Prozent,,,Weiblich,Niedersachsen,code03,,45.946
2018,Prozent,,,Weiblich,Niedersachsen,code03,,48.507
2019,Prozent,,,Weiblich,Niedersachsen,code03,,49.045
2020,Prozent,,,Weiblich,Niedersachsen,code03,,52.709
2021,Prozent,,r,Weiblich,Niedersachsen,code03,,52.379
2022,Prozent,,r,Weiblich,Niedersachsen,code03,,52.835
2023,Prozent,,r,Weiblich,Niedersachsen,code03,,56.81
2024,Prozent,,p,Weiblich,Niedersachsen,code03,,59.095
2005,Prozent,,,Weiblich,Niedersachsen,code03,,29.536
2006,Prozent,,,Weiblich,Niedersachsen,code03,,29.946
2007,Prozent,,,Weiblich,Niedersachsen,code03,,30.943
2008,Prozent,,,Weiblich,Niedersachsen,code03,,33.133
2009,Prozent,,,Weiblich,Niedersachsen,code03,,36.255
2010,Prozent,,,Männlich,Niedersachsen,code03,,34.885
2011,Prozent,,,Männlich,Niedersachsen,code03,,35.403
2012,Prozent,,,Männlich,Niedersachsen,code03,,35.715
2013,Prozent,,,Männlich,Niedersachsen,code03,,37.042
2014,Prozent,,,Männlich,Niedersachsen,code03,,38.263
2015,Prozent,,,Männlich,Niedersachsen,code03,,40.152
2016,Prozent,,,Männlich,Niedersachsen,code03,,38.542
2017,Prozent,,,Männlich,Niedersachsen,code03,,39.515
2018,Prozent,,,Männlich,Niedersachsen,code03,,39.817
2019,Prozent,,,Männlich,Niedersachsen,code03,,40.665
2020,Prozent,,,Männlich,Niedersachsen,code03,,43.017
2021,Prozent,,r,Männlich,Niedersachsen,code03,,44.226
2022,Prozent,,r,Männlich,Niedersachsen,code03,,46.241
2023,Prozent,,r,Männlich,Niedersachsen,code03,,48.267
2024,Prozent,,p,Männlich,Niedersachsen,code03,,50.374
2005,Prozent,,,Männlich,Niedersachsen,code03,,34.599
2006,Prozent,,,Männlich,Niedersachsen,code03,,33.505
2007,Prozent,,,Männlich,Niedersachsen,code03,,35.072
2008,Prozent,,,Männlich,Niedersachsen,code03,,34.922
2009,Prozent,,,Männlich,Niedersachsen,code03,,34.951
2010,Prozent,,,,Nordrhein-Westfalen,code05,,41.389
2011,Prozent,,,,Nordrhein-Westfalen,code05,,42.073
2012,Prozent,,,,Nordrhein-Westfalen,code05,,44.357
2013,Prozent,,,,Nordrhein-Westfalen,code05,,45.045
2014,Prozent,,,,Nordrhein-Westfalen,code05,,47.883
2015,Prozent,,,,Nordrhein-Westfalen,code05,,48.828
2016,Prozent,,,,Nordrhein-Westfalen,code05,,50.378
2017,Prozent,,,,Nordrhein-Westfalen,code05,,51.044
2018,Prozent,,,,Nordrhein-Westfalen,code05,,50.565
2019,Prozent,,,,Nordrhein-Westfalen,code05,,50.934
2020,Prozent,,,,Nordrhein-Westfalen,code05,,54.558
2021,Prozent,,r,,Nordrhein-Westfalen,code05,,54.381
2022,Prozent,,r,,Nordrhein-Westfalen,code05,,53.815
2023,Prozent,,r,,Nordrhein-Westfalen,code05,,56.022
2024,Prozent,,p,,Nordrhein-Westfalen,code05,,57.316
2005,Prozent,,,,Nordrhein-Westfalen,code05,,36.964
2006,Prozent,,,,Nordrhein-Westfalen,code05,,37.839
2007,Prozent,,,,Nordrhein-Westfalen,code05,,38.718
2008,Prozent,,,,Nordrhein-Westfalen,code05,,41.096
2009,Prozent,,,,Nordrhein-Westfalen,code05,,41.827
2010,Prozent,,,Weiblich,Nordrhein-Westfalen,code05,,42.215
2011,Prozent,,,Weiblich,Nordrhein-Westfalen,code05,,43.816
2012,Prozent,,,Weiblich,Nordrhein-Westfalen,code05,,46.787
2013,Prozent,,,Weiblich,Nordrhein-Westfalen,code05,,47.416
2014,Prozent,,,Weiblich,Nordrhein-Westfalen,code05,,50.809
2015,Prozent,,,Weiblich,Nordrhein-Westfalen,code05,,52.654
2016,Prozent,,,Weiblich,Nordrhein-Westfalen,code05,,54.355
2017,Prozent,,,Weiblich,Nordrhein-Westfalen,code05,,54.587
2018,Prozent,,,Weiblich,Nordrhein-Westfalen,code05,,55.135
2019,Prozent,,,Weiblich,Nordrhein-Westfalen,code05,,55.337
2020,Prozent,,,Weiblich,Nordrhein-Westfalen,code05,,60.36
2021,Prozent,,r,Weiblich,Nordrhein-Westfalen,code05,,58.132
2022,Prozent,,r,Weiblich,Nordrhein-Westfalen,code05,,58.408
2023,Prozent,,r,Weiblich,Nordrhein-Westfalen,code05,,60.771
2024,Prozent,,p,Weiblich,Nordrhein-Westfalen,code05,,62.441
2005,Prozent,,,Weiblich,Nordrhein-Westfalen,code05,,36.443
2006,Prozent,,,Weiblich,Nordrhein-Westfalen,code05,,38.012
2007,Prozent,,,Weiblich,Nordrhein-Westfalen,code05,,38.428
2008,Prozent,,,Weiblich,Nordrhein-Westfalen,code05,,41.687
2009,Prozent,,,Weiblich,Nordrhein-Westfalen,code05,,42.652
2010,Prozent,,,Männlich,Nordrhein-Westfalen,code05,,40.573
2011,Prozent,,,Männlich,Nordrhein-Westfalen,code05,,40.355
2012,Prozent,,,Männlich,Nordrhein-Westfalen,code05,,41.997
2013,Prozent,,,Männlich,Nordrhein-Westfalen,code05,,42.662
2014,Prozent,,,Männlich,Nordrhein-Westfalen,code05,,44.84
2015,Prozent,,,Männlich,Nordrhein-Westfalen,code05,,44.902
2016,Prozent,,,Männlich,Nordrhein-Westfalen,code05,,46.371
2017,Prozent,,,Männlich,Nordrhein-Westfalen,code05,,47.565
2018,Prozent,,,Männlich,Nordrhein-Westfalen,code05,,46.096
2019,Prozent,,,Männlich,Nordrhein-Westfalen,code05,,46.715
2020,Prozent,,,Männlich,Nordrhein-Westfalen,code05,,48.942
2021,Prozent,,r,Männlich,Nordrhein-Westfalen,code05,,50.793
2022,Prozent,,r,Männlich,Nordrhein-Westfalen,code05,,49.424
2023,Prozent,,r,Männlich,Nordrhein-Westfalen,code05,,51.508
2024,Prozent,,p,Männlich,Nordrhein-Westfalen,code05,,52.468
2005,Prozent,,,Männlich,Nordrhein-Westfalen,code05,,37.481
2006,Prozent,,,Männlich,Nordrhein-Westfalen,code05,,37.668
2007,Prozent,,,Männlich,Nordrhein-Westfalen,code05,,39.003
2008,Prozent,,,Männlich,Nordrhein-Westfalen,code05,,40.506
2009,Prozent,,,Männlich,Nordrhein-Westfalen,code05,,40.985
2010,Prozent,,,,Rheinland-Pfalz,code07,,38.507
2011,Prozent,,,,Rheinland-Pfalz,code07,,39.981
2012,Prozent,,,,Rheinland-Pfalz,code07,,42.26
2013,Prozent,,,,Rheinland-Pfalz,code07,,41.933
2014,Prozent,,,,Rheinland-Pfalz,code07,,43.672
2015,Prozent,,,,Rheinland-Pfalz,code07,,42.606
2016,Prozent,,,,Rheinland-Pfalz,code07,,44.25
2017,Prozent,,,,Rheinland-Pfalz,code07,,44.135
2018,Prozent,,,,Rheinland-Pfalz,code07,,44.584
2019,Prozent,,,,Rheinland-Pfalz,code07,,48.176
2020,Prozent,,,,Rheinland-Pfalz,code07,,49.737
2021,Prozent,,r,,Rheinland-Pfalz,code07,,49.019
2022,Prozent,,r,,Rheinland-Pfalz,code07,,49.997
2023,Prozent,,r,,Rheinland-Pfalz,code07,,51.25
2024,Prozent,,p,,Rheinland-Pfalz,code07,,54.829
2005,Prozent,,,,Rheinland-Pfalz,code07,,30.417
2006,Prozent,,,,Rheinland-Pfalz,code07,,31.903
2007,Prozent,,,,Rheinland-Pfalz,code07,,32.928
2008,Prozent,,,,Rheinland-Pfalz,code07,,35.304
2009,Prozent,,,,Rheinland-Pfalz,code07,,36.684
2010,Prozent,,,Weiblich,Rheinland-Pfalz,code07,,37.007
2011,Prozent,,,Weiblich,Rheinland-Pfalz,code07,,40.919
2012,Prozent,,,Weiblich,Rheinland-Pfalz,code07,,42.304
2013,Prozent,,,Weiblich,Rheinland-Pfalz,code07,,42.15
2014,Prozent,,,Weiblich,Rheinland-Pfalz,code07,,45.628
2015,Prozent,,,Weiblich,Rheinland-Pfalz,code07,,44.601
2016,Prozent,,,Weiblich,Rheinland-Pfalz,code07,,46.644
2017,Prozent,,,Weiblich,Rheinland-Pfalz,code07,,47.934
2018,Prozent,,,Weiblich,Rheinland-Pfalz,code07,,46.716
2019,Prozent,,,Weiblich,Rheinland-Pfalz,code07,,51.269
2020,Prozent,,,Weiblich,Rheinland-Pfalz,code07,,53.188
2021,Prozent,,r,Weiblich,Rheinland-Pfalz,code07,,52.098
2022,Prozent,,r,Weiblich,Rheinland-Pfalz,code07,,53.228
2023,Prozent,,r,Weiblich,Rheinland-Pfalz,code07,,53.821
2024,Prozent,,p,Weiblich,Rheinland-Pfalz,code07,,58.936
2005,Prozent,,,Weiblich,Rheinland-Pfalz,code07,,26.574
2006,Prozent,,,Weiblich,Rheinland-Pfalz,code07,,29.304
2007,Prozent,,,Weiblich,Rheinland-Pfalz,code07,,31.826
2008,Prozent,,,Weiblich,Rheinland-Pfalz,code07,,35.112
2009,Prozent,,,Weiblich,Rheinland-Pfalz,code07,,36.994
2010,Prozent,,,Männlich,Rheinland-Pfalz,code07,,40.163
2011,Prozent,,,Männlich,Rheinland-Pfalz,code07,,38.99
2012,Prozent,,,Männlich,Rheinland-Pfalz,code07,,42.203
2013,Prozent,,,Männlich,Rheinland-Pfalz,code07,,41.727
2014,Prozent,,,Männlich,Rheinland-Pfalz,code07,,41.632
2015,Prozent,,,Männlich,Rheinland-Pfalz,code07,,40.687
2016,Prozent,,,Männlich,Rheinland-Pfalz,code07,,41.923
2017,Prozent,,,Männlich,Rheinland-Pfalz,code07,,40.404
2018,Prozent,,,Männlich,Rheinland-Pfalz,code07,,42.472
2019,Prozent,,,Männlich,Rheinland-Pfalz,code07,,45.228
2020,Prozent,,,Männlich,Rheinland-Pfalz,code07,,46.338
2021,Prozent,,r,Männlich,Rheinland-Pfalz,code07,,46.139
2022,Prozent,,r,Männlich,Rheinland-Pfalz,code07,,46.849
2023,Prozent,,r,Männlich,Rheinland-Pfalz,code07,,48.777
2024,Prozent,,p,Männlich,Rheinland-Pfalz,code07,,51.114
2005,Prozent,,,Männlich,Rheinland-Pfalz,code07,,34.607
2006,Prozent,,,Männlich,Rheinland-Pfalz,code07,,34.728
2007,Prozent,,,Männlich,Rheinland-Pfalz,code07,,34.014
2008,Prozent,,,Männlich,Rheinland-Pfalz,code07,,35.499
2009,Prozent,,,Männlich,Rheinland-Pfalz,code07,,36.351
2010,Prozent,,,,Saarland,code10,,32.859
2011,Prozent,,,,Saarland,code10,,34.783
2012,Prozent,,,,Saarland,code10,,38.257
2013,Prozent,,,,Saarland,code10,,35.694
2014,Prozent,,,,Saarland,code10,,35.753
2015,Prozent,,,,Saarland,code10,,40.201
2016,Prozent,,,,Saarland,code10,,41.599
2017,Prozent,,,,Saarland,code10,,39.827
2018,Prozent,,,,Saarland,code10,,44.596
2019,Prozent,,,,Saarland,code10,,47.733
2020,Prozent,,,,Saarland,code10,,55.251
2021,Prozent,,r,,Saarland,code10,,51.954
2022,Prozent,,r,,Saarland,code10,,50.937
2023,Prozent,,r,,Saarland,code10,,48.61
2024,Prozent,,p,,Saarland,code10,,51.852
2005,Prozent,,,,Saarland,code10,,32.673
2006,Prozent,,,,Saarland,code10,,35.007
2007,Prozent,,,,Saarland,code10,,32.44
2008,Prozent,,,,Saarland,code10,,36.371
2009,Prozent,,,,Saarland,code10,,37.232
2010,Prozent,,,Weiblich,Saarland,code10,,36.76
2011,Prozent,,,Weiblich,Saarland,code10,,38.665
2012,Prozent,,,Weiblich,Saarland,code10,,42.193
2013,Prozent,,,Weiblich,Saarland,code10,,39.873
2014,Prozent,,,Weiblich,Saarland,code10,,35.754
2015,Prozent,,,Weiblich,Saarland,code10,,41.255
2016,Prozent,,,Weiblich,Saarland,code10,,37.913
2017,Prozent,,,Weiblich,Saarland,code10,,40.354
2018,Prozent,,,Weiblich,Saarland,code10,,49.159
2019,Prozent,,,Weiblich,Saarland,code10,,54.215
2020,Prozent,,,Weiblich,Saarland,code10,,66.671
2021,Prozent,,r,Weiblich,Saarland,code10,,55.756
2022,Prozent,,r,Weiblich,Saarland,code10,,55.745
2023,Prozent,,r,Weiblich,Saarland,code10,,53.824
2024,Prozent,,p,Weiblich,Saarland,code10,,58.611
2005,Prozent,,,Weiblich,Saarland,code10,,32.814
2006,Prozent,,,Weiblich,Saarland,code10,,34.97
2007,Prozent,,,Weiblich,Saarland,code10,,33.107
2008,Prozent,,,Weiblich,Saarland,code10,,37.423
2009,Prozent,,,Weiblich,Saarland,code10,,40.175
2010,Prozent,,,Männlich,Saarland,code10,,28.772
2011,Prozent,,,Männlich,Saarland,code10,,30.839
2012,Prozent,,,Männlich,Saarland,code10,,34.733
2013,Prozent,,,Männlich,Saarland,code10,,32.34
2014,Prozent,,,Männlich,Saarland,code10,,35.774
2015,Prozent,,,Männlich,Saarland,code10,,39.245
2016,Prozent,,,Männlich,Saarland,code10,,44.77
2017,Prozent,,,Männlich,Saarland,code10,,39.374
2018,Prozent,,,Männlich,Saarland,code10,,40.81
2019,Prozent,,,Männlich,Saarland,code10,,41.476
2020,Prozent,,,Männlich,Saarland,code10,,43.5
2021,Prozent,,r,Männlich,Saarland,code10,,48.515
2022,Prozent,,r,Männlich,Saarland,code10,,45.95
2023,Prozent,,r,Männlich,Saarland,code10,,43.814
2024,Prozent,,p,Männlich,Saarland,code10,,45.396
2005,Prozent,,,Männlich,Saarland,code10,,32.494
2006,Prozent,,,Männlich,Saarland,code10,,35.005
2007,Prozent,,,Männlich,Saarland,code10,,31.656
2008,Prozent,,,Männlich,Saarland,code10,,35.242
2009,Prozent,,,Männlich,Saarland,code10,,34.162
2010,Prozent,,,,Sachsen,code14,,46.36
2011,Prozent,,,,Sachsen,code14,,44.031
2012,Prozent,,,,Sachsen,code14,,42.673
2013,Prozent,,,,Sachsen,code14,,45.802
2014,Prozent,,,,Sachsen,code14,,46.177
2015,Prozent,,,,Sachsen,code14,,48.273
2016,Prozent,,,,Sachsen,code14,,46.303
2017,Prozent,,,,Sachsen,code14,,48.008
2018,Prozent,,,,Sachsen,code14,,49.176
2019,Prozent,,,,Sachsen,code14,,50.717
2020,Prozent,,,,Sachsen,code14,,50.961
2021,Prozent,,r,,Sachsen,code14,,52.867
2022,Prozent,,r,,Sachsen,code14,,54.835
2023,Prozent,,r,,Sachsen,code14,,54.873
2024,Prozent,,p,,Sachsen,code14,,57.543
2005,Prozent,,,,Sachsen,code14,,37.891
2006,Prozent,,,,Sachsen,code14,,40.594
2007,Prozent,,,,Sachsen,code14,,44.325
2008,Prozent,,,,Sachsen,code14,,44.452
2009,Prozent,,,,Sachsen,code14,,46.019
2010,Prozent,,,Weiblich,Sachsen,code14,,54.98
2011,Prozent,,,Weiblich,Sachsen,code14,,53.073
2012,Prozent,,,Weiblich,Sachsen,code14,,50.538
2013,Prozent,,,Weiblich,Sachsen,code14,,55.404
2014,Prozent,,,Weiblich,Sachsen,code14,,54.31
2015,Prozent,,,Weiblich,Sachsen,code14,,56.29
2016,Prozent,,,Weiblich,Sachsen,code14,,54.852
2017,Prozent,,,Weiblich,Sachsen,code14,,56.864
2018,Prozent,,,Weiblich,Sachsen,code14,,57.379
2019,Prozent,,,Weiblich,Sachsen,code14,,59.763
2020,Prozent,,,Weiblich,Sachsen,code14,,58.286
2021,Prozent,,r,Weiblich,Sachsen,code14,,59.463
2022,Prozent,,r,Weiblich,Sachsen,code14,,62.481
2023,Prozent,,r,Weiblich,Sachsen,code14,,62.819
2024,Prozent,,p,Weiblich,Sachsen,code14,,63.979
2005,Prozent,,,Weiblich,Sachsen,code14,,42.11
2006,Prozent,,,Weiblich,Sachsen,code14,,48.179
2007,Prozent,,,Weiblich,Sachsen,code14,,52.442
2008,Prozent,,,Weiblich,Sachsen,code14,,52.456
2009,Prozent,,,Weiblich,Sachsen,code14,,55.446
2010,Prozent,,,Männlich,Sachsen,code14,,38.611
2011,Prozent,,,Männlich,Sachsen,code14,,36.216
2012,Prozent,,,Männlich,Sachsen,code14,,35.996
2013,Prozent,,,Männlich,Sachsen,code14,,37.767
2014,Prozent,,,Männlich,Sachsen,code14,,39.06
2015,Prozent,,,Männlich,Sachsen,code14,,41.035
2016,Prozent,,,Männlich,Sachsen,code14,,38.545
2017,Prozent,,,Männlich,Sachsen,code14,,39.854
2018,Prozent,,,Männlich,Sachsen,code14,,41.556
2019,Prozent,,,Männlich,Sachsen,code14,,41.69
2020,Prozent,,,Männlich,Sachsen,code14,,43.812
2021,Prozent,,r,Männlich,Sachsen,code14,,46.621
2022,Prozent,,r,Männlich,Sachsen,code14,,47.73
2023,Prozent,,r,Männlich,Sachsen,code14,,47.315
2024,Prozent,,p,Männlich,Sachsen,code14,,51.489
2005,Prozent,,,Männlich,Sachsen,code14,,34.289
2006,Prozent,,,Männlich,Sachsen,code14,,34.049
2007,Prozent,,,Männlich,Sachsen,code14,,37.29
2008,Prozent,,,Männlich,Sachsen,code14,,37.836
2009,Prozent,,,Männlich,Sachsen,code14,,37.79
2010,Prozent,,,,Sachsen-Anhalt,code15,,32.196
2011,Prozent,,,,Sachsen-Anhalt,code15,,31.538
2012,Prozent,,,,Sachsen-Anhalt,code15,,30.9
2013,Prozent,,,,Sachsen-Anhalt,code15,,30.722
2014,Prozent,,,,Sachsen-Anhalt,code15,,32.442
2015,Prozent,,,,Sachsen-Anhalt,code15,,34.417
2016,Prozent,,,,Sachsen-Anhalt,code15,,33.629
2017,Prozent,,,,Sachsen-Anhalt,code15,,35.818
2018,Prozent,,,,Sachsen-Anhalt,code15,,38.576
2019,Prozent,,,,Sachsen-Anhalt,code15,,36.568
2020,Prozent,,,,Sachsen-Anhalt,code15,,39.675
2021,Prozent,,r,,Sachsen-Anhalt,code15,,41.624
2022,Prozent,,r,,Sachsen-Anhalt,code15,,43.48
2023,Prozent,,r,,Sachsen-Anhalt,code15,,42.581
2024,Prozent,,p,,Sachsen-Anhalt,code15,,43.035
2005,Prozent,,,,Sachsen-Anhalt,code15,,27.938
2006,Prozent,,,,Sachsen-Anhalt,code15,,28.41
2007,Prozent,,,,Sachsen-Anhalt,code15,,27.008
2008,Prozent,,,,Sachsen-Anhalt,code15,,30.452
2009,Prozent,,,,Sachsen-Anhalt,code15,,32.577
2010,Prozent,,,Weiblich,Sachsen-Anhalt,code15,,37.211
2011,Prozent,,,Weiblich,Sachsen-Anhalt,code15,,37.381
2012,Prozent,,,Weiblich,Sachsen-Anhalt,code15,,36.312
2013,Prozent,,,Weiblich,Sachsen-Anhalt,code15,,36.466
2014,Prozent,,,Weiblich,Sachsen-Anhalt,code15,,39.033
2015,Prozent,,,Weiblich,Sachsen-Anhalt,code15,,39.992
2016,Prozent,,,Weiblich,Sachsen-Anhalt,code15,,41.68
2017,Prozent,,,Weiblich,Sachsen-Anhalt,code15,,41.218
2018,Prozent,,,Weiblich,Sachsen-Anhalt,code15,,44.332
2019,Prozent,,,Weiblich,Sachsen-Anhalt,code15,,41.272
2020,Prozent,,,Weiblich,Sachsen-Anhalt,code15,,49.659
2021,Prozent,,r,Weiblich,Sachsen-Anhalt,code15,,50.597
2022,Prozent,,r,Weiblich,Sachsen-Anhalt,code15,,51.455
2023,Prozent,,r,Weiblich,Sachsen-Anhalt,code15,,49.394
2024,Prozent,,p,Weiblich,Sachsen-Anhalt,code15,,46.87
2005,Prozent,,,Weiblich,Sachsen-Anhalt,code15,,31.213
2006,Prozent,,,Weiblich,Sachsen-Anhalt,code15,,32.145
2007,Prozent,,,Weiblich,Sachsen-Anhalt,code15,,34.167
2008,Prozent,,,Weiblich,Sachsen-Anhalt,code15,,36.796
2009,Prozent,,,Weiblich,Sachsen-Anhalt,code15,,37.137
2010,Prozent,,,Männlich,Sachsen-Anhalt,code15,,27.529
2011,Prozent,,,Männlich,Sachsen-Anhalt,code15,,26.277
2012,Prozent,,,Männlich,Sachsen-Anhalt,code15,,25.92
2013,Prozent,,,Männlich,Sachsen-Anhalt,code15,,25.716
2014,Prozent,,,Männlich,Sachsen-Anhalt,code15,,26.517
2015,Prozent,,,Männlich,Sachsen-Anhalt,code15,,29.854
2016,Prozent,,,Männlich,Sachsen-Anhalt,code15,,26.652
2017,Prozent,,,Männlich,Sachsen-Anhalt,code15,,30.816
2018,Prozent,,,Männlich,Sachsen-Anhalt,code15,,32.811
2019,Prozent,,,Männlich,Sachsen-Anhalt,code15,,32.338
2020,Prozent,,,Männlich,Sachsen-Anhalt,code15,,30.554
2021,Prozent,,r,Männlich,Sachsen-Anhalt,code15,,33.216
2022,Prozent,,r,Männlich,Sachsen-Anhalt,code15,,36.29
2023,Prozent,,r,Männlich,Sachsen-Anhalt,code15,,36.157
2024,Prozent,,p,Männlich,Sachsen-Anhalt,code15,,39.44
2005,Prozent,,,Männlich,Sachsen-Anhalt,code15,,25.223
2006,Prozent,,,Männlich,Sachsen-Anhalt,code15,,24.949
2007,Prozent,,,Männlich,Sachsen-Anhalt,code15,,20.758
2008,Prozent,,,Männlich,Sachsen-Anhalt,code15,,24.749
2009,Prozent,,,Männlich,Sachsen-Anhalt,code15,,28.203
2010,Prozent,,,,Schleswig-Holstein,code01,,35.818
2011,Prozent,,,,Schleswig-Holstein,code01,,40.479
2012,Prozent,,,,Schleswig-Holstein,code01,,37.279
2013,Prozent,,,,Schleswig-Holstein,code01,,38.185
2014,Prozent,,,,Schleswig-Holstein,code01,,38.917
2015,Prozent,,,,Schleswig-Holstein,code01,,39.774
2016,Prozent,,,,Schleswig-Holstein,code01,,40.312
2017,Prozent,,,,Schleswig-Holstein,code01,,42.434
2018,Prozent,,,,Schleswig-Holstein,code01,,43.394
2019,Prozent,,,,Schleswig-Holstein,code01,,43.426
2020,Prozent,,,,Schleswig-Holstein,code01,,43.492
2021,Prozent,,r,,Schleswig-Holstein,code01,,46.169
2022,Prozent,,r,,Schleswig-Holstein,code01,,45.797
2023,Prozent,,r,,Schleswig-Holstein,code01,,50.537
2024,Prozent,,p,,Schleswig-Holstein,code01,,54.044
2005,Prozent,,,,Schleswig-Holstein,code01,,32.522
2006,Prozent,,,,Schleswig-Holstein,code01,,30.614
2007,Prozent,,,,Schleswig-Holstein,code01,,31.821
2008,Prozent,,,,Schleswig-Holstein,code01,,32.351
2009,Prozent,,,,Schleswig-Holstein,code01,,34.6
2010,Prozent,,,Weiblich,Schleswig-Holstein,code01,,36.743
2011,Prozent,,,Weiblich,Schleswig-Holstein,code01,,41.709
2012,Prozent,,,Weiblich,Schleswig-Holstein,code01,,39.199
2013,Prozent,,,Weiblich,Schleswig-Holstein,code01,,40.66
2014,Prozent,,,Weiblich,Schleswig-Holstein,code01,,40.683
2015,Prozent,,,Weiblich,Schleswig-Holstein,code01,,44.039
2016,Prozent,,,Weiblich,Schleswig-Holstein,code01,,43.084
2017,Prozent,,,Weiblich,Schleswig-Holstein,code01,,47.043
2018,Prozent,,,Weiblich,Schleswig-Holstein,code01,,49.134
2019,Prozent,,,Weiblich,Schleswig-Holstein,code01,,45.802
2020,Prozent,,,Weiblich,Schleswig-Holstein,code01,,47.986
2021,Prozent,,r,Weiblich,Schleswig-Holstein,code01,,50.888
2022,Prozent,,r,Weiblich,Schleswig-Holstein,code01,,51.768
2023,Prozent,,r,Weiblich,Schleswig-Holstein,code01,,55.594
2024,Prozent,,p,Weiblich,Schleswig-Holstein,code01,,59.408
2005,Prozent,,,Weiblich,Schleswig-Holstein,code01,,32.061
2006,Prozent,,,Weiblich,Schleswig-Holstein,code01,,30.892
2007,Prozent,,,Weiblich,Schleswig-Holstein,code01,,31.164
2008,Prozent,,,Weiblich,Schleswig-Holstein,code01,,32.799
2009,Prozent,,,Weiblich,Schleswig-Holstein,code01,,35.757
2010,Prozent,,,Männlich,Schleswig-Holstein,code01,,34.881
2011,Prozent,,,Männlich,Schleswig-Holstein,code01,,39.187
2012,Prozent,,,Männlich,Schleswig-Holstein,code01,,35.318
2013,Prozent,,,Männlich,Schleswig-Holstein,code01,,35.435
2014,Prozent,,,Männlich,Schleswig-Holstein,code01,,37.012
2015,Prozent,,,Männlich,Schleswig-Holstein,code01,,35.551
2016,Prozent,,,Männlich,Schleswig-Holstein,code01,,37.658
2017,Prozent,,,Männlich,Schleswig-Holstein,code01,,37.924
2018,Prozent,,,Männlich,Schleswig-Holstein,code01,,37.777
2019,Prozent,,,Männlich,Schleswig-Holstein,code01,,41.153
2020,Prozent,,,Männlich,Schleswig-Holstein,code01,,39.053
2021,Prozent,,r,Männlich,Schleswig-Holstein,code01,,41.684
2022,Prozent,,r,Männlich,Schleswig-Holstein,code01,,40.218
2023,Prozent,,r,Männlich,Schleswig-Holstein,code01,,45.741
2024,Prozent,,p,Männlich,Schleswig-Holstein,code01,,49.063
2005,Prozent,,,Männlich,Schleswig-Holstein,code01,,32.983
2006,Prozent,,,Männlich,Schleswig-Holstein,code01,,30.334
2007,Prozent,,,Männlich,Schleswig-Holstein,code01,,32.499
2008,Prozent,,,Männlich,Schleswig-Holstein,code01,,31.852
2009,Prozent,,,Männlich,Schleswig-Holstein,code01,,33.465
2010,Prozent,,,,Thüringen,code16,,36.366
2011,Prozent,,,,Thüringen,code16,,37.319
2012,Prozent,,,,Thüringen,code16,,39.128
2013,Prozent,,,,Thüringen,code16,,39.753
2014,Prozent,,,,Thüringen,code16,,37.562
2015,Prozent,,,,Thüringen,code16,,36.89
2016,Prozent,,,,Thüringen,code16,,40.326
2017,Prozent,,,,Thüringen,code16,,40.681
2018,Prozent,,,,Thüringen,code16,,44.574
2019,Prozent,,,,Thüringen,code16,,44.773
2020,Prozent,,,,Thüringen,code16,,46.068
2021,Prozent,,r,,Thüringen,code16,,46.976
2022,Prozent,,r,,Thüringen,code16,,49.171
2023,Prozent,,r,,Thüringen,code16,,47.595
2024,Prozent,,p,,Thüringen,code16,,52.235
2005,Prozent,,,,Thüringen,code16,,31.24
2006,Prozent,,,,Thüringen,code16,,32.24
2007,Prozent,,,,Thüringen,code16,,36.495
2008,Prozent,,,,Thüringen,code16,,35.718
2009,Prozent,,,,Thüringen,code16,,35.356
2010,Prozent,,,Weiblich,Thüringen,code16,,42.954
2011,Prozent,,,Weiblich,Thüringen,code16,,45.287
2012,Prozent,,,Weiblich,Thüringen,code16,,46.336
2013,Prozent,,,Weiblich,Thüringen,code16,,47.056
2014,Prozent,,,Weiblich,Thüringen,code16,,44.548
2015,Prozent,,,Weiblich,Thüringen,code16,,45.386
2016,Prozent,,,Weiblich,Thüringen,code16,,47.965
2017,Prozent,,,Weiblich,Thüringen,code16,,49.471
2018,Prozent,,,Weiblich,Thüringen,code16,,51.737
2019,Prozent,,,Weiblich,Thüringen,code16,,51.22
2020,Prozent,,,Weiblich,Thüringen,code16,,48.544
2021,Prozent,,r,Weiblich,Thüringen,code16,,53.907
2022,Prozent,,r,Weiblich,Thüringen,code16,,54.133
2023,Prozent,,r,Weiblich,Thüringen,code16,,52.034
2024,Prozent,,p,Weiblich,Thüringen,code16,,56.097
2005,Prozent,,,Weiblich,Thüringen,code16,,33.837
2006,Prozent,,,Weiblich,Thüringen,code16,,35.134
2007,Prozent,,,Weiblich,Thüringen,code16,,40.816
2008,Prozent,,,Weiblich,Thüringen,code16,,41.872
2009,Prozent,,,Weiblich,Thüringen,code16,,42.476
2010,Prozent,,,Männlich,Thüringen,code16,,30.543
2011,Prozent,,,Männlich,Thüringen,code16,,29.946
2012,Prozent,,,Männlich,Thüringen,code16,,32.762
2013,Prozent,,,Männlich,Thüringen,code16,,32.984
2014,Prozent,,,Männlich,Thüringen,code16,,31.294
2015,Prozent,,,Männlich,Thüringen,code16,,29.867
2016,Prozent,,,Männlich,Thüringen,code16,,33.471
2017,Prozent,,,Männlich,Thüringen,code16,,32.923
2018,Prozent,,,Männlich,Thüringen,code16,,38.098
2019,Prozent,,,Männlich,Thüringen,code16,,38.895
2020,Prozent,,,Männlich,Thüringen,code16,,43.843
2021,Prozent,,r,Männlich,Thüringen,code16,,40.844
2022,Prozent,,r,Männlich,Thüringen,code16,,44.852
2023,Prozent,,r,Männlich,Thüringen,code16,,43.566
2024,Prozent,,p,Männlich,Thüringen,code16,,48.909
2005,Prozent,,,Männlich,Thüringen,code16,,29.065
2006,Prozent,,,Männlich,Thüringen,code16,,29.747
2007,Prozent,,,Männlich,Thüringen,code16,,32.62
2008,Prozent,,,Männlich,Thüringen,code16,,30.442
2009,Prozent,,,Männlich,Thüringen,code16,,29.14
1999,Prozent,,,,,,"Zweitausbildung, Ausbildung nach Abitur",8.55
2010,Prozent,,r,,,,"Zweitausbildung, Ausbildung nach Abitur",11.56
2011,Prozent,,r,,,,"Zweitausbildung, Ausbildung nach Abitur",11.558
2012,Prozent,,r,,,,"Zweitausbildung, Ausbildung nach Abitur",11.543
2013,Prozent,,r,,,,"Zweitausbildung, Ausbildung nach Abitur",11.409
2014,Prozent,,,,,,"Zweitausbildung, Ausbildung nach Abitur",14.326
2015,Prozent,,,,,,"Zweitausbildung, Ausbildung nach Abitur",14.536
2016,Prozent,,r,,,,"Zweitausbildung, Ausbildung nach Abitur",14.797
2017,Prozent,,,,,,"Zweitausbildung, Ausbildung nach Abitur",14.836
2018,Prozent,,,,,,"Zweitausbildung, Ausbildung nach Abitur",14.907
2019,Prozent,,,,,,"Zweitausbildung, Ausbildung nach Abitur",14.973
2020,Prozent,,,,,,"Zweitausbildung, Ausbildung nach Abitur",15.756
2021,Prozent,,r,,,,"Zweitausbildung, Ausbildung nach Abitur",14.721
2022,Prozent,,r,,,,"Zweitausbildung, Ausbildung nach Abitur",14.465
2023,Prozent,,r,,,,"Zweitausbildung, Ausbildung nach Abitur",14.765
2024,Prozent,,p,,,,"Zweitausbildung, Ausbildung nach Abitur",15.003
2000,Prozent,,r,,,,"Zweitausbildung, Ausbildung nach Abitur",7.666
2001,Prozent,,r,,,,"Zweitausbildung, Ausbildung nach Abitur",8.12
2002,Prozent,,r,,,,"Zweitausbildung, Ausbildung nach Abitur",8.206
2003,Prozent,,r,,,,"Zweitausbildung, Ausbildung nach Abitur",8.873
2004,Prozent,,r,,,,"Zweitausbildung, Ausbildung nach Abitur",9.464
2005,Prozent,,,,,,"Zweitausbildung, Ausbildung nach Abitur",9.929
2006,Prozent,,,,,,"Zweitausbildung, Ausbildung nach Abitur",10.656
2007,Prozent,,,,,,"Zweitausbildung, Ausbildung nach Abitur",11.136
2008,Prozent,,r,,,,"Zweitausbildung, Ausbildung nach Abitur",11.191
2009,Prozent,,,,,,"Zweitausbildung, Ausbildung nach Abitur",11.368
1999,Prozent,,,Weiblich,,,"Zweitausbildung, Ausbildung nach Abitur",
2010,Prozent,,r,Weiblich,,,"Zweitausbildung, Ausbildung nach Abitur",13.04
2011,Prozent,,r,Weiblich,,,"Zweitausbildung, Ausbildung nach Abitur",12.903
2012,Prozent,,r,Weiblich,,,"Zweitausbildung, Ausbildung nach Abitur",13.183
2013,Prozent,,r,Weiblich,,,"Zweitausbildung, Ausbildung nach Abitur",12.814
2014,Prozent,,,Weiblich,,,"Zweitausbildung, Ausbildung nach Abitur",17.633
2015,Prozent,,r,Weiblich,,,"Zweitausbildung, Ausbildung nach Abitur",18.226
2016,Prozent,,r,Weiblich,,,"Zweitausbildung, Ausbildung nach Abitur",18.417
2017,Prozent,,,Weiblich,,,"Zweitausbildung, Ausbildung nach Abitur",18.449
2018,Prozent,,r,Weiblich,,,"Zweitausbildung, Ausbildung nach Abitur",18.492
2019,Prozent,,r,Weiblich,,,"Zweitausbildung, Ausbildung nach Abitur",18.438
2020,Prozent,,r,Weiblich,,,"Zweitausbildung, Ausbildung nach Abitur",19.419
2021,Prozent,,r,Weiblich,,,"Zweitausbildung, Ausbildung nach Abitur",18.201
2022,Prozent,,r,Weiblich,,,"Zweitausbildung, Ausbildung nach Abitur",17.437
2023,Prozent,,r,Weiblich,,,"Zweitausbildung, Ausbildung nach Abitur",17.963
2024,Prozent,,p,Weiblich,,,"Zweitausbildung, Ausbildung nach Abitur",17.97
2000,Prozent,,r,Weiblich,,,"Zweitausbildung, Ausbildung nach Abitur",9.1
2001,Prozent,,.,Weiblich,,,"Zweitausbildung, Ausbildung nach Abitur",
2002,Prozent,,.,Weiblich,,,"Zweitausbildung, Ausbildung nach Abitur",
2003,Prozent,,,Weiblich,,,"Zweitausbildung, Ausbildung nach Abitur",9.703
2004,Prozent,,,Weiblich,,,"Zweitausbildung, Ausbildung nach Abitur",10.396
2005,Prozent,,,Weiblich,,,"Zweitausbildung, Ausbildung nach Abitur",10.87
2006,Prozent,,,Weiblich,,,"Zweitausbildung, Ausbildung nach Abitur",12.066
2007,Prozent,,,Weiblich,,,"Zweitausbildung, Ausbildung nach Abitur",12.365
2008,Prozent,,,Weiblich,,,"Zweitausbildung, Ausbildung nach Abitur",12.744
2009,Prozent,,,Weiblich,,,"Zweitausbildung, Ausbildung nach Abitur",13.059
1999,Prozent,,,Männlich,,,"Zweitausbildung, Ausbildung nach Abitur",
2010,Prozent,,,Männlich,,,"Zweitausbildung, Ausbildung nach Abitur",10.105
2011,Prozent,,r,Männlich,,,"Zweitausbildung, Ausbildung nach Abitur",10.239
2012,Prozent,,r,Männlich,,,"Zweitausbildung, Ausbildung nach Abitur",9.94
2013,Prozent,,,Männlich,,,"Zweitausbildung, Ausbildung nach Abitur",10.026
2014,Prozent,,r,Männlich,,,"Zweitausbildung, Ausbildung nach Abitur",11.033
2015,Prozent,,,Männlich,,,"Zweitausbildung, Ausbildung nach Abitur",10.935
2016,Prozent,,r,Männlich,,,"Zweitausbildung, Ausbildung nach Abitur",11.297
2017,Prozent,,,Männlich,,,"Zweitausbildung, Ausbildung nach Abitur",11.372
2018,Prozent,,,Männlich,,,"Zweitausbildung, Ausbildung nach Abitur",11.485
2019,Prozent,,,Männlich,,,"Zweitausbildung, Ausbildung nach Abitur",11.683
2020,Prozent,,r,Männlich,,,"Zweitausbildung, Ausbildung nach Abitur",12.264
2021,Prozent,,r,Männlich,,,"Zweitausbildung, Ausbildung nach Abitur",11.436
2022,Prozent,,r,Männlich,,,"Zweitausbildung, Ausbildung nach Abitur",11.641
2023,Prozent,,r,Männlich,,,"Zweitausbildung, Ausbildung nach Abitur",11.727
2024,Prozent,,p,Männlich,,,"Zweitausbildung, Ausbildung nach Abitur",12.205
2000,Prozent,,,Männlich,,,"Zweitausbildung, Ausbildung nach Abitur",6.282
2001,Prozent,,.,Männlich,,,"Zweitausbildung, Ausbildung nach Abitur",
2002,Prozent,,.,Männlich,,,"Zweitausbildung, Ausbildung nach Abitur",
2003,Prozent,,r,Männlich,,,"Zweitausbildung, Ausbildung nach Abitur",8.088
2004,Prozent,,r,Männlich,,,"Zweitausbildung, Ausbildung nach Abitur",8.572
2005,Prozent,,,Männlich,,,"Zweitausbildung, Ausbildung nach Abitur",9.018
2006,Prozent,,,Männlich,,,"Zweitausbildung, Ausbildung nach Abitur",9.274
2007,Prozent,,,Männlich,,,"Zweitausbildung, Ausbildung nach Abitur",9.942
2008,Prozent,,r,Männlich,,,"Zweitausbildung, Ausbildung nach Abitur",9.657
2009,Prozent,,,Männlich,,,"Zweitausbildung, Ausbildung nach Abitur",9.695
1999,Prozent,,,,,,Höherqualifizierende Berufsausbildung,10.043
2010,Prozent,,,,,,Höherqualifizierende Berufsausbildung,7.965
2011,Prozent,,,,,,Höherqualifizierende Berufsausbildung,9.987
2012,Prozent,,,,,,Höherqualifizierende Berufsausbildung,10.0
2013,Prozent,,,,,,Höherqualifizierende Berufsausbildung,9.449
2014,Prozent,,,,,,Höherqualifizierende Berufsausbildung,4.846
2015,Prozent,,,,,,Höherqualifizierende Berufsausbildung,4.99
2016,Prozent,,,,,,Höherqualifizierende Berufsausbildung,4.982
2017,Prozent,,,,,,Höherqualifizierende Berufsausbildung,5.384
2018,Prozent,,,,,,Höherqualifizierende Berufsausbildung,5.502
2019,Prozent,,,,,,Höherqualifizierende Berufsausbildung,5.442
2020,Prozent,,,,,,Höherqualifizierende Berufsausbildung,6.478
2021,Prozent,,r,,,,Höherqualifizierende Berufsausbildung,7.278
2022,Prozent,,r,,,,Höherqualifizierende Berufsausbildung,7.339
2023,Prozent,,r,,,,Höherqualifizierende Berufsausbildung,7.018
2024,Prozent,,p,,,,Höherqualifizierende Berufsausbildung,7.29
2000,Prozent,,,,,,Höherqualifizierende Berufsausbildung,10.298
2001,Prozent,,,,,,Höherqualifizierende Berufsausbildung,9.434
2002,Prozent,,,,,,Höherqualifizierende Berufsausbildung,9.594
2003,Prozent,,,,,,Höherqualifizierende Berufsausbildung,8.973
2004,Prozent,,,,,,Höherqualifizierende Berufsausbildung,9.322
2005,Prozent,,,,,,Höherqualifizierende Berufsausbildung,8.395
2006,Prozent,,,,,,Höherqualifizierende Berufsausbildung,7.852
2007,Prozent,,,,,,Höherqualifizierende Berufsausbildung,7.318
2008,Prozent,,,,,,Höherqualifizierende Berufsausbildung,7.331
2009,Prozent,,,,,,Höherqualifizierende Berufsausbildung,7.447
1999,Prozent,,,Weiblich,,,Höherqualifizierende Berufsausbildung,
2010,Prozent,,,Weiblich,,,Höherqualifizierende Berufsausbildung,7.551
2011,Prozent,,,Weiblich,,,Höherqualifizierende Berufsausbildung,10.477
2012,Prozent,,,Weiblich,,,Höherqualifizierende Berufsausbildung,10.372
2013,Prozent,,,Weiblich,,,Höherqualifizierende Berufsausbildung,9.931
2014,Prozent,,,Weiblich,,,Höherqualifizierende Berufsausbildung,3.468
2015,Prozent,,,Weiblich,,,Höherqualifizierende Berufsausbildung,3.678
2016,Prozent,,,Weiblich,,,Höherqualifizierende Berufsausbildung,3.726
2017,Prozent,,,Weiblich,,,Höherqualifizierende Berufsausbildung,3.955
2018,Prozent,,,Weiblich,,,Höherqualifizierende Berufsausbildung,4.282
2019,Prozent,,,Weiblich,,,Höherqualifizierende Berufsausbildung,4.016
2020,Prozent,,,Weiblich,,,Höherqualifizierende Berufsausbildung,5.214
2021,Prozent,,r,Weiblich,,,Höherqualifizierende Berufsausbildung,5.695
2022,Prozent,,r,Weiblich,,,Höherqualifizierende Berufsausbildung,5.687
2023,Prozent,,r,Weiblich,,,Höherqualifizierende Berufsausbildung,5.395
2024,Prozent,,p,Weiblich,,,Höherqualifizierende Berufsausbildung,5.978
2000,Prozent,,,Weiblich,,,Höherqualifizierende Berufsausbildung,9.033
2001,Prozent,,.,Weiblich,,,Höherqualifizierende Berufsausbildung,
2002,Prozent,,.,Weiblich,,,Höherqualifizierende Berufsausbildung,
2003,Prozent,,,Weiblich,,,Höherqualifizierende Berufsausbildung,8.205
2004,Prozent,,,Weiblich,,,Höherqualifizierende Berufsausbildung,8.513
2005,Prozent,,,Weiblich,,,Höherqualifizierende Berufsausbildung,7.528
2006,Prozent,,,Weiblich,,,Höherqualifizierende Berufsausbildung,7.131
2007,Prozent,,,Weiblich,,,Höherqualifizierende Berufsausbildung,6.83
2008,Prozent,,,Weiblich,,,Höherqualifizierende Berufsausbildung,6.782
2009,Prozent,,,Weiblich,,,Höherqualifizierende Berufsausbildung,7.175
1999,Prozent,,,Männlich,,,Höherqualifizierende Berufsausbildung,
2010,Prozent,,,Männlich,,,Höherqualifizierende Berufsausbildung,8.371
2011,Prozent,,,Männlich,,,Höherqualifizierende Berufsausbildung,9.506
2012,Prozent,,,Männlich,,,Höherqualifizierende Berufsausbildung,9.637
2013,Prozent,,,Männlich,,,Höherqualifizierende Berufsausbildung,8.973
2014,Prozent,,,Männlich,,,Höherqualifizierende Berufsausbildung,6.22
2015,Prozent,,,Männlich,,,Höherqualifizierende Berufsausbildung,6.271
2016,Prozent,,,Männlich,,,Höherqualifizierende Berufsausbildung,6.196
2017,Prozent,,,Männlich,,,Höherqualifizierende Berufsausbildung,6.754
2018,Prozent,,,Männlich,,,Höherqualifizierende Berufsausbildung,6.667
2019,Prozent,,,Männlich,,,Höherqualifizierende Berufsausbildung,6.796
2020,Prozent,,,Männlich,,,Höherqualifizierende Berufsausbildung,7.682
2021,Prozent,,r,Männlich,,,Höherqualifizierende Berufsausbildung,8.772
2022,Prozent,,r,Männlich,,,Höherqualifizierende Berufsausbildung,8.909
2023,Prozent,,r,Männlich,,,Höherqualifizierende Berufsausbildung,8.56
2024,Prozent,,p,Männlich,,,Höherqualifizierende Berufsausbildung,8.528
2000,Prozent,,,Männlich,,,Höherqualifizierende Berufsausbildung,11.521
2001,Prozent,,.,Männlich,,,Höherqualifizierende Berufsausbildung,
2002,Prozent,,.,Männlich,,,Höherqualifizierende Berufsausbildung,
2003,Prozent,,,Männlich,,,Höherqualifizierende Berufsausbildung,9.698
2004,Prozent,,,Männlich,,,Höherqualifizierende Berufsausbildung,10.096
2005,Prozent,,,Männlich,,,Höherqualifizierende Berufsausbildung,9.233
2006,Prozent,,,Männlich,,,Höherqualifizierende Berufsausbildung,8.559
2007,Prozent,,,Männlich,,,Höherqualifizierende Berufsausbildung,7.792
2008,Prozent,,,Männlich,,,Höherqualifizierende Berufsausbildung,7.873
2009,Prozent,,,Männlich,,,Höherqualifizierende Berufsausbildung,7.716
1999,Prozent,,,,,,Hochschulabschluss,14.758
2010,Prozent,,,,,,Hochschulabschluss,21.845
2011,Prozent,,,,,,Hochschulabschluss,20.718
2012,Prozent,,,,,,Hochschulabschluss,21.921
2013,Prozent,,,,,,Hochschulabschluss,23.661
2014,Prozent,,,,,,Hochschulabschluss,26.562
2015,Prozent,,,,,,Hochschulabschluss,27.312
2016,Prozent,,,,,,Hochschulabschluss,28.228
2017,Prozent,,,,,,Hochschulabschluss,28.615
2018,Prozent,,,,,,Hochschulabschluss,29.424
2019,Prozent,,,,,,Hochschulabschluss,30.073
2020,Prozent,,,,,,Hochschulabschluss,30.051
2021,Prozent,,r,,,,Hochschulabschluss,31.643
2022,Prozent,,r,,,,Hochschulabschluss,31.743
2023,Prozent,,r,,,,Hochschulabschluss,33.556
2024,Prozent,,p,,,,Hochschulabschluss,35.035
2000,Prozent,,,,,,Hochschulabschluss,15.033
2001,Prozent,,,,,,Hochschulabschluss,15.618
2002,Prozent,,,,,,Hochschulabschluss,15.477
2003,Prozent,,,,,,Hochschulabschluss,16.102
2004,Prozent,,,,,,Hochschulabschluss,17.435
2005,Prozent,,,,,,Hochschulabschluss,17.677
2006,Prozent,,,,,,Hochschulabschluss,17.995
2007,Prozent,,,,,,Hochschulabschluss,19.184
2008,Prozent,,,,,,Hochschulabschluss,20.344
2009,Prozent,,,,,,Hochschulabschluss,21.988
1999,Prozent,,,Weiblich,,,Hochschulabschluss,
2010,Prozent,,,Weiblich,,,Hochschulabschluss,22.156
2011,Prozent,,,Weiblich,,,Hochschulabschluss,21.081
2012,Prozent,,,Weiblich,,,Hochschulabschluss,22.529
2013,Prozent,,,Weiblich,,,Hochschulabschluss,24.098
2014,Prozent,,,Weiblich,,,Hochschulabschluss,27.374
2015,Prozent,,,Weiblich,,,Hochschulabschluss,28.689
2016,Prozent,,,Weiblich,,,Hochschulabschluss,29.285
2017,Prozent,,,Weiblich,,,Hochschulabschluss,30.235
2018,Prozent,,,Weiblich,,,Hochschulabschluss,31.053
2019,Prozent,,,Weiblich,,,Hochschulabschluss,31.956
2020,Prozent,,,Weiblich,,,Hochschulabschluss,31.916
2021,Prozent,,r,Weiblich,,,Hochschulabschluss,33.594
2022,Prozent,,r,Weiblich,,,Hochschulabschluss,34.414
2023,Prozent,,r,Weiblich,,,Hochschulabschluss,36.045
2024,Prozent,,p,Weiblich,,,Hochschulabschluss,37.633
2000,Prozent,,,Weiblich,,,Hochschulabschluss,12.747
2001,Prozent,,.,Weiblich,,,Hochschulabschluss,
2002,Prozent,,.,Weiblich,,,Hochschulabschluss,
2003,Prozent,,,Weiblich,,,Hochschulabschluss,14.324
2004,Prozent,,,Weiblich,,,Hochschulabschluss,15.746
2005,Prozent,,,Weiblich,,,Hochschulabschluss,16.594
2006,Prozent,,,Weiblich,,,Hochschulabschluss,17.284
2007,Prozent,,,Weiblich,,,Hochschulabschluss,18.837
2008,Prozent,,,Weiblich,,,Hochschulabschluss,20.263
2009,Prozent,,,Weiblich,,,Hochschulabschluss,22.064
1999,Prozent,,,Männlich,,,Hochschulabschluss,
2010,Prozent,,,Männlich,,,Hochschulabschluss,21.539
2011,Prozent,,,Männlich,,,Hochschulabschluss,20.363
2012,Prozent,,,Männlich,,,Hochschulabschluss,21.326
2013,Prozent,,,Männlich,,,Hochschulabschluss,23.23
2014,Prozent,,,Männlich,,,Hochschulabschluss,25.753
2015,Prozent,,,Männlich,,,Hochschulabschluss,25.969
2016,Prozent,,,Männlich,,,Hochschulabschluss,27.206
2017,Prozent,,,Männlich,,,Hochschulabschluss,27.062
2018,Prozent,,,Männlich,,,Hochschulabschluss,27.868
2019,Prozent,,,Männlich,,,Hochschulabschluss,28.285
2020,Prozent,,,Männlich,,,Hochschulabschluss,28.273
2021,Prozent,,r,Männlich,,,Hochschulabschluss,29.8
2022,Prozent,,r,Männlich,,,Hochschulabschluss,29.204
2023,Prozent,,r,Männlich,,,Hochschulabschluss,31.191
2024,Prozent,,p,Männlich,,,Hochschulabschluss,32.585
2000,Prozent,,,Männlich,,,Hochschulabschluss,17.239
2001,Prozent,,.,Männlich,,,Hochschulabschluss,
2002,Prozent,,.,Männlich,,,Hochschulabschluss,
2003,Prozent,,,Männlich,,,Hochschulabschluss,17.781
2004,Prozent,,,Männlich,,,Hochschulabschluss,19.053
2005,Prozent,,,Männlich,,,Hochschulabschluss,18.724
2006,Prozent,,,Männlich,,,Hochschulabschluss,18.693
2007,Prozent,,,Männlich,,,Hochschulabschluss,19.522
2008,Prozent,,,Männlich,,,Hochschulabschluss,20.424
2009,Prozent,,,Männlich,,,Hochschulabschluss,21.912
1999,Prozent,,,,,,Erstausbildung,49.396
2010,Prozent,,,,,,Erstausbildung,41.065
2011,Prozent,,,,,,Erstausbildung,40.482
2012,Prozent,,,,,,Erstausbildung,39.425
2013,Prozent,,,,,,Erstausbildung,38.693
2014,Prozent,,,,,,Erstausbildung,38.047
2015,Prozent,,,,,,Erstausbildung,36.855
2016,Prozent,,,,,,Erstausbildung,35.171
2017,Prozent,,,,,,Erstausbildung,34.264
2018,Prozent,,,,,,Erstausbildung,33.065
2019,Prozent,,,,,,Erstausbildung,32.248
2020,Prozent,,,,,,Erstausbildung,28.838
2021,Prozent,,r,,,,Erstausbildung,26.274
2022,Prozent,,r,,,,Erstausbildung,24.664
2023,Prozent,,r,,,,Erstausbildung,22.718
2024,Prozent,,p,,,,Erstausbildung,21.867
2000,Prozent,,,,,,Erstausbildung,49.322
2001,Prozent,,,,,,Erstausbildung,49.65
2002,Prozent,,,,,,Erstausbildung,48.917
2003,Prozent,,,,,,Erstausbildung,48.646
2004,Prozent,,,,,,Erstausbildung,46.517
2005,Prozent,,,,,,Erstausbildung,44.75
2006,Prozent,,,,,,Erstausbildung,43.96
2007,Prozent,,,,,,Erstausbildung,43.504
2008,Prozent,,,,,,Erstausbildung,42.921
2009,Prozent,,,,,,Erstausbildung,41.204
1999,Prozent,,,Weiblich,,,Erstausbildung,
2010,Prozent,,,Weiblich,,,Erstausbildung,39.405
2011,Prozent,,,Weiblich,,,Erstausbildung,38.186
2012,Prozent,,,Weiblich,,,Erstausbildung,36.887
2013,Prozent,,,Weiblich,,,Erstausbildung,36.193
2014,Prozent,,,Weiblich,,,Erstausbildung,35.163
2015,Prozent,,,Weiblich,,,Erstausbildung,33.5
2016,Prozent,,,Weiblich,,,Erstausbildung,32.001
2017,Prozent,,,Weiblich,,,Erstausbildung,31.554
2018,Prozent,,,Weiblich,,,Erstausbildung,30.558
2019,Prozent,,,Weiblich,,,Erstausbildung,29.631
2020,Prozent,,,Weiblich,,,Erstausbildung,25.707
2021,Prozent,,r,Weiblich,,,Erstausbildung,24.016
2022,Prozent,,r,Weiblich,,,Erstausbildung,22.266
2023,Prozent,,r,Weiblich,,,Erstausbildung,20.038
2024,Prozent,,p,Weiblich,,,Erstausbildung,19.423
2000,Prozent,,,Weiblich,,,Erstausbildung,50.121
2001,Prozent,,.,Weiblich,,,Erstausbildung,
2002,Prozent,,.,Weiblich,,,Erstausbildung,
2003,Prozent,,,Weiblich,,,Erstausbildung,48.995
2004,Prozent,,,Weiblich,,,Erstausbildung,46.648
2005,Prozent,,,Weiblich,,,Erstausbildung,44.886
2006,Prozent,,,Weiblich,,,Erstausbildung,43.095
2007,Prozent,,,Weiblich,,,Erstausbildung,42.657
2008,Prozent,,,Weiblich,,,Erstausbildung,41.379
2009,Prozent,,,Weiblich,,,Erstausbildung,39.704
1999,Prozent,,,Männlich,,,Erstausbildung,
2010,Prozent,,,Männlich,,,Erstausbildung,42.697
2011,Prozent,,,Männlich,,,Erstausbildung,42.734
2012,Prozent,,,Männlich,,,Erstausbildung,41.907
2013,Prozent,,,Männlich,,,Erstausbildung,41.153
2014,Prozent,,,Männlich,,,Erstausbildung,40.92
2015,Prozent,,,Männlich,,,Erstausbildung,40.13
2016,Prozent,,,Männlich,,,Erstausbildung,38.238
2017,Prozent,,,Männlich,,,Erstausbildung,36.862
2018,Prozent,,,Männlich,,,Erstausbildung,35.459
2019,Prozent,,,Männlich,,,Erstausbildung,34.733
2020,Prozent,,,Männlich,,,Erstausbildung,31.825
2021,Prozent,,r,Männlich,,,Erstausbildung,28.405
2022,Prozent,,r,Männlich,,,Erstausbildung,26.943
2023,Prozent,,r,Männlich,,,Erstausbildung,25.264
2024,Prozent,,p,Männlich,,,Erstausbildung,24.172
2000,Prozent,,,Männlich,,,Erstausbildung,48.549
2001,Prozent,,.,Männlich,,,Erstausbildung,
2002,Prozent,,.,Männlich,,,Erstausbildung,
2003,Prozent,,,Männlich,,,Erstausbildung,48.317
2004,Prozent,,,Männlich,,,Erstausbildung,46.391
2005,Prozent,,,Männlich,,,Erstausbildung,44.619
2006,Prozent,,,Männlich,,,Erstausbildung,44.808
2007,Prozent,,,Männlich,,,Erstausbildung,44.327
2008,Prozent,,,Männlich,,,Erstausbildung,44.444
2009,Prozent,,,Männlich,,,Erstausbildung,42.688
1999,Prozent,<u>Zusätzliche Zeitreihe:</u> Fachkräftepotenzial (insgesamt),,,,,,82.747
2010,Prozent,<u>Zusätzliche Zeitreihe:</u> Fachkräftepotenzial (insgesamt),,,,,,82.435
2011,Prozent,<u>Zusätzliche Zeitreihe:</u> Fachkräftepotenzial (insgesamt),,,,,,82.745
2012,Prozent,<u>Zusätzliche Zeitreihe:</u> Fachkräftepotenzial (insgesamt),,,,,,82.889
2013,Prozent,<u>Zusätzliche Zeitreihe:</u> Fachkräftepotenzial (insgesamt),,,,,,83.211
2014,Prozent,<u>Zusätzliche Zeitreihe:</u> Fachkräftepotenzial (insgesamt),,,,,,83.781
2015,Prozent,<u>Zusätzliche Zeitreihe:</u> Fachkräftepotenzial (insgesamt),,,,,,83.694
2016,Prozent,<u>Zusätzliche Zeitreihe:</u> Fachkräftepotenzial (insgesamt),,,,,,83.079
2017,Prozent,<u>Zusätzliche Zeitreihe:</u> Fachkräftepotenzial (insgesamt),,,,,,83.099
2018,Prozent,<u>Zusätzliche Zeitreihe:</u> Fachkräftepotenzial (insgesamt),,,,,,82.898
2019,Prozent,<u>Zusätzliche Zeitreihe:</u> Fachkräftepotenzial (insgesamt),,,,,,82.736
2020,Prozent,<u>Zusätzliche Zeitreihe:</u> Fachkräftepotenzial (insgesamt),,,,,,81.123
2021,Prozent,<u>Zusätzliche Zeitreihe:</u> Fachkräftepotenzial (insgesamt),r,,,,,79.916
2022,Prozent,<u>Zusätzliche Zeitreihe:</u> Fachkräftepotenzial (insgesamt),r,,,,,78.211
2023,Prozent,<u>Zusätzliche Zeitreihe:</u> Fachkräftepotenzial (insgesamt),r,,,,,78.057
2024,Prozent,<u>Zusätzliche Zeitreihe:</u> Fachkräftepotenzial (insgesamt),p,,,,,79.196
2000,Prozent,<u>Zusätzliche Zeitreihe:</u> Fachkräftepotenzial (insgesamt),,,,,,82.319
2001,Prozent,<u>Zusätzliche Zeitreihe:</u> Fachkräftepotenzial (insgesamt),,,,,,82.822
2002,Prozent,<u>Zusätzliche Zeitreihe:</u> Fachkräftepotenzial (insgesamt),,,,,,82.193
2003,Prozent,<u>Zusätzliche Zeitreihe:</u> Fachkräftepotenzial (insgesamt),,,,,,82.594
2004,Prozent,<u>Zusätzliche Zeitreihe:</u> Fachkräftepotenzial (insgesamt),,,,,,82.738
2005,Prozent,<u>Zusätzliche Zeitreihe:</u> Fachkräftepotenzial (insgesamt),,,,,,80.75
2006,Prozent,<u>Zusätzliche Zeitreihe:</u> Fachkräftepotenzial (insgesamt),,,,,,80.464
2007,Prozent,<u>Zusätzliche Zeitreihe:</u> Fachkräftepotenzial (insgesamt),,,,,,81.142
2008,Prozent,<u>Zusätzliche Zeitreihe:</u> Fachkräftepotenzial (insgesamt),,,,,,81.787
2009,Prozent,<u>Zusätzliche Zeitreihe:</u> Fachkräftepotenzial (insgesamt),,,,,,82.007
2030,Prozent,<u>Zusätzliche Zeitreihe:</u> Fachkräftepotenzial (insgesamt),…,,,,,
1999,Prozent,<u>Zusätzliche Zeitreihe:</u> Fachkräftepotenzial (insgesamt),,Weiblich,,,,
2010,Prozent,<u>Zusätzliche Zeitreihe:</u> Fachkräftepotenzial (insgesamt),,Weiblich,,,,82.152
2011,Prozent,<u>Zusätzliche Zeitreihe:</u> Fachkräftepotenzial (insgesamt),,Weiblich,,,,82.547
2012,Prozent,<u>Zusätzliche Zeitreihe:</u> Fachkräftepotenzial (insgesamt),,Weiblich,,,,82.871
2013,Prozent,<u>Zusätzliche Zeitreihe:</u> Fachkräftepotenzial (insgesamt),,Weiblich,,,,83.036
2014,Prozent,<u>Zusätzliche Zeitreihe:</u> Fachkräftepotenzial (insgesamt),,Weiblich,,,,83.537
2015,Prozent,<u>Zusätzliche Zeitreihe:</u> Fachkräftepotenzial (insgesamt),,Weiblich,,,,83.993
2016,Prozent,<u>Zusätzliche Zeitreihe:</u> Fachkräftepotenzial (insgesamt),,Weiblich,,,,83.329
2017,Prozent,<u>Zusätzliche Zeitreihe:</u> Fachkräftepotenzial (insgesamt),,Weiblich,,,,84.193
2018,Prozent,<u>Zusätzliche Zeitreihe:</u> Fachkräftepotenzial (insgesamt),,Weiblich,,,,84.384
2019,Prozent,<u>Zusätzliche Zeitreihe:</u> Fachkräftepotenzial (insgesamt),,Weiblich,,,,84.042
2020,Prozent,<u>Zusätzliche Zeitreihe:</u> Fachkräftepotenzial (insgesamt),r,Weiblich,,,,82.256
2021,Prozent,<u>Zusätzliche Zeitreihe:</u> Fachkräftepotenzial (insgesamt),r,Weiblich,,,,81.506
2022,Prozent,<u>Zusätzliche Zeitreihe:</u> Fachkräftepotenzial (insgesamt),r,Weiblich,,,,79.803
2023,Prozent,<u>Zusätzliche Zeitreihe:</u> Fachkräftepotenzial (insgesamt),r,Weiblich,,,,79.441
2024,Prozent,<u>Zusätzliche Zeitreihe:</u> Fachkräftepotenzial (insgesamt),p,Weiblich,,,,81.004
2000,Prozent,<u>Zusätzliche Zeitreihe:</u> Fachkräftepotenzial (insgesamt),,Weiblich,,,,81.001
2001,Prozent,<u>Zusätzliche Zeitreihe:</u> Fachkräftepotenzial (insgesamt),.,Weiblich,,,,
2002,Prozent,<u>Zusätzliche Zeitreihe:</u> Fachkräftepotenzial (insgesamt),.,Weiblich,,,,
2003,Prozent,<u>Zusätzliche Zeitreihe:</u> Fachkräftepotenzial (insgesamt),,Weiblich,,,,81.227
2004,Prozent,<u>Zusätzliche Zeitreihe:</u> Fachkräftepotenzial (insgesamt),,Weiblich,,,,81.302
2005,Prozent,<u>Zusätzliche Zeitreihe:</u> Fachkräftepotenzial (insgesamt),,Weiblich,,,,79.878
2006,Prozent,<u>Zusätzliche Zeitreihe:</u> Fachkräftepotenzial (insgesamt),,Weiblich,,,,79.577
2007,Prozent,<u>Zusätzliche Zeitreihe:</u> Fachkräftepotenzial (insgesamt),,Weiblich,,,,80.69
2008,Prozent,<u>Zusätzliche Zeitreihe:</u> Fachkräftepotenzial (insgesamt),,Weiblich,,,,81.069
2009,Prozent,<u>Zusätzliche Zeitreihe:</u> Fachkräftepotenzial (insgesamt),,Weiblich,,,,81.903
1999,Prozent,<u>Zusätzliche Zeitreihe:</u> Fachkräftepotenzial (insgesamt),,Männlich,,,,
2010,Prozent,<u>Zusätzliche Zeitreihe:</u> Fachkräftepotenzial (insgesamt),,Männlich,,,,82.713
2011,Prozent,<u>Zusätzliche Zeitreihe:</u> Fachkräftepotenzial (insgesamt),,Männlich,,,,82.843
2012,Prozent,<u>Zusätzliche Zeitreihe:</u> Fachkräftepotenzial (insgesamt),,Männlich,,,,82.81
2013,Prozent,<u>Zusätzliche Zeitreihe:</u> Fachkräftepotenzial (insgesamt),,Männlich,,,,83.382
2014,Prozent,<u>Zusätzliche Zeitreihe:</u> Fachkräftepotenzial (insgesamt),,Männlich,,,,83.825
2015,Prozent,<u>Zusätzliche Zeitreihe:</u> Fachkräftepotenzial (insgesamt),,Männlich,,,,83.205
2016,Prozent,<u>Zusätzliche Zeitreihe:</u> Fachkräftepotenzial (insgesamt),,Männlich,,,,82.836
2017,Prozent,<u>Zusätzliche Zeitreihe:</u> Fachkräftepotenzial (insgesamt),,Männlich,,,,82.051
2018,Prozent,<u>Zusätzliche Zeitreihe:</u> Fachkräftepotenzial (insgesamt),,Männlich,,,,81.479
2019,Prozent,<u>Zusätzliche Zeitreihe:</u> Fachkräftepotenzial (insgesamt),,Männlich,,,,81.497
2020,Prozent,<u>Zusätzliche Zeitreihe:</u> Fachkräftepotenzial (insgesamt),r,Männlich,,,,80.044
2021,Prozent,<u>Zusätzliche Zeitreihe:</u> Fachkräftepotenzial (insgesamt),r,Männlich,,,,78.413
2022,Prozent,<u>Zusätzliche Zeitreihe:</u> Fachkräftepotenzial (insgesamt),r,Männlich,,,,76.698
2023,Prozent,<u>Zusätzliche Zeitreihe:</u> Fachkräftepotenzial (insgesamt),r,Männlich,,,,76.742
2024,Prozent,<u>Zusätzliche Zeitreihe:</u> Fachkräftepotenzial (insgesamt),p,Männlich,,,,77.49
2000,Prozent,<u>Zusätzliche Zeitreihe:</u> Fachkräftepotenzial (insgesamt),,Männlich,,,,83.591
2001,Prozent,<u>Zusätzliche Zeitreihe:</u> Fachkräftepotenzial (insgesamt),.,Männlich,,,,
2002,Prozent,<u>Zusätzliche Zeitreihe:</u> Fachkräftepotenzial (insgesamt),.,Männlich,,,,
2003,Prozent,<u>Zusätzliche Zeitreihe:</u> Fachkräftepotenzial (insgesamt),,Männlich,,,,83.784
2004,Prozent,<u>Zusätzliche Zeitreihe:</u> Fachkräftepotenzial (insgesamt),,Männlich,,,,84.113
2005,Prozent,<u>Zusätzliche Zeitreihe:</u> Fachkräftepotenzial (insgesamt),,Männlich,,,,81.594
2006,Prozent,<u>Zusätzliche Zeitreihe:</u> Fachkräftepotenzial (insgesamt),,Männlich,,,,81.333
2007,Prozent,<u>Zusätzliche Zeitreihe:</u> Fachkräftepotenzial (insgesamt),,Männlich,,,,81.583
2008,Prozent,<u>Zusätzliche Zeitreihe:</u> Fachkräftepotenzial (insgesamt),,Männlich,,,,82.299
2009,Prozent,<u>Zusätzliche Zeitreihe:</u> Fachkräftepotenzial (insgesamt),,Männlich,,,,81.911
