Year,Units,COMMENT_OBS_0,Geschlecht,Bundesland,GeoCode,Value
1999,Prozent,,,,,14.9
2000,Prozent,r,,,,14.6
2001,Prozent,r,,,,12.3
2002,Prozent,r,,,,12.5
2003,Prozent,,,,,12.8
2004,Prozent,,,,,12.1
2005,Prozent,r,,,,13.5
2006,Prozent,r,,,,13.7
2007,Prozent,r,,,,12.5
2008,Prozent,,,,,11.8
2009,Prozent,,,,,11.1
2010,Prozent,r,,,,11.9
2011,Prozent,,,,,11.6
2012,Prozent,r,,,,10.4
2013,Prozent,,,,,9.8
2014,Prozent,,,,,9.5
2015,Prozent,r,,,,9.8
2016,Prozent,,,,,10.3
2017,Prozent,,,,,10.1
2018,Prozent,,,,,10.3
2019,Prozent,,,,,10.3
2020,Prozent,r,,,,10.2
2021,Prozent,r,,,,12.4
2022,Prozent,r,,,,12.8
2023,Prozent,p,,,,13.1
2030,Prozent,…,,,,
1999,Prozent,,Weiblich,,,15.6
2000,Prozent,r,Weiblich,,,14.9
2001,Prozent,r,Weiblich,,,12.6
2002,Prozent,r,Weiblich,,,12.5
2003,Prozent,,Weiblich,,,12.8
2004,Prozent,,Weiblich,,,11.9
2005,Prozent,r,Weiblich,,,13.7
2006,Prozent,r,Weiblich,,,13.4
2007,Prozent,r,Weiblich,,,11.9
2008,Prozent,,Weiblich,,,11.2
2009,Prozent,r,Weiblich,,,10.7
2010,Prozent,,Weiblich,,,11.0
2011,Prozent,r,Weiblich,,,10.6
2012,Prozent,r,Weiblich,,,9.7
2013,Prozent,,Weiblich,,,9.3
2014,Prozent,,Weiblich,,,9.0
2015,Prozent,r,Weiblich,,,9.5
2016,Prozent,r,Weiblich,,,9.6
2017,Prozent,,Weiblich,,,9.0
2018,Prozent,,Weiblich,,,9.1
2019,Prozent,,Weiblich,,,8.7
2020,Prozent,r,Weiblich,,,8.5
2021,Prozent,r,Weiblich,,,10.2
2022,Prozent,,Weiblich,,,11.1
2023,Prozent,p,Weiblich,,,10.8
2030,Prozent,…,Weiblich,,,
1999,Prozent,,Männlich,,,14.2
2000,Prozent,r,Männlich,,,14.4
2001,Prozent,r,Männlich,,,12.0
2002,Prozent,r,Männlich,,,12.5
2003,Prozent,,Männlich,,,12.9
2004,Prozent,,Männlich,,,12.2
2005,Prozent,r,Männlich,,,13.3
2006,Prozent,r,Männlich,,,14.0
2007,Prozent,r,Männlich,,,13.1
2008,Prozent,,Männlich,,,12.4
2009,Prozent,,Männlich,,,11.5
2010,Prozent,r,Männlich,,,12.7
2011,Prozent,,Männlich,,,12.5
2012,Prozent,r,Männlich,,,11.0
2013,Prozent,r,Männlich,,,10.3
2014,Prozent,,Männlich,,,10.0
2015,Prozent,r,Männlich,,,10.1
2016,Prozent,,Männlich,,,11.0
2017,Prozent,,Männlich,,,11.1
2018,Prozent,r,Männlich,,,11.4
2019,Prozent,,Männlich,,,11.8
2020,Prozent,,Männlich,,,11.8
2021,Prozent,r,Männlich,,,14.3
2022,Prozent,,Männlich,,,14.5
2023,Prozent,p,Männlich,,,15.3
2030,Prozent,…,Männlich,,,
1999,Prozent,,,Baden-Württemberg,code08,
2000,Prozent,.,,Baden-Württemberg,code08,
2001,Prozent,.,,Baden-Württemberg,code08,
2002,Prozent,.,,Baden-Württemberg,code08,
2003,Prozent,.,,Baden-Württemberg,code08,
2004,Prozent,.,,Baden-Württemberg,code08,
2005,Prozent,,,Baden-Württemberg,code08,12.5
2006,Prozent,,,Baden-Württemberg,code08,12.4
2007,Prozent,,,Baden-Württemberg,code08,12.1
2008,Prozent,,,Baden-Württemberg,code08,10.1
2009,Prozent,,,Baden-Württemberg,code08,9.5
2010,Prozent,,,Baden-Württemberg,code08,9.8
2011,Prozent,,,Baden-Württemberg,code08,9.9
2012,Prozent,,,Baden-Württemberg,code08,8.3
2013,Prozent,,,Baden-Württemberg,code08,7.6
2014,Prozent,,,Baden-Württemberg,code08,7.9
2015,Prozent,,,Baden-Württemberg,code08,8.3
2016,Prozent,,,Baden-Württemberg,code08,9.4
2017,Prozent,,,Baden-Württemberg,code08,8.7
2018,Prozent,,,Baden-Württemberg,code08,9.7
2019,Prozent,,,Baden-Württemberg,code08,9.2
2020,Prozent,,,Baden-Württemberg,code08,9.1
2021,Prozent,,,Baden-Württemberg,code08,11.1
2022,Prozent,,,Baden-Württemberg,code08,11.4
2023,Prozent,p,,Baden-Württemberg,code08,12.2
2030,Prozent,…,,Baden-Württemberg,code08,
1999,Prozent,,Weiblich,Baden-Württemberg,code08,
2000,Prozent,.,Weiblich,Baden-Württemberg,code08,
2001,Prozent,.,Weiblich,Baden-Württemberg,code08,
2002,Prozent,.,Weiblich,Baden-Württemberg,code08,
2003,Prozent,.,Weiblich,Baden-Württemberg,code08,
2004,Prozent,.,Weiblich,Baden-Württemberg,code08,
2005,Prozent,,Weiblich,Baden-Württemberg,code08,14.3
2006,Prozent,,Weiblich,Baden-Württemberg,code08,13.4
2007,Prozent,,Weiblich,Baden-Württemberg,code08,11.9
2008,Prozent,,Weiblich,Baden-Württemberg,code08,10.4
2009,Prozent,,Weiblich,Baden-Württemberg,code08,9.5
2010,Prozent,,Weiblich,Baden-Württemberg,code08,10.0
2011,Prozent,,Weiblich,Baden-Württemberg,code08,9.9
2012,Prozent,,Weiblich,Baden-Württemberg,code08,8.3
2013,Prozent,,Weiblich,Baden-Württemberg,code08,7.3
2014,Prozent,,Weiblich,Baden-Württemberg,code08,7.3
2015,Prozent,,Weiblich,Baden-Württemberg,code08,8.5
2016,Prozent,,Weiblich,Baden-Württemberg,code08,8.8
2017,Prozent,,Weiblich,Baden-Württemberg,code08,7.8
2018,Prozent,,Weiblich,Baden-Württemberg,code08,8.5
2019,Prozent,,Weiblich,Baden-Württemberg,code08,7.5
2020,Prozent,,Weiblich,Baden-Württemberg,code08,8.5
2021,Prozent,,Weiblich,Baden-Württemberg,code08,9.4
2022,Prozent,,Weiblich,Baden-Württemberg,code08,9.5
2023,Prozent,p,Weiblich,Baden-Württemberg,code08,9.7
2030,Prozent,…,Weiblich,Baden-Württemberg,code08,
1999,Prozent,,Männlich,Baden-Württemberg,code08,
2000,Prozent,.,Männlich,Baden-Württemberg,code08,
2001,Prozent,.,Männlich,Baden-Württemberg,code08,
2002,Prozent,.,Männlich,Baden-Württemberg,code08,
2003,Prozent,.,Männlich,Baden-Württemberg,code08,
2004,Prozent,.,Männlich,Baden-Württemberg,code08,
2005,Prozent,,Männlich,Baden-Württemberg,code08,10.7
2006,Prozent,,Männlich,Baden-Württemberg,code08,11.3
2007,Prozent,,Männlich,Baden-Württemberg,code08,12.3
2008,Prozent,,Männlich,Baden-Württemberg,code08,9.8
2009,Prozent,,Männlich,Baden-Württemberg,code08,9.5
2010,Prozent,,Männlich,Baden-Württemberg,code08,9.7
2011,Prozent,,Männlich,Baden-Württemberg,code08,9.9
2012,Prozent,,Männlich,Baden-Württemberg,code08,8.3
2013,Prozent,,Männlich,Baden-Württemberg,code08,7.9
2014,Prozent,,Männlich,Baden-Württemberg,code08,8.5
2015,Prozent,,Männlich,Baden-Württemberg,code08,8.1
2016,Prozent,,Männlich,Baden-Württemberg,code08,9.9
2017,Prozent,,Männlich,Baden-Württemberg,code08,9.6
2018,Prozent,,Männlich,Baden-Württemberg,code08,10.7
2019,Prozent,,Männlich,Baden-Württemberg,code08,10.7
2020,Prozent,,Männlich,Baden-Württemberg,code08,9.6
2021,Prozent,,Männlich,Baden-Württemberg,code08,12.7
2022,Prozent,,Männlich,Baden-Württemberg,code08,13.2
2023,Prozent,p,Männlich,Baden-Württemberg,code08,14.5
2030,Prozent,…,Männlich,Baden-Württemberg,code08,
1999,Prozent,,,Bayern,code09,
2000,Prozent,.,,Bayern,code09,
2001,Prozent,.,,Bayern,code09,
2002,Prozent,.,,Bayern,code09,
2003,Prozent,.,,Bayern,code09,
2004,Prozent,.,,Bayern,code09,
2005,Prozent,,,Bayern,code09,11.2
2006,Prozent,,,Bayern,code09,12.6
2007,Prozent,,,Bayern,code09,11.2
2008,Prozent,,,Bayern,code09,9.6
2009,Prozent,,,Bayern,code09,8.8
2010,Prozent,,,Bayern,code09,9.4
2011,Prozent,,,Bayern,code09,9.1
2012,Prozent,,,Bayern,code09,7.4
2013,Prozent,,,Bayern,code09,7.3
2014,Prozent,,,Bayern,code09,6.4
2015,Prozent,,,Bayern,code09,6.2
2016,Prozent,,,Bayern,code09,7.6
2017,Prozent,,,Bayern,code09,7.2
2018,Prozent,,,Bayern,code09,7.2
2019,Prozent,,,Bayern,code09,7.6
2020,Prozent,,,Bayern,code09,8.3
2021,Prozent,,,Bayern,code09,9.8
2022,Prozent,,,Bayern,code09,9.8
2023,Prozent,p,,Bayern,code09,10.7
2030,Prozent,…,,Bayern,code09,
1999,Prozent,,Weiblich,Bayern,code09,
2000,Prozent,.,Weiblich,Bayern,code09,
2001,Prozent,.,Weiblich,Bayern,code09,
2002,Prozent,.,Weiblich,Bayern,code09,
2003,Prozent,.,Weiblich,Bayern,code09,
2004,Prozent,.,Weiblich,Bayern,code09,
2005,Prozent,,Weiblich,Bayern,code09,11.5
2006,Prozent,,Weiblich,Bayern,code09,12.5
2007,Prozent,,Weiblich,Bayern,code09,9.9
2008,Prozent,,Weiblich,Bayern,code09,9.0
2009,Prozent,,Weiblich,Bayern,code09,8.2
2010,Prozent,,Weiblich,Bayern,code09,9.1
2011,Prozent,,Weiblich,Bayern,code09,8.0
2012,Prozent,,Weiblich,Bayern,code09,6.8
2013,Prozent,,Weiblich,Bayern,code09,7.0
2014,Prozent,,Weiblich,Bayern,code09,6.2
2015,Prozent,,Weiblich,Bayern,code09,5.6
2016,Prozent,,Weiblich,Bayern,code09,6.8
2017,Prozent,,Weiblich,Bayern,code09,6.5
2018,Prozent,,Weiblich,Bayern,code09,6.4
2019,Prozent,,Weiblich,Bayern,code09,6.5
2020,Prozent,,Weiblich,Bayern,code09,7.2
2021,Prozent,,Weiblich,Bayern,code09,7.9
2022,Prozent,,Weiblich,Bayern,code09,8.7
2023,Prozent,p,Weiblich,Bayern,code09,8.6
2030,Prozent,…,Weiblich,Bayern,code09,
1999,Prozent,,Männlich,Bayern,code09,
2000,Prozent,.,Männlich,Bayern,code09,
2001,Prozent,.,Männlich,Bayern,code09,
2002,Prozent,.,Männlich,Bayern,code09,
2003,Prozent,.,Männlich,Bayern,code09,
2004,Prozent,.,Männlich,Bayern,code09,
2005,Prozent,,Männlich,Bayern,code09,10.8
2006,Prozent,,Männlich,Bayern,code09,12.6
2007,Prozent,,Männlich,Bayern,code09,12.6
2008,Prozent,,Männlich,Bayern,code09,10.1
2009,Prozent,,Männlich,Bayern,code09,9.5
2010,Prozent,,Männlich,Bayern,code09,9.7
2011,Prozent,,Männlich,Bayern,code09,10.2
2012,Prozent,,Männlich,Bayern,code09,7.8
2013,Prozent,,Männlich,Bayern,code09,7.6
2014,Prozent,,Männlich,Bayern,code09,6.6
2015,Prozent,,Männlich,Bayern,code09,6.7
2016,Prozent,,Männlich,Bayern,code09,8.4
2017,Prozent,,Männlich,Bayern,code09,7.8
2018,Prozent,,Männlich,Bayern,code09,8.0
2019,Prozent,,Männlich,Bayern,code09,8.6
2020,Prozent,,Männlich,Bayern,code09,9.3
2021,Prozent,,Männlich,Bayern,code09,11.4
2022,Prozent,,Männlich,Bayern,code09,10.9
2023,Prozent,p,Männlich,Bayern,code09,12.6
2030,Prozent,…,Männlich,Bayern,code09,
1999,Prozent,,,Berlin,code11,
2000,Prozent,.,,Berlin,code11,
2001,Prozent,.,,Berlin,code11,
2002,Prozent,.,,Berlin,code11,
2003,Prozent,.,,Berlin,code11,
2004,Prozent,.,,Berlin,code11,
2005,Prozent,,,Berlin,code11,18.7
2006,Prozent,,,Berlin,code11,18.2
2007,Prozent,,,Berlin,code11,13.0
2008,Prozent,,,Berlin,code11,15.7
2009,Prozent,,,Berlin,code11,14.2
2010,Prozent,,,Berlin,code11,14.6
2011,Prozent,,,Berlin,code11,13.1
2012,Prozent,,,Berlin,code11,13.0
2013,Prozent,,,Berlin,code11,11.9
2014,Prozent,,,Berlin,code11,13.5
2015,Prozent,,,Berlin,code11,13.7
2016,Prozent,,,Berlin,code11,11.7
2017,Prozent,,,Berlin,code11,13.2
2018,Prozent,,,Berlin,code11,13.6
2019,Prozent,,,Berlin,code11,11.6
2020,Prozent,,,Berlin,code11,9.8
2021,Prozent,,,Berlin,code11,9.5
2022,Prozent,,,Berlin,code11,13.2
2023,Prozent,p,,Berlin,code11,14.7
2030,Prozent,…,,Berlin,code11,
1999,Prozent,,Weiblich,Berlin,code11,
2000,Prozent,.,Weiblich,Berlin,code11,
2001,Prozent,.,Weiblich,Berlin,code11,
2002,Prozent,.,Weiblich,Berlin,code11,
2003,Prozent,.,Weiblich,Berlin,code11,
2004,Prozent,.,Weiblich,Berlin,code11,
2005,Prozent,,Weiblich,Berlin,code11,17.0
2006,Prozent,,Weiblich,Berlin,code11,16.7
2007,Prozent,,Weiblich,Berlin,code11,11.5
2008,Prozent,,Weiblich,Berlin,code11,14.0
2009,Prozent,,Weiblich,Berlin,code11,13.0
2010,Prozent,,Weiblich,Berlin,code11,12.4
2011,Prozent,,Weiblich,Berlin,code11,11.2
2012,Prozent,,Weiblich,Berlin,code11,10.8
2013,Prozent,,Weiblich,Berlin,code11,9.1
2014,Prozent,,Weiblich,Berlin,code11,11.9
2015,Prozent,,Weiblich,Berlin,code11,10.7
2016,Prozent,,Weiblich,Berlin,code11,10.9
2017,Prozent,,Weiblich,Berlin,code11,11.0
2018,Prozent,,Weiblich,Berlin,code11,10.4
2019,Prozent,,Weiblich,Berlin,code11,8.0
2020,Prozent,.,Weiblich,Berlin,code11,
2021,Prozent,.,Weiblich,Berlin,code11,
2022,Prozent,.,Weiblich,Berlin,code11,
2023,Prozent,p,Weiblich,Berlin,code11,16.3
2030,Prozent,…,Weiblich,Berlin,code11,
1999,Prozent,,Männlich,Berlin,code11,
2000,Prozent,.,Männlich,Berlin,code11,
2001,Prozent,.,Männlich,Berlin,code11,
2002,Prozent,.,Männlich,Berlin,code11,
2003,Prozent,.,Männlich,Berlin,code11,
2004,Prozent,.,Männlich,Berlin,code11,
2005,Prozent,,Männlich,Berlin,code11,20.5
2006,Prozent,,Männlich,Berlin,code11,19.7
2007,Prozent,,Männlich,Berlin,code11,14.4
2008,Prozent,,Männlich,Berlin,code11,17.4
2009,Prozent,,Männlich,Berlin,code11,15.5
2010,Prozent,,Männlich,Berlin,code11,17.0
2011,Prozent,,Männlich,Berlin,code11,15.0
2012,Prozent,,Männlich,Berlin,code11,15.2
2013,Prozent,,Männlich,Berlin,code11,14.8
2014,Prozent,,Männlich,Berlin,code11,15.3
2015,Prozent,,Männlich,Berlin,code11,17.0
2016,Prozent,,Männlich,Berlin,code11,12.5
2017,Prozent,,Männlich,Berlin,code11,15.5
2018,Prozent,,Männlich,Berlin,code11,16.9
2019,Prozent,,Männlich,Berlin,code11,15.0
2020,Prozent,.,Männlich,Berlin,code11,
2021,Prozent,,Männlich,Berlin,code11,
2022,Prozent,.,Männlich,Berlin,code11,
2023,Prozent,p,Männlich,Berlin,code11,13.1
2030,Prozent,…,Männlich,Berlin,code11,
1999,Prozent,,,Brandenburg,code12,
2000,Prozent,.,,Brandenburg,code12,
2001,Prozent,.,,Brandenburg,code12,
2002,Prozent,.,,Brandenburg,code12,
2003,Prozent,.,,Brandenburg,code12,
2004,Prozent,.,,Brandenburg,code12,
2005,Prozent,,,Brandenburg,code12,10.2
2006,Prozent,,,Brandenburg,code12,11.1
2007,Prozent,,,Brandenburg,code12,9.0
2008,Prozent,,,Brandenburg,code12,9.3
2009,Prozent,,,Brandenburg,code12,9.0
2010,Prozent,,,Brandenburg,code12,9.6
2011,Prozent,,,Brandenburg,code12,10.2
2012,Prozent,,,Brandenburg,code12,10.0
2013,Prozent,,,Brandenburg,code12,10.6
2014,Prozent,,,Brandenburg,code12,9.0
2015,Prozent,,,Brandenburg,code12,11.6
2016,Prozent,,,Brandenburg,code12,11.0
2017,Prozent,,,Brandenburg,code12,12.3
2018,Prozent,,,Brandenburg,code12,11.5
2019,Prozent,,,Brandenburg,code12,10.8
2020,Prozent,.,,Brandenburg,code12,
2021,Prozent,.,,Brandenburg,code12,
2022,Prozent,.,,Brandenburg,code12,
2023,Prozent,p,,Brandenburg,code12,12.0
2030,Prozent,…,,Brandenburg,code12,
1999,Prozent,,Weiblich,Brandenburg,code12,
2000,Prozent,.,Weiblich,Brandenburg,code12,
2001,Prozent,.,Weiblich,Brandenburg,code12,
2002,Prozent,.,Weiblich,Brandenburg,code12,
2003,Prozent,.,Weiblich,Brandenburg,code12,
2004,Prozent,.,Weiblich,Brandenburg,code12,
2005,Prozent,,Weiblich,Brandenburg,code12,10.1
2006,Prozent,,Weiblich,Brandenburg,code12,9.7
2007,Prozent,,Weiblich,Brandenburg,code12,6.2
2008,Prozent,,Weiblich,Brandenburg,code12,7.1
2009,Prozent,,Weiblich,Brandenburg,code12,7.5
2010,Prozent,,Weiblich,Brandenburg,code12,7.1
2011,Prozent,,Weiblich,Brandenburg,code12,8.4
2012,Prozent,,Weiblich,Brandenburg,code12,10.3
2013,Prozent,,Weiblich,Brandenburg,code12,10.1
2014,Prozent,.,Weiblich,Brandenburg,code12,
2015,Prozent,,Weiblich,Brandenburg,code12,11.1
2016,Prozent,.,Weiblich,Brandenburg,code12,
2017,Prozent,.,Weiblich,Brandenburg,code12,
2018,Prozent,,Weiblich,Brandenburg,code12,10.4
2019,Prozent,.,Weiblich,Brandenburg,code12,
2020,Prozent,.,Weiblich,Brandenburg,code12,
2021,Prozent,.,Weiblich,Brandenburg,code12,
2022,Prozent,.,Weiblich,Brandenburg,code12,
2023,Prozent,.,Weiblich,Brandenburg,code12,
2030,Prozent,…,Weiblich,Brandenburg,code12,
1999,Prozent,,Männlich,Brandenburg,code12,
2000,Prozent,.,Männlich,Brandenburg,code12,
2001,Prozent,.,Männlich,Brandenburg,code12,
2002,Prozent,.,Männlich,Brandenburg,code12,
2003,Prozent,.,Männlich,Brandenburg,code12,
2004,Prozent,.,Männlich,Brandenburg,code12,
2005,Prozent,,Männlich,Brandenburg,code12,10.3
2006,Prozent,,Männlich,Brandenburg,code12,12.4
2007,Prozent,,Männlich,Brandenburg,code12,11.5
2008,Prozent,,Männlich,Brandenburg,code12,11.3
2009,Prozent,,Männlich,Brandenburg,code12,10.4
2010,Prozent,,Männlich,Brandenburg,code12,11.7
2011,Prozent,,Männlich,Brandenburg,code12,11.8
2012,Prozent,,Männlich,Brandenburg,code12,9.7
2013,Prozent,,Männlich,Brandenburg,code12,11.0
2014,Prozent,,Männlich,Brandenburg,code12,9.2
2015,Prozent,,Männlich,Brandenburg,code12,11.9
2016,Prozent,,Männlich,Brandenburg,code12,12.6
2017,Prozent,,Männlich,Brandenburg,code12,15.0
2018,Prozent,,Männlich,Brandenburg,code12,12.4
2019,Prozent,,Männlich,Brandenburg,code12,13.6
2020,Prozent,.,Männlich,Brandenburg,code12,
2021,Prozent,.,Männlich,Brandenburg,code12,
2022,Prozent,.,Männlich,Brandenburg,code12,
2023,Prozent,.,Männlich,Brandenburg,code12,
2030,Prozent,…,Männlich,Brandenburg,code12,
1999,Prozent,,,Bremen,code04,
2000,Prozent,.,,Bremen,code04,
2001,Prozent,.,,Bremen,code04,
2002,Prozent,.,,Bremen,code04,
2003,Prozent,.,,Bremen,code04,
2004,Prozent,.,,Bremen,code04,
2005,Prozent,,,Bremen,code04,19.1
2006,Prozent,,,Bremen,code04,17.5
2007,Prozent,,,Bremen,code04,15.0
2008,Prozent,,,Bremen,code04,14.4
2009,Prozent,,,Bremen,code04,14.5
2010,Prozent,,,Bremen,code04,14.3
2011,Prozent,,,Bremen,code04,17.2
2012,Prozent,,,Bremen,code04,13.3
2013,Prozent,,,Bremen,code04,14.9
2014,Prozent,,,Bremen,code04,14.0
2015,Prozent,,,Bremen,code04,11.5
2016,Prozent,,,Bremen,code04,11.1
2017,Prozent,,,Bremen,code04,10.9
2018,Prozent,,,Bremen,code04,14.6
2019,Prozent,,,Bremen,code04,16.0
2020,Prozent,.,,Bremen,code04,
2021,Prozent,.,,Bremen,code04,
2022,Prozent,,,Bremen,code04,20.6
2023,Prozent,p,,Bremen,code04,21.5
2030,Prozent,…,,Bremen,code04,
1999,Prozent,,Weiblich,Bremen,code04,
2000,Prozent,.,Weiblich,Bremen,code04,
2001,Prozent,.,Weiblich,Bremen,code04,
2002,Prozent,.,Weiblich,Bremen,code04,
2003,Prozent,.,Weiblich,Bremen,code04,
2004,Prozent,.,Weiblich,Bremen,code04,
2005,Prozent,,Weiblich,Bremen,code04,19.8
2006,Prozent,,Weiblich,Bremen,code04,20.0
2007,Prozent,.,Weiblich,Bremen,code04,
2008,Prozent,.,Weiblich,Bremen,code04,
2009,Prozent,.,Weiblich,Bremen,code04,
2010,Prozent,.,Weiblich,Bremen,code04,
2011,Prozent,.,Weiblich,Bremen,code04,
2012,Prozent,.,Weiblich,Bremen,code04,
2013,Prozent,.,Weiblich,Bremen,code04,
2014,Prozent,.,Weiblich,Bremen,code04,
2015,Prozent,.,Weiblich,Bremen,code04,
2016,Prozent,.,Weiblich,Bremen,code04,
2017,Prozent,.,Weiblich,Bremen,code04,
2018,Prozent,.,Weiblich,Bremen,code04,
2019,Prozent,.,Weiblich,Bremen,code04,
2020,Prozent,.,Weiblich,Bremen,code04,
2021,Prozent,.,Weiblich,Bremen,code04,
2022,Prozent,.,Weiblich,Bremen,code04,
2023,Prozent,.,Weiblich,Bremen,code04,
2030,Prozent,…,Weiblich,Bremen,code04,
1999,Prozent,,Männlich,Bremen,code04,
2000,Prozent,.,Männlich,Bremen,code04,
2001,Prozent,.,Männlich,Bremen,code04,
2002,Prozent,.,Männlich,Bremen,code04,
2003,Prozent,.,Männlich,Bremen,code04,
2004,Prozent,.,Männlich,Bremen,code04,
2005,Prozent,,Männlich,Bremen,code04,18.2
2006,Prozent,,Männlich,Bremen,code04,14.8
2007,Prozent,,Männlich,Bremen,code04,19.2
2008,Prozent,.,Männlich,Bremen,code04,
2009,Prozent,.,Männlich,Bremen,code04,
2010,Prozent,.,Männlich,Bremen,code04,
2011,Prozent,.,Männlich,Bremen,code04,
2012,Prozent,.,Männlich,Bremen,code04,
2013,Prozent,.,Männlich,Bremen,code04,
2014,Prozent,.,Männlich,Bremen,code04,
2015,Prozent,.,Männlich,Bremen,code04,
2016,Prozent,.,Männlich,Bremen,code04,
2017,Prozent,.,Männlich,Bremen,code04,
2018,Prozent,,Männlich,Bremen,code04,17.7
2019,Prozent,,Männlich,Bremen,code04,17.7
2020,Prozent,.,Männlich,Bremen,code04,
2021,Prozent,.,Männlich,Bremen,code04,
2022,Prozent,.,Männlich,Bremen,code04,
2023,Prozent,.,Männlich,Bremen,code04,
2030,Prozent,…,Männlich,Bremen,code04,
1999,Prozent,,,Hamburg,code02,
2000,Prozent,.,,Hamburg,code02,
2001,Prozent,.,,Hamburg,code02,
2002,Prozent,.,,Hamburg,code02,
2003,Prozent,.,,Hamburg,code02,
2004,Prozent,.,,Hamburg,code02,
2005,Prozent,,,Hamburg,code02,21.2
2006,Prozent,,,Hamburg,code02,16.7
2007,Prozent,,,Hamburg,code02,15.5
2008,Prozent,,,Hamburg,code02,14.7
2009,Prozent,,,Hamburg,code02,12.1
2010,Prozent,,,Hamburg,code02,13.2
2011,Prozent,,,Hamburg,code02,13.2
2012,Prozent,,,Hamburg,code02,12.5
2013,Prozent,,,Hamburg,code02,11.6
2014,Prozent,,,Hamburg,code02,11.8
2015,Prozent,,,Hamburg,code02,12.6
2016,Prozent,,,Hamburg,code02,12.8
2017,Prozent,,,Hamburg,code02,11.4
2018,Prozent,,,Hamburg,code02,11.6
2019,Prozent,,,Hamburg,code02,14.0
2020,Prozent,.,,Hamburg,code02,
2021,Prozent,.,,Hamburg,code02,
2022,Prozent,,,Hamburg,code02,14.0
2023,Prozent,p,,Hamburg,code02,13.4
2030,Prozent,…,,Hamburg,code02,
1999,Prozent,,Weiblich,Hamburg,code02,
2000,Prozent,.,Weiblich,Hamburg,code02,
2001,Prozent,.,Weiblich,Hamburg,code02,
2002,Prozent,.,Weiblich,Hamburg,code02,
2003,Prozent,.,Weiblich,Hamburg,code02,
2004,Prozent,.,Weiblich,Hamburg,code02,
2005,Prozent,,Weiblich,Hamburg,code02,21.9
2006,Prozent,,Weiblich,Hamburg,code02,15.9
2007,Prozent,,Weiblich,Hamburg,code02,14.1
2008,Prozent,,Weiblich,Hamburg,code02,11.9
2009,Prozent,,Weiblich,Hamburg,code02,10.2
2010,Prozent,,Weiblich,Hamburg,code02,11.7
2011,Prozent,,Weiblich,Hamburg,code02,11.0
2012,Prozent,,Weiblich,Hamburg,code02,11.1
2013,Prozent,,Weiblich,Hamburg,code02,11.9
2014,Prozent,,Weiblich,Hamburg,code02,9.7
2015,Prozent,,Weiblich,Hamburg,code02,11.0
2016,Prozent,,Weiblich,Hamburg,code02,12.4
2017,Prozent,,Weiblich,Hamburg,code02,10.7
2018,Prozent,,Weiblich,Hamburg,code02,12.2
2019,Prozent,,Weiblich,Hamburg,code02,13.4
2020,Prozent,.,Weiblich,Hamburg,code02,
2021,Prozent,.,Weiblich,Hamburg,code02,
2022,Prozent,.,Weiblich,Hamburg,code02,
2023,Prozent,.,Weiblich,Hamburg,code02,
2030,Prozent,…,Weiblich,Hamburg,code02,
1999,Prozent,,Männlich,Hamburg,code02,
2000,Prozent,.,Männlich,Hamburg,code02,
2001,Prozent,.,Männlich,Hamburg,code02,
2002,Prozent,.,Männlich,Hamburg,code02,
2003,Prozent,.,Männlich,Hamburg,code02,
2004,Prozent,.,Männlich,Hamburg,code02,
2005,Prozent,,Männlich,Hamburg,code02,20.4
2006,Prozent,,Männlich,Hamburg,code02,17.7
2007,Prozent,,Männlich,Hamburg,code02,16.7
2008,Prozent,,Männlich,Hamburg,code02,17.5
2009,Prozent,,Männlich,Hamburg,code02,14.1
2010,Prozent,,Männlich,Hamburg,code02,14.9
2011,Prozent,,Männlich,Hamburg,code02,15.4
2012,Prozent,,Männlich,Hamburg,code02,13.9
2013,Prozent,,Männlich,Hamburg,code02,11.4
2014,Prozent,,Männlich,Hamburg,code02,13.9
2015,Prozent,,Männlich,Hamburg,code02,14.1
2016,Prozent,,Männlich,Hamburg,code02,13.2
2017,Prozent,,Männlich,Hamburg,code02,12.1
2018,Prozent,,Männlich,Hamburg,code02,11.0
2019,Prozent,,Männlich,Hamburg,code02,14.4
2020,Prozent,.,Männlich,Hamburg,code02,
2021,Prozent,.,Männlich,Hamburg,code02,
2022,Prozent,.,Männlich,Hamburg,code02,
2023,Prozent,.,Männlich,Hamburg,code02,
2030,Prozent,…,Männlich,Hamburg,code02,
1999,Prozent,,,Hessen,code06,
2000,Prozent,.,,Hessen,code06,
2001,Prozent,.,,Hessen,code06,
2002,Prozent,.,,Hessen,code06,
2003,Prozent,.,,Hessen,code06,
2004,Prozent,.,,Hessen,code06,
2005,Prozent,,,Hessen,code06,13.3
2006,Prozent,,,Hessen,code06,14.7
2007,Prozent,,,Hessen,code06,12.1
2008,Prozent,,,Hessen,code06,12.4
2009,Prozent,,,Hessen,code06,11.4
2010,Prozent,,,Hessen,code06,11.8
2011,Prozent,,,Hessen,code06,10.6
2012,Prozent,,,Hessen,code06,9.1
2013,Prozent,,,Hessen,code06,10.0
2014,Prozent,,,Hessen,code06,9.7
2015,Prozent,,,Hessen,code06,9.5
2016,Prozent,,,Hessen,code06,10.5
2017,Prozent,,,Hessen,code06,10.2
2018,Prozent,,,Hessen,code06,10.7
2019,Prozent,,,Hessen,code06,10.3
2020,Prozent,,,Hessen,code06,12.3
2021,Prozent,,,Hessen,code06,13.6
2022,Prozent,,,Hessen,code06,14.6
2023,Prozent,p,,Hessen,code06,14.9
2030,Prozent,…,,Hessen,code06,
1999,Prozent,,Weiblich,Hessen,code06,
2000,Prozent,.,Weiblich,Hessen,code06,
2001,Prozent,.,Weiblich,Hessen,code06,
2002,Prozent,.,Weiblich,Hessen,code06,
2003,Prozent,.,Weiblich,Hessen,code06,
2004,Prozent,.,Weiblich,Hessen,code06,
2005,Prozent,,Weiblich,Hessen,code06,12.7
2006,Prozent,,Weiblich,Hessen,code06,13.8
2007,Prozent,,Weiblich,Hessen,code06,13.7
2008,Prozent,,Weiblich,Hessen,code06,11.7
2009,Prozent,,Weiblich,Hessen,code06,10.4
2010,Prozent,,Weiblich,Hessen,code06,10.6
2011,Prozent,,Weiblich,Hessen,code06,9.5
2012,Prozent,,Weiblich,Hessen,code06,8.4
2013,Prozent,,Weiblich,Hessen,code06,9.2
2014,Prozent,,Weiblich,Hessen,code06,8.9
2015,Prozent,,Weiblich,Hessen,code06,9.4
2016,Prozent,,Weiblich,Hessen,code06,9.5
2017,Prozent,,Weiblich,Hessen,code06,8.3
2018,Prozent,,Weiblich,Hessen,code06,8.9
2019,Prozent,,Weiblich,Hessen,code06,8.7
2020,Prozent,,Weiblich,Hessen,code06,9.4
2021,Prozent,,Weiblich,Hessen,code06,10.6
2022,Prozent,,Weiblich,Hessen,code06,11.9
2023,Prozent,p,Weiblich,Hessen,code06,12.7
2030,Prozent,…,Weiblich,Hessen,code06,
1999,Prozent,,Männlich,Hessen,code06,
2000,Prozent,.,Männlich,Hessen,code06,
2001,Prozent,.,Männlich,Hessen,code06,
2002,Prozent,.,Männlich,Hessen,code06,
2003,Prozent,.,Männlich,Hessen,code06,
2004,Prozent,.,Männlich,Hessen,code06,
2005,Prozent,,Männlich,Hessen,code06,13.9
2006,Prozent,,Männlich,Hessen,code06,15.6
2007,Prozent,,Männlich,Hessen,code06,10.5
2008,Prozent,,Männlich,Hessen,code06,13.0
2009,Prozent,,Männlich,Hessen,code06,12.4
2010,Prozent,,Männlich,Hessen,code06,13.1
2011,Prozent,,Männlich,Hessen,code06,11.7
2012,Prozent,,Männlich,Hessen,code06,9.7
2013,Prozent,,Männlich,Hessen,code06,10.7
2014,Prozent,,Männlich,Hessen,code06,10.4
2015,Prozent,,Männlich,Hessen,code06,9.6
2016,Prozent,,Männlich,Hessen,code06,11.4
2017,Prozent,,Männlich,Hessen,code06,11.8
2018,Prozent,,Männlich,Hessen,code06,12.3
2019,Prozent,,Männlich,Hessen,code06,11.8
2020,Prozent,,Männlich,Hessen,code06,14.8
2021,Prozent,,Männlich,Hessen,code06,16.3
2022,Prozent,,Männlich,Hessen,code06,17.2
2023,Prozent,p,Männlich,Hessen,code06,17.0
2030,Prozent,…,Männlich,Hessen,code06,
1999,Prozent,,,Mecklenburg-Vorpommern,code13,
2000,Prozent,.,,Mecklenburg-Vorpommern,code13,
2001,Prozent,.,,Mecklenburg-Vorpommern,code13,
2002,Prozent,.,,Mecklenburg-Vorpommern,code13,
2003,Prozent,.,,Mecklenburg-Vorpommern,code13,
2004,Prozent,.,,Mecklenburg-Vorpommern,code13,
2005,Prozent,,,Mecklenburg-Vorpommern,code13,14.0
2006,Prozent,,,Mecklenburg-Vorpommern,code13,12.9
2007,Prozent,,,Mecklenburg-Vorpommern,code13,13.1
2008,Prozent,,,Mecklenburg-Vorpommern,code13,8.9
2009,Prozent,,,Mecklenburg-Vorpommern,code13,9.3
2010,Prozent,,,Mecklenburg-Vorpommern,code13,9.2
2011,Prozent,,,Mecklenburg-Vorpommern,code13,9.9
2012,Prozent,,,Mecklenburg-Vorpommern,code13,11.0
2013,Prozent,,,Mecklenburg-Vorpommern,code13,9.6
2014,Prozent,,,Mecklenburg-Vorpommern,code13,9.9
2015,Prozent,,,Mecklenburg-Vorpommern,code13,10.6
2016,Prozent,,,Mecklenburg-Vorpommern,code13,13.6
2017,Prozent,,,Mecklenburg-Vorpommern,code13,9.8
2018,Prozent,,,Mecklenburg-Vorpommern,code13,11.1
2019,Prozent,,,Mecklenburg-Vorpommern,code13,11.4
2020,Prozent,.,,Mecklenburg-Vorpommern,code13,
2021,Prozent,.,,Mecklenburg-Vorpommern,code13,
2022,Prozent,,,Mecklenburg-Vorpommern,code13,14.4
2023,Prozent,p,,Mecklenburg-Vorpommern,code13,14.2
2030,Prozent,…,,Mecklenburg-Vorpommern,code13,
1999,Prozent,,Weiblich,Mecklenburg-Vorpommern,code13,
2000,Prozent,.,Weiblich,Mecklenburg-Vorpommern,code13,
2001,Prozent,.,Weiblich,Mecklenburg-Vorpommern,code13,
2002,Prozent,.,Weiblich,Mecklenburg-Vorpommern,code13,
2003,Prozent,.,Weiblich,Mecklenburg-Vorpommern,code13,
2004,Prozent,.,Weiblich,Mecklenburg-Vorpommern,code13,
2005,Prozent,,Weiblich,Mecklenburg-Vorpommern,code13,12.7
2006,Prozent,,Weiblich,Mecklenburg-Vorpommern,code13,12.7
2007,Prozent,,Weiblich,Mecklenburg-Vorpommern,code13,12.1
2008,Prozent,,Weiblich,Mecklenburg-Vorpommern,code13,8.3
2009,Prozent,,Weiblich,Mecklenburg-Vorpommern,code13,8.9
2010,Prozent,.,Weiblich,Mecklenburg-Vorpommern,code13,
2011,Prozent,,Weiblich,Mecklenburg-Vorpommern,code13,8.8
2012,Prozent,,Weiblich,Mecklenburg-Vorpommern,code13,10.9
2013,Prozent,.,Weiblich,Mecklenburg-Vorpommern,code13,
2014,Prozent,.,Weiblich,Mecklenburg-Vorpommern,code13,
2015,Prozent,.,Weiblich,Mecklenburg-Vorpommern,code13,
2016,Prozent,.,Weiblich,Mecklenburg-Vorpommern,code13,
2017,Prozent,.,Weiblich,Mecklenburg-Vorpommern,code13,
2018,Prozent,.,Weiblich,Mecklenburg-Vorpommern,code13,
2019,Prozent,.,Weiblich,Mecklenburg-Vorpommern,code13,
2020,Prozent,.,Weiblich,Mecklenburg-Vorpommern,code13,
2021,Prozent,.,Weiblich,Mecklenburg-Vorpommern,code13,
2022,Prozent,.,Weiblich,Mecklenburg-Vorpommern,code13,
2023,Prozent,.,Weiblich,Mecklenburg-Vorpommern,code13,
2030,Prozent,…,Weiblich,Mecklenburg-Vorpommern,code13,
1999,Prozent,,Männlich,Mecklenburg-Vorpommern,code13,
2000,Prozent,.,Männlich,Mecklenburg-Vorpommern,code13,
2001,Prozent,.,Männlich,Mecklenburg-Vorpommern,code13,
2002,Prozent,.,Männlich,Mecklenburg-Vorpommern,code13,
2003,Prozent,.,Männlich,Mecklenburg-Vorpommern,code13,
2004,Prozent,.,Männlich,Mecklenburg-Vorpommern,code13,
2005,Prozent,,Männlich,Mecklenburg-Vorpommern,code13,15.0
2006,Prozent,,Männlich,Mecklenburg-Vorpommern,code13,13.1
2007,Prozent,,Männlich,Mecklenburg-Vorpommern,code13,14.0
2008,Prozent,,Männlich,Mecklenburg-Vorpommern,code13,9.4
2009,Prozent,,Männlich,Mecklenburg-Vorpommern,code13,9.6
2010,Prozent,,Männlich,Mecklenburg-Vorpommern,code13,11.6
2011,Prozent,,Männlich,Mecklenburg-Vorpommern,code13,10.9
2012,Prozent,,Männlich,Mecklenburg-Vorpommern,code13,11.0
2013,Prozent,.,Männlich,Mecklenburg-Vorpommern,code13,
2014,Prozent,.,Männlich,Mecklenburg-Vorpommern,code13,
2015,Prozent,.,Männlich,Mecklenburg-Vorpommern,code13,
2016,Prozent,,Männlich,Mecklenburg-Vorpommern,code13,14.3
2017,Prozent,.,Männlich,Mecklenburg-Vorpommern,code13,
2018,Prozent,,Männlich,Mecklenburg-Vorpommern,code13,12.6
2019,Prozent,,Männlich,Mecklenburg-Vorpommern,code13,11.8
2020,Prozent,.,Männlich,Mecklenburg-Vorpommern,code13,
2021,Prozent,.,Männlich,Mecklenburg-Vorpommern,code13,
2022,Prozent,.,Männlich,Mecklenburg-Vorpommern,code13,
2023,Prozent,.,Männlich,Mecklenburg-Vorpommern,code13,
2030,Prozent,…,Männlich,Mecklenburg-Vorpommern,code13,
1999,Prozent,,,Niedersachsen,code03,
2000,Prozent,.,,Niedersachsen,code03,
2001,Prozent,.,,Niedersachsen,code03,
2002,Prozent,.,,Niedersachsen,code03,
2003,Prozent,.,,Niedersachsen,code03,
2004,Prozent,.,,Niedersachsen,code03,
2005,Prozent,,,Niedersachsen,code03,16.0
2006,Prozent,,,Niedersachsen,code03,14.6
2007,Prozent,,,Niedersachsen,code03,14.0
2008,Prozent,,,Niedersachsen,code03,13.0
2009,Prozent,,,Niedersachsen,code03,12.6
2010,Prozent,,,Niedersachsen,code03,13.9
2011,Prozent,,,Niedersachsen,code03,14.1
2012,Prozent,,,Niedersachsen,code03,11.8
2013,Prozent,,,Niedersachsen,code03,10.8
2014,Prozent,,,Niedersachsen,code03,10.7
2015,Prozent,,,Niedersachsen,code03,10.7
2016,Prozent,,,Niedersachsen,code03,12.1
2017,Prozent,,,Niedersachsen,code03,11.3
2018,Prozent,,,Niedersachsen,code03,11.0
2019,Prozent,,,Niedersachsen,code03,11.9
2020,Prozent,,,Niedersachsen,code03,10.4
2021,Prozent,,,Niedersachsen,code03,12.2
2022,Prozent,,,Niedersachsen,code03,13.8
2023,Prozent,p,,Niedersachsen,code03,15.0
2030,Prozent,…,,Niedersachsen,code03,
1999,Prozent,,Weiblich,Niedersachsen,code03,
2000,Prozent,.,Weiblich,Niedersachsen,code03,
2001,Prozent,.,Weiblich,Niedersachsen,code03,
2002,Prozent,.,Weiblich,Niedersachsen,code03,
2003,Prozent,.,Weiblich,Niedersachsen,code03,
2004,Prozent,.,Weiblich,Niedersachsen,code03,
2005,Prozent,,Weiblich,Niedersachsen,code03,18.5
2006,Prozent,,Weiblich,Niedersachsen,code03,14.3
2007,Prozent,,Weiblich,Niedersachsen,code03,13.6
2008,Prozent,,Weiblich,Niedersachsen,code03,12.1
2009,Prozent,,Weiblich,Niedersachsen,code03,12.4
2010,Prozent,,Weiblich,Niedersachsen,code03,12.8
2011,Prozent,,Weiblich,Niedersachsen,code03,13.7
2012,Prozent,,Weiblich,Niedersachsen,code03,10.0
2013,Prozent,,Weiblich,Niedersachsen,code03,10.4
2014,Prozent,,Weiblich,Niedersachsen,code03,9.9
2015,Prozent,,Weiblich,Niedersachsen,code03,10.5
2016,Prozent,,Weiblich,Niedersachsen,code03,11.5
2017,Prozent,,Weiblich,Niedersachsen,code03,10.4
2018,Prozent,,Weiblich,Niedersachsen,code03,9.7
2019,Prozent,,Weiblich,Niedersachsen,code03,10.7
2020,Prozent,.,Weiblich,Niedersachsen,code03,8.7
2021,Prozent,,Weiblich,Niedersachsen,code03,10.8
2022,Prozent,,Weiblich,Niedersachsen,code03,12.3
2023,Prozent,p,Weiblich,Niedersachsen,code03,11.8
2030,Prozent,…,Weiblich,Niedersachsen,code03,
1999,Prozent,,Männlich,Niedersachsen,code03,
2000,Prozent,.,Männlich,Niedersachsen,code03,
2001,Prozent,.,Männlich,Niedersachsen,code03,
2002,Prozent,.,Männlich,Niedersachsen,code03,
2003,Prozent,.,Männlich,Niedersachsen,code03,
2004,Prozent,.,Männlich,Niedersachsen,code03,
2005,Prozent,,Männlich,Niedersachsen,code03,13.7
2006,Prozent,,Männlich,Niedersachsen,code03,14.9
2007,Prozent,,Männlich,Niedersachsen,code03,14.3
2008,Prozent,,Männlich,Niedersachsen,code03,13.8
2009,Prozent,,Männlich,Niedersachsen,code03,12.7
2010,Prozent,,Männlich,Niedersachsen,code03,15.0
2011,Prozent,,Männlich,Niedersachsen,code03,14.5
2012,Prozent,,Männlich,Niedersachsen,code03,13.5
2013,Prozent,,Männlich,Niedersachsen,code03,11.1
2014,Prozent,,Männlich,Niedersachsen,code03,11.5
2015,Prozent,,Männlich,Niedersachsen,code03,10.8
2016,Prozent,,Männlich,Niedersachsen,code03,12.5
2017,Prozent,,Männlich,Niedersachsen,code03,12.2
2018,Prozent,,Männlich,Niedersachsen,code03,12.1
2019,Prozent,,Männlich,Niedersachsen,code03,13.1
2020,Prozent,,Männlich,Niedersachsen,code03,11.9
2021,Prozent,,Männlich,Niedersachsen,code03,13.5
2022,Prozent,,Männlich,Niedersachsen,code03,15.2
2023,Prozent,p,Männlich,Niedersachsen,code03,18.2
2030,Prozent,…,Männlich,Niedersachsen,code03,
1999,Prozent,,,Nordrhein-Westfalen,code05,
2000,Prozent,.,,Nordrhein-Westfalen,code05,
2001,Prozent,.,,Nordrhein-Westfalen,code05,
2002,Prozent,.,,Nordrhein-Westfalen,code05,
2003,Prozent,.,,Nordrhein-Westfalen,code05,
2004,Prozent,.,,Nordrhein-Westfalen,code05,
2005,Prozent,,,Nordrhein-Westfalen,code05,15.8
2006,Prozent,,,Nordrhein-Westfalen,code05,16.7
2007,Prozent,,,Nordrhein-Westfalen,code05,15.0
2008,Prozent,,,Nordrhein-Westfalen,code05,14.5
2009,Prozent,,,Nordrhein-Westfalen,code05,13.7
2010,Prozent,,,Nordrhein-Westfalen,code05,14.6
2011,Prozent,,,Nordrhein-Westfalen,code05,13.6
2012,Prozent,,,Nordrhein-Westfalen,code05,12.8
2013,Prozent,,,Nordrhein-Westfalen,code05,11.6
2014,Prozent,,,Nordrhein-Westfalen,code05,11.3
2015,Prozent,,,Nordrhein-Westfalen,code05,11.4
2016,Prozent,,,Nordrhein-Westfalen,code05,11.4
2017,Prozent,,,Nordrhein-Westfalen,code05,11.6
2018,Prozent,,,Nordrhein-Westfalen,code05,12.0
2019,Prozent,,,Nordrhein-Westfalen,code05,11.2
2020,Prozent,,,Nordrhein-Westfalen,code05,10.8
2021,Prozent,,,Nordrhein-Westfalen,code05,11.8
2022,Prozent,,,Nordrhein-Westfalen,code05,12.8
2023,Prozent,p,,Nordrhein-Westfalen,code05,12.8
2030,Prozent,…,,Nordrhein-Westfalen,code05,
1999,Prozent,,Weiblich,Nordrhein-Westfalen,code05,
2000,Prozent,.,Weiblich,Nordrhein-Westfalen,code05,
2001,Prozent,.,Weiblich,Nordrhein-Westfalen,code05,
2002,Prozent,.,Weiblich,Nordrhein-Westfalen,code05,
2003,Prozent,.,Weiblich,Nordrhein-Westfalen,code05,
2004,Prozent,.,Weiblich,Nordrhein-Westfalen,code05,
2005,Prozent,,Weiblich,Nordrhein-Westfalen,code05,15.6
2006,Prozent,,Weiblich,Nordrhein-Westfalen,code05,16.0
2007,Prozent,,Weiblich,Nordrhein-Westfalen,code05,13.9
2008,Prozent,,Weiblich,Nordrhein-Westfalen,code05,14.5
2009,Prozent,,Weiblich,Nordrhein-Westfalen,code05,13.5
2010,Prozent,,Weiblich,Nordrhein-Westfalen,code05,13.5
2011,Prozent,,Weiblich,Nordrhein-Westfalen,code05,12.3
2012,Prozent,,Weiblich,Nordrhein-Westfalen,code05,12.1
2013,Prozent,,Weiblich,Nordrhein-Westfalen,code05,10.8
2014,Prozent,,Weiblich,Nordrhein-Westfalen,code05,11.1
2015,Prozent,,Weiblich,Nordrhein-Westfalen,code05,11.5
2016,Prozent,,Weiblich,Nordrhein-Westfalen,code05,10.7
2017,Prozent,,Weiblich,Nordrhein-Westfalen,code05,10.6
2018,Prozent,,Weiblich,Nordrhein-Westfalen,code05,11.1
2019,Prozent,,Weiblich,Nordrhein-Westfalen,code05,9.4
2020,Prozent,,Weiblich,Nordrhein-Westfalen,code05,9.0
2021,Prozent,,Weiblich,Nordrhein-Westfalen,code05,9.8
2022,Prozent,,Weiblich,Nordrhein-Westfalen,code05,11.1
2023,Prozent,p,Weiblich,Nordrhein-Westfalen,code05,10.6
2030,Prozent,…,Weiblich,Nordrhein-Westfalen,code05,
1999,Prozent,,Männlich,Nordrhein-Westfalen,code05,
2000,Prozent,.,Männlich,Nordrhein-Westfalen,code05,
2001,Prozent,.,Männlich,Nordrhein-Westfalen,code05,
2002,Prozent,.,Männlich,Nordrhein-Westfalen,code05,
2003,Prozent,.,Männlich,Nordrhein-Westfalen,code05,
2004,Prozent,.,Männlich,Nordrhein-Westfalen,code05,
2005,Prozent,,Männlich,Nordrhein-Westfalen,code05,16.0
2006,Prozent,,Männlich,Nordrhein-Westfalen,code05,17.4
2007,Prozent,,Männlich,Nordrhein-Westfalen,code05,16.1
2008,Prozent,,Männlich,Nordrhein-Westfalen,code05,14.6
2009,Prozent,,Männlich,Nordrhein-Westfalen,code05,14.0
2010,Prozent,,Männlich,Nordrhein-Westfalen,code05,15.7
2011,Prozent,,Männlich,Nordrhein-Westfalen,code05,14.8
2012,Prozent,,Männlich,Nordrhein-Westfalen,code05,13.4
2013,Prozent,,Männlich,Nordrhein-Westfalen,code05,12.3
2014,Prozent,,Männlich,Nordrhein-Westfalen,code05,11.4
2015,Prozent,,Männlich,Nordrhein-Westfalen,code05,11.4
2016,Prozent,,Männlich,Nordrhein-Westfalen,code05,12.1
2017,Prozent,,Männlich,Nordrhein-Westfalen,code05,12.5
2018,Prozent,,Männlich,Nordrhein-Westfalen,code05,12.7
2019,Prozent,,Männlich,Nordrhein-Westfalen,code05,12.8
2020,Prozent,,Männlich,Nordrhein-Westfalen,code05,12.4
2021,Prozent,,Männlich,Nordrhein-Westfalen,code05,13.6
2022,Prozent,,Männlich,Nordrhein-Westfalen,code05,14.5
2023,Prozent,p,Männlich,Nordrhein-Westfalen,code05,14.9
2030,Prozent,…,Männlich,Nordrhein-Westfalen,code05,
1999,Prozent,,,Rheinland-Pfalz,code07,
2000,Prozent,.,,Rheinland-Pfalz,code07,
2001,Prozent,.,,Rheinland-Pfalz,code07,
2002,Prozent,.,,Rheinland-Pfalz,code07,
2003,Prozent,.,,Rheinland-Pfalz,code07,
2004,Prozent,.,,Rheinland-Pfalz,code07,
2005,Prozent,,,Rheinland-Pfalz,code07,16.4
2006,Prozent,,,Rheinland-Pfalz,code07,15.3
2007,Prozent,,,Rheinland-Pfalz,code07,15.5
2008,Prozent,,,Rheinland-Pfalz,code07,12.4
2009,Prozent,,,Rheinland-Pfalz,code07,13.7
2010,Prozent,,,Rheinland-Pfalz,code07,15.5
2011,Prozent,,,Rheinland-Pfalz,code07,13.5
2012,Prozent,,,Rheinland-Pfalz,code07,12.5
2013,Prozent,,,Rheinland-Pfalz,code07,13.1
2014,Prozent,,,Rheinland-Pfalz,code07,10.4
2015,Prozent,,,Rheinland-Pfalz,code07,12.2
2016,Prozent,,,Rheinland-Pfalz,code07,11.8
2017,Prozent,,,Rheinland-Pfalz,code07,11.7
2018,Prozent,,,Rheinland-Pfalz,code07,11.5
2019,Prozent,,,Rheinland-Pfalz,code07,11.6
2020,Prozent,,,Rheinland-Pfalz,code07,10.1
2021,Prozent,,,Rheinland-Pfalz,code07,13.0
2022,Prozent,,,Rheinland-Pfalz,code07,13.8
2023,Prozent,p,,Rheinland-Pfalz,code07,14.0
2030,Prozent,…,,Rheinland-Pfalz,code07,
1999,Prozent,,Weiblich,Rheinland-Pfalz,code07,
2000,Prozent,.,Weiblich,Rheinland-Pfalz,code07,
2001,Prozent,.,Weiblich,Rheinland-Pfalz,code07,
2002,Prozent,.,Weiblich,Rheinland-Pfalz,code07,
2003,Prozent,.,Weiblich,Rheinland-Pfalz,code07,
2004,Prozent,.,Weiblich,Rheinland-Pfalz,code07,
2005,Prozent,,Weiblich,Rheinland-Pfalz,code07,17.6
2006,Prozent,,Weiblich,Rheinland-Pfalz,code07,16.5
2007,Prozent,,Weiblich,Rheinland-Pfalz,code07,13.0
2008,Prozent,,Weiblich,Rheinland-Pfalz,code07,11.7
2009,Prozent,,Weiblich,Rheinland-Pfalz,code07,13.5
2010,Prozent,,Weiblich,Rheinland-Pfalz,code07,14.5
2011,Prozent,,Weiblich,Rheinland-Pfalz,code07,12.2
2012,Prozent,,Weiblich,Rheinland-Pfalz,code07,13.2
2013,Prozent,,Weiblich,Rheinland-Pfalz,code07,12.7
2014,Prozent,,Weiblich,Rheinland-Pfalz,code07,9.9
2015,Prozent,,Weiblich,Rheinland-Pfalz,code07,12.2
2016,Prozent,,Weiblich,Rheinland-Pfalz,code07,10.4
2017,Prozent,,Weiblich,Rheinland-Pfalz,code07,10.0
2018,Prozent,,Weiblich,Rheinland-Pfalz,code07,9.6
2019,Prozent,,Weiblich,Rheinland-Pfalz,code07,10.57
2020,Prozent,.,Weiblich,Rheinland-Pfalz,code07,
2021,Prozent,,Weiblich,Rheinland-Pfalz,code07,10.8
2022,Prozent,,Weiblich,Rheinland-Pfalz,code07,12.2
2023,Prozent,p,Weiblich,Rheinland-Pfalz,code07,11.6
2030,Prozent,…,Weiblich,Rheinland-Pfalz,code07,
1999,Prozent,,Männlich,Rheinland-Pfalz,code07,
2000,Prozent,.,Männlich,Rheinland-Pfalz,code07,
2001,Prozent,.,Männlich,Rheinland-Pfalz,code07,
2002,Prozent,.,Männlich,Rheinland-Pfalz,code07,
2003,Prozent,.,Männlich,Rheinland-Pfalz,code07,
2004,Prozent,.,Männlich,Rheinland-Pfalz,code07,
2005,Prozent,,Männlich,Rheinland-Pfalz,code07,15.1
2006,Prozent,,Männlich,Rheinland-Pfalz,code07,14.2
2007,Prozent,,Männlich,Rheinland-Pfalz,code07,17.7
2008,Prozent,,Männlich,Rheinland-Pfalz,code07,13.1
2009,Prozent,,Männlich,Rheinland-Pfalz,code07,13.9
2010,Prozent,,Männlich,Rheinland-Pfalz,code07,16.6
2011,Prozent,,Männlich,Rheinland-Pfalz,code07,14.8
2012,Prozent,,Männlich,Rheinland-Pfalz,code07,11.8
2013,Prozent,,Männlich,Rheinland-Pfalz,code07,13.4
2014,Prozent,,Männlich,Rheinland-Pfalz,code07,10.9
2015,Prozent,,Männlich,Rheinland-Pfalz,code07,12.1
2016,Prozent,,Männlich,Rheinland-Pfalz,code07,13.2
2017,Prozent,,Männlich,Rheinland-Pfalz,code07,13.3
2018,Prozent,,Männlich,Rheinland-Pfalz,code07,13.2
2019,Prozent,,Männlich,Rheinland-Pfalz,code07,12.6
2020,Prozent,.,Männlich,Rheinland-Pfalz,code07,12.1
2021,Prozent,,Männlich,Rheinland-Pfalz,code07,14.9
2022,Prozent,,Männlich,Rheinland-Pfalz,code07,15.3
2023,Prozent,p,Männlich,Rheinland-Pfalz,code07,16.3
2030,Prozent,…,Männlich,Rheinland-Pfalz,code07,
1999,Prozent,,,Saarland,code10,
2000,Prozent,.,,Saarland,code10,
2001,Prozent,.,,Saarland,code10,
2002,Prozent,.,,Saarland,code10,
2003,Prozent,.,,Saarland,code10,
2004,Prozent,.,,Saarland,code10,
2005,Prozent,,,Saarland,code10,20.6
2006,Prozent,,,Saarland,code10,20.8
2007,Prozent,,,Saarland,code10,16.3
2008,Prozent,,,Saarland,code10,14.1
2009,Prozent,,,Saarland,code10,14.4
2010,Prozent,,,Saarland,code10,13.2
2011,Prozent,,,Saarland,code10,15.4
2012,Prozent,,,Saarland,code10,12.9
2013,Prozent,,,Saarland,code10,14.1
2014,Prozent,,,Saarland,code10,11.9
2015,Prozent,,,Saarland,code10,12.2
2016,Prozent,,,Saarland,code10,10.3
2017,Prozent,,,Saarland,code10,11.7
2018,Prozent,,,Saarland,code10,11.8
2019,Prozent,,,Saarland,code10,11.5
2020,Prozent,.,,Saarland,code10,
2021,Prozent,.,,Saarland,code10,
2022,Prozent,.,,Saarland,code10,
2023,Prozent,.,,Saarland,code10,
2030,Prozent,…,,Saarland,code10,
1999,Prozent,,Weiblich,Saarland,code10,
2000,Prozent,.,Weiblich,Saarland,code10,
2001,Prozent,.,Weiblich,Saarland,code10,
2002,Prozent,.,Weiblich,Saarland,code10,
2003,Prozent,.,Weiblich,Saarland,code10,
2004,Prozent,.,Weiblich,Saarland,code10,
2005,Prozent,,Weiblich,Saarland,code10,15.5
2006,Prozent,,Weiblich,Saarland,code10,18.8
2007,Prozent,,Weiblich,Saarland,code10,15.9
2008,Prozent,.,Weiblich,Saarland,code10,
2009,Prozent,,Weiblich,Saarland,code10,14.0
2010,Prozent,.,Weiblich,Saarland,code10,
2011,Prozent,.,Weiblich,Saarland,code10,
2012,Prozent,.,Weiblich,Saarland,code10,
2013,Prozent,.,Weiblich,Saarland,code10,14.2
2014,Prozent,.,Weiblich,Saarland,code10,
2015,Prozent,,Weiblich,Saarland,code10,15.9
2016,Prozent,.,Weiblich,Saarland,code10,
2017,Prozent,.,Weiblich,Saarland,code10,
2018,Prozent,.,Weiblich,Saarland,code10,
2019,Prozent,.,Weiblich,Saarland,code10,
2020,Prozent,.,Weiblich,Saarland,code10,
2021,Prozent,.,Weiblich,Saarland,code10,
2022,Prozent,.,Weiblich,Saarland,code10,
2023,Prozent,.,Weiblich,Saarland,code10,
2030,Prozent,…,Weiblich,Saarland,code10,
1999,Prozent,,Männlich,Saarland,code10,
2000,Prozent,.,Männlich,Saarland,code10,
2001,Prozent,.,Männlich,Saarland,code10,
2002,Prozent,.,Männlich,Saarland,code10,
2003,Prozent,.,Männlich,Saarland,code10,
2004,Prozent,.,Männlich,Saarland,code10,
2005,Prozent,,Männlich,Saarland,code10,26.4
2006,Prozent,,Männlich,Saarland,code10,22.9
2007,Prozent,,Männlich,Saarland,code10,16.8
2008,Prozent,,Männlich,Saarland,code10,13.9
2009,Prozent,,Männlich,Saarland,code10,14.8
2010,Prozent,,Männlich,Saarland,code10,14.8
2011,Prozent,,Männlich,Saarland,code10,18.4
2012,Prozent,,Männlich,Saarland,code10,14.7
2013,Prozent,,Männlich,Saarland,code10,14.0
2014,Prozent,.,Männlich,Saarland,code10,
2015,Prozent,.,Männlich,Saarland,code10,
2016,Prozent,.,Männlich,Saarland,code10,
2017,Prozent,,Männlich,Saarland,code10,13.0
2018,Prozent,.,Männlich,Saarland,code10,
2019,Prozent,.,Männlich,Saarland,code10,
2020,Prozent,.,Männlich,Saarland,code10,
2021,Prozent,.,Männlich,Saarland,code10,
2022,Prozent,.,Männlich,Saarland,code10,
2023,Prozent,.,Männlich,Saarland,code10,
2030,Prozent,…,Männlich,Saarland,code10,
1999,Prozent,,,Sachsen,code14,
2000,Prozent,.,,Sachsen,code14,
2001,Prozent,.,,Sachsen,code14,
2002,Prozent,.,,Sachsen,code14,
2003,Prozent,.,,Sachsen,code14,
2004,Prozent,.,,Sachsen,code14,
2005,Prozent,,,Sachsen,code14,9.8
2006,Prozent,,,Sachsen,code14,8.9
2007,Prozent,,,Sachsen,code14,8.4
2008,Prozent,,,Sachsen,code14,7.4
2009,Prozent,,,Sachsen,code14,6.7
2010,Prozent,,,Sachsen,code14,7.6
2011,Prozent,,,Sachsen,code14,7.7
2012,Prozent,,,Sachsen,code14,7.7
2013,Prozent,,,Sachsen,code14,6.5
2014,Prozent,,,Sachsen,code14,6.8
2015,Prozent,,,Sachsen,code14,8.4
2016,Prozent,,,Sachsen,code14,7.7
2017,Prozent,,,Sachsen,code14,8.6
2018,Prozent,,,Sachsen,code14,7.5
2019,Prozent,,,Sachsen,code14,8.3
2020,Prozent,,,Sachsen,code14,8.0
2021,Prozent,,,Sachsen,code14,9.3
2022,Prozent,,,Sachsen,code14,8.9
2023,Prozent,p,,Sachsen,code14,11.3
2030,Prozent,…,,Sachsen,code14,
1999,Prozent,,Weiblich,Sachsen,code14,
2000,Prozent,.,Weiblich,Sachsen,code14,
2001,Prozent,.,Weiblich,Sachsen,code14,
2002,Prozent,.,Weiblich,Sachsen,code14,
2003,Prozent,.,Weiblich,Sachsen,code14,
2004,Prozent,.,Weiblich,Sachsen,code14,
2005,Prozent,,Weiblich,Sachsen,code14,10.5
2006,Prozent,,Weiblich,Sachsen,code14,7.8
2007,Prozent,,Weiblich,Sachsen,code14,8.6
2008,Prozent,,Weiblich,Sachsen,code14,5.8
2009,Prozent,,Weiblich,Sachsen,code14,6.6
2010,Prozent,,Weiblich,Sachsen,code14,7.6
2011,Prozent,,Weiblich,Sachsen,code14,7.5
2012,Prozent,,Weiblich,Sachsen,code14,7.2
2013,Prozent,,Weiblich,Sachsen,code14,6.7
2014,Prozent,,Weiblich,Sachsen,code14,6.6
2015,Prozent,,Weiblich,Sachsen,code14,7.1
2016,Prozent,,Weiblich,Sachsen,code14,7.0
2017,Prozent,,Weiblich,Sachsen,code14,9.8
2018,Prozent,,Weiblich,Sachsen,code14,7.0
2019,Prozent,,Weiblich,Sachsen,code14,7.0
2020,Prozent,.,Weiblich,Sachsen,code14,
2021,Prozent,.,Weiblich,Sachsen,code14,
2022,Prozent,.,Weiblich,Sachsen,code14,
2023,Prozent,.,Weiblich,Sachsen,code14,
2030,Prozent,…,Weiblich,Sachsen,code14,
1999,Prozent,,Männlich,Sachsen,code14,
2000,Prozent,.,Männlich,Sachsen,code14,
2001,Prozent,.,Männlich,Sachsen,code14,
2002,Prozent,.,Männlich,Sachsen,code14,
2003,Prozent,.,Männlich,Sachsen,code14,
2004,Prozent,.,Männlich,Sachsen,code14,
2005,Prozent,,Männlich,Sachsen,code14,9.1
2006,Prozent,,Männlich,Sachsen,code14,9.9
2007,Prozent,,Männlich,Sachsen,code14,8.2
2008,Prozent,,Männlich,Sachsen,code14,8.8
2009,Prozent,,Männlich,Sachsen,code14,6.7
2010,Prozent,,Männlich,Sachsen,code14,7.6
2011,Prozent,,Männlich,Sachsen,code14,7.9
2012,Prozent,,Männlich,Sachsen,code14,8.1
2013,Prozent,,Männlich,Sachsen,code14,6.3
2014,Prozent,,Männlich,Sachsen,code14,7.0
2015,Prozent,,Männlich,Sachsen,code14,9.6
2016,Prozent,,Männlich,Sachsen,code14,8.3
2017,Prozent,,Männlich,Sachsen,code14,7.5
2018,Prozent,,Männlich,Sachsen,code14,8.0
2019,Prozent,,Männlich,Sachsen,code14,9.4
2020,Prozent,.,Männlich,Sachsen,code14,
2021,Prozent,,Männlich,Sachsen,code14,10.5
2022,Prozent,.,Männlich,Sachsen,code14,
2023,Prozent,p,Männlich,Sachsen,code14,13.3
2030,Prozent,…,Männlich,Sachsen,code14,
1999,Prozent,,,Sachsen-Anhalt,code15,
2000,Prozent,.,,Sachsen-Anhalt,code15,
2001,Prozent,.,,Sachsen-Anhalt,code15,
2002,Prozent,.,,Sachsen-Anhalt,code15,
2003,Prozent,.,,Sachsen-Anhalt,code15,
2004,Prozent,.,,Sachsen-Anhalt,code15,
2005,Prozent,,,Sachsen-Anhalt,code15,12.4
2006,Prozent,,,Sachsen-Anhalt,code15,12.2
2007,Prozent,,,Sachsen-Anhalt,code15,11.8
2008,Prozent,,,Sachsen-Anhalt,code15,12.1
2009,Prozent,,,Sachsen-Anhalt,code15,10.8
2010,Prozent,,,Sachsen-Anhalt,code15,11.7
2011,Prozent,,,Sachsen-Anhalt,code15,12.9
2012,Prozent,,,Sachsen-Anhalt,code15,11.1
2013,Prozent,,,Sachsen-Anhalt,code15,9.7
2014,Prozent,,,Sachsen-Anhalt,code15,9.3
2015,Prozent,,,Sachsen-Anhalt,code15,12.2
2016,Prozent,,,Sachsen-Anhalt,code15,11.2
2017,Prozent,,,Sachsen-Anhalt,code15,13.6
2018,Prozent,,,Sachsen-Anhalt,code15,9.1
2019,Prozent,,,Sachsen-Anhalt,code15,12.7
2020,Prozent,.,,Sachsen-Anhalt,code15,
2021,Prozent,,,Sachsen-Anhalt,code15,17.0
2022,Prozent,,,Sachsen-Anhalt,code15,14.1
2023,Prozent,p,,Sachsen-Anhalt,code15,13.1
2030,Prozent,…,,Sachsen-Anhalt,code15,
1999,Prozent,,Weiblich,Sachsen-Anhalt,code15,
2000,Prozent,.,Weiblich,Sachsen-Anhalt,code15,
2001,Prozent,.,Weiblich,Sachsen-Anhalt,code15,
2002,Prozent,.,Weiblich,Sachsen-Anhalt,code15,
2003,Prozent,.,Weiblich,Sachsen-Anhalt,code15,
2004,Prozent,.,Weiblich,Sachsen-Anhalt,code15,
2005,Prozent,,Weiblich,Sachsen-Anhalt,code15,9.8
2006,Prozent,,Weiblich,Sachsen-Anhalt,code15,11.0
2007,Prozent,,Weiblich,Sachsen-Anhalt,code15,9.5
2008,Prozent,,Weiblich,Sachsen-Anhalt,code15,11.2
2009,Prozent,,Weiblich,Sachsen-Anhalt,code15,9.8
2010,Prozent,,Weiblich,Sachsen-Anhalt,code15,9.1
2011,Prozent,,Weiblich,Sachsen-Anhalt,code15,11.6
2012,Prozent,,Weiblich,Sachsen-Anhalt,code15,10.1
2013,Prozent,.,Weiblich,Sachsen-Anhalt,code15,
2014,Prozent,.,Weiblich,Sachsen-Anhalt,code15,
2015,Prozent,,Weiblich,Sachsen-Anhalt,code15,11.7
2016,Prozent,.,Weiblich,Sachsen-Anhalt,code15,
2017,Prozent,,Weiblich,Sachsen-Anhalt,code15,11.9
2018,Prozent,.,Weiblich,Sachsen-Anhalt,code15,
2019,Prozent,,Weiblich,Sachsen-Anhalt,code15,10.0
2020,Prozent,.,Weiblich,Sachsen-Anhalt,code15,
2021,Prozent,.,Weiblich,Sachsen-Anhalt,code15,
2022,Prozent,.,Weiblich,Sachsen-Anhalt,code15,
2023,Prozent,.,Weiblich,Sachsen-Anhalt,code15,
2030,Prozent,…,Weiblich,Sachsen-Anhalt,code15,
1999,Prozent,,Männlich,Sachsen-Anhalt,code15,
2000,Prozent,.,Männlich,Sachsen-Anhalt,code15,
2001,Prozent,.,Männlich,Sachsen-Anhalt,code15,
2002,Prozent,.,Männlich,Sachsen-Anhalt,code15,
2003,Prozent,.,Männlich,Sachsen-Anhalt,code15,
2004,Prozent,.,Männlich,Sachsen-Anhalt,code15,
2005,Prozent,,Männlich,Sachsen-Anhalt,code15,14.7
2006,Prozent,,Männlich,Sachsen-Anhalt,code15,13.3
2007,Prozent,,Männlich,Sachsen-Anhalt,code15,14.0
2008,Prozent,,Männlich,Sachsen-Anhalt,code15,13.0
2009,Prozent,,Männlich,Sachsen-Anhalt,code15,11.7
2010,Prozent,,Männlich,Sachsen-Anhalt,code15,13.9
2011,Prozent,,Männlich,Sachsen-Anhalt,code15,14.0
2012,Prozent,,Männlich,Sachsen-Anhalt,code15,11.8
2013,Prozent,,Männlich,Sachsen-Anhalt,code15,10.5
2014,Prozent,,Männlich,Sachsen-Anhalt,code15,9.4
2015,Prozent,,Männlich,Sachsen-Anhalt,code15,12.6
2016,Prozent,,Männlich,Sachsen-Anhalt,code15,13.3
2017,Prozent,,Männlich,Sachsen-Anhalt,code15,15.0
2018,Prozent,,Männlich,Sachsen-Anhalt,code15,10.0
2019,Prozent,,Männlich,Sachsen-Anhalt,code15,14.8
2020,Prozent,.,Männlich,Sachsen-Anhalt,code15,
2021,Prozent,.,Männlich,Sachsen-Anhalt,code15,
2022,Prozent,.,Männlich,Sachsen-Anhalt,code15,
2023,Prozent,.,Männlich,Sachsen-Anhalt,code15,
2030,Prozent,…,Männlich,Sachsen-Anhalt,code15,
1999,Prozent,,,Schleswig-Holstein,code01,
2000,Prozent,.,,Schleswig-Holstein,code01,
2001,Prozent,.,,Schleswig-Holstein,code01,
2002,Prozent,.,,Schleswig-Holstein,code01,
2003,Prozent,.,,Schleswig-Holstein,code01,
2004,Prozent,.,,Schleswig-Holstein,code01,
2005,Prozent,,,Schleswig-Holstein,code01,15.1
2006,Prozent,,,Schleswig-Holstein,code01,17.1
2007,Prozent,,,Schleswig-Holstein,code01,11.8
2008,Prozent,,,Schleswig-Holstein,code01,13.6
2009,Prozent,,,Schleswig-Holstein,code01,12.1
2010,Prozent,,,Schleswig-Holstein,code01,12.6
2011,Prozent,,,Schleswig-Holstein,code01,12.9
2012,Prozent,,,Schleswig-Holstein,code01,12.3
2013,Prozent,,,Schleswig-Holstein,code01,10.3
2014,Prozent,,,Schleswig-Holstein,code01,12.8
2015,Prozent,,,Schleswig-Holstein,code01,10.6
2016,Prozent,,,Schleswig-Holstein,code01,10.7
2017,Prozent,,,Schleswig-Holstein,code01,9.1
2018,Prozent,,,Schleswig-Holstein,code01,10.1
2019,Prozent,,,Schleswig-Holstein,code01,11.0
2020,Prozent,,,Schleswig-Holstein,code01,11.8
2021,Prozent,,,Schleswig-Holstein,code01,12.5
2022,Prozent,,,Schleswig-Holstein,code01,15.2
2023,Prozent,p,,Schleswig-Holstein,code01,17.0
2030,Prozent,…,,Schleswig-Holstein,code01,
1999,Prozent,,Weiblich,Schleswig-Holstein,code01,
2000,Prozent,.,Weiblich,Schleswig-Holstein,code01,
2001,Prozent,.,Weiblich,Schleswig-Holstein,code01,
2002,Prozent,.,Weiblich,Schleswig-Holstein,code01,
2003,Prozent,.,Weiblich,Schleswig-Holstein,code01,
2004,Prozent,.,Weiblich,Schleswig-Holstein,code01,
2005,Prozent,,Weiblich,Schleswig-Holstein,code01,14.2
2006,Prozent,,Weiblich,Schleswig-Holstein,code01,16.1
2007,Prozent,,Weiblich,Schleswig-Holstein,code01,11.6
2008,Prozent,,Weiblich,Schleswig-Holstein,code01,13.5
2009,Prozent,,Weiblich,Schleswig-Holstein,code01,13.1
2010,Prozent,,Weiblich,Schleswig-Holstein,code01,12.8
2011,Prozent,,Weiblich,Schleswig-Holstein,code01,12.0
2012,Prozent,,Weiblich,Schleswig-Holstein,code01,11.6
2013,Prozent,,Weiblich,Schleswig-Holstein,code01,10.3
2014,Prozent,,Weiblich,Schleswig-Holstein,code01,12.5
2015,Prozent,,Weiblich,Schleswig-Holstein,code01,8.9
2016,Prozent,,Weiblich,Schleswig-Holstein,code01,10.6
2017,Prozent,,Weiblich,Schleswig-Holstein,code01,7.6
2018,Prozent,,Weiblich,Schleswig-Holstein,code01,8.9
2019,Prozent,,Weiblich,Schleswig-Holstein,code01,8.7
2020,Prozent,.,Weiblich,Schleswig-Holstein,code01,
2021,Prozent,.,Weiblich,Schleswig-Holstein,code01,
2022,Prozent,,Weiblich,Schleswig-Holstein,code01,13.9
2023,Prozent,p,Weiblich,Schleswig-Holstein,code01,14.8
2030,Prozent,…,Weiblich,Schleswig-Holstein,code01,
1999,Prozent,,Männlich,Schleswig-Holstein,code01,
2000,Prozent,.,Männlich,Schleswig-Holstein,code01,
2001,Prozent,.,Männlich,Schleswig-Holstein,code01,
2002,Prozent,.,Männlich,Schleswig-Holstein,code01,
2003,Prozent,.,Männlich,Schleswig-Holstein,code01,
2004,Prozent,.,Männlich,Schleswig-Holstein,code01,
2005,Prozent,,Männlich,Schleswig-Holstein,code01,16.1
2006,Prozent,,Männlich,Schleswig-Holstein,code01,18.2
2007,Prozent,,Männlich,Schleswig-Holstein,code01,11.9
2008,Prozent,,Männlich,Schleswig-Holstein,code01,13.8
2009,Prozent,,Männlich,Schleswig-Holstein,code01,11.2
2010,Prozent,,Männlich,Schleswig-Holstein,code01,12.5
2011,Prozent,,Männlich,Schleswig-Holstein,code01,13.6
2012,Prozent,,Männlich,Schleswig-Holstein,code01,12.9
2013,Prozent,,Männlich,Schleswig-Holstein,code01,10.4
2014,Prozent,,Männlich,Schleswig-Holstein,code01,13.1
2015,Prozent,,Männlich,Schleswig-Holstein,code01,12.1
2016,Prozent,,Männlich,Schleswig-Holstein,code01,10.8
2017,Prozent,,Männlich,Schleswig-Holstein,code01,10.4
2018,Prozent,,Männlich,Schleswig-Holstein,code01,11.2
2019,Prozent,,Männlich,Schleswig-Holstein,code01,13.2
2020,Prozent,.,Männlich,Schleswig-Holstein,code01,
2021,Prozent,.,Männlich,Schleswig-Holstein,code01,
2022,Prozent,,Männlich,Schleswig-Holstein,code01,16.4
2023,Prozent,p,Männlich,Schleswig-Holstein,code01,18.9
2030,Prozent,…,Männlich,Schleswig-Holstein,code01,
1999,Prozent,,,Thüringen,code16,
2000,Prozent,.,,Thüringen,code16,
2001,Prozent,.,,Thüringen,code16,
2002,Prozent,.,,Thüringen,code16,
2003,Prozent,.,,Thüringen,code16,
2004,Prozent,.,,Thüringen,code16,
2005,Prozent,,,Thüringen,code16,6.6
2006,Prozent,,,Thüringen,code16,8.8
2007,Prozent,,,Thüringen,code16,10.2
2008,Prozent,,,Thüringen,code16,7.4
2009,Prozent,,,Thüringen,code16,5.4
2010,Prozent,,,Thüringen,code16,6.3
2011,Prozent,,,Thüringen,code16,7.7
2012,Prozent,,,Thüringen,code16,7.0
2013,Prozent,,,Thüringen,code16,7.7
2014,Prozent,,,Thüringen,code16,6.1
2015,Prozent,,,Thüringen,code16,8.3
2016,Prozent,,,Thüringen,code16,8.8
2017,Prozent,,,Thüringen,code16,8.7
2018,Prozent,,,Thüringen,code16,8.5
2019,Prozent,,,Thüringen,code16,9.6
2020,Prozent,.,,Thüringen,code16,
2021,Prozent,,,Thüringen,code16,10.8
2022,Prozent,,,Thüringen,code16,10.9
2023,Prozent,p,,Thüringen,code16,13.1
2030,Prozent,…,,Thüringen,code16,
1999,Prozent,,Weiblich,Thüringen,code16,
2000,Prozent,.,Weiblich,Thüringen,code16,
2001,Prozent,.,Weiblich,Thüringen,code16,
2002,Prozent,.,Weiblich,Thüringen,code16,
2003,Prozent,.,Weiblich,Thüringen,code16,
2004,Prozent,.,Weiblich,Thüringen,code16,
2005,Prozent,,Weiblich,Thüringen,code16,7.2
2006,Prozent,,Weiblich,Thüringen,code16,8.6
2007,Prozent,,Weiblich,Thüringen,code16,11.6
2008,Prozent,,Weiblich,Thüringen,code16,7.1
2009,Prozent,,Weiblich,Thüringen,code16,6.0
2010,Prozent,,Weiblich,Thüringen,code16,6.4
2011,Prozent,.,Weiblich,Thüringen,code16,6.7
2012,Prozent,.,Weiblich,Thüringen,code16,
2013,Prozent,.,Weiblich,Thüringen,code16,
2014,Prozent,.,Weiblich,Thüringen,code16,
2015,Prozent,.,Weiblich,Thüringen,code16,
2016,Prozent,.,Weiblich,Thüringen,code16,
2017,Prozent,.,Weiblich,Thüringen,code16,
2018,Prozent,.,Weiblich,Thüringen,code16,
2019,Prozent,.,Weiblich,Thüringen,code16,
2020,Prozent,.,Weiblich,Thüringen,code16,
2021,Prozent,.,Weiblich,Thüringen,code16,
2022,Prozent,.,Weiblich,Thüringen,code16,
2023,Prozent,.,Weiblich,Thüringen,code16,
2030,Prozent,…,Weiblich,Thüringen,code16,
1999,Prozent,,Männlich,Thüringen,code16,
2000,Prozent,.,Männlich,Thüringen,code16,
2001,Prozent,.,Männlich,Thüringen,code16,
2002,Prozent,.,Männlich,Thüringen,code16,
2003,Prozent,.,Männlich,Thüringen,code16,
2004,Prozent,.,Männlich,Thüringen,code16,
2005,Prozent,,Männlich,Thüringen,code16,6.1
2006,Prozent,,Männlich,Thüringen,code16,9.0
2007,Prozent,,Männlich,Thüringen,code16,8.8
2008,Prozent,,Männlich,Thüringen,code16,7.7
2009,Prozent,,Männlich,Thüringen,code16,4.8
2010,Prozent,,Männlich,Thüringen,code16,6.2
2011,Prozent,,Männlich,Thüringen,code16,8.5
2012,Prozent,,Männlich,Thüringen,code16,8.0
2013,Prozent,,Männlich,Thüringen,code16,8.3
2014,Prozent,.,Männlich,Thüringen,code16,
2015,Prozent,,Männlich,Thüringen,code16,9.1
2016,Prozent,,Männlich,Thüringen,code16,10.0
2017,Prozent,,Männlich,Thüringen,code16,10.6
2018,Prozent,,Männlich,Thüringen,code16,10.1
2019,Prozent,,Männlich,Thüringen,code16,10.5
2020,Prozent,.,Männlich,Thüringen,code16,
2021,Prozent,.,Männlich,Thüringen,code16,
2022,Prozent,.,Männlich,Thüringen,code16,
2023,Prozent,.,Männlich,Thüringen,code16,
2030,Prozent,…,Männlich,Thüringen,code16,
