Year,Units,Series,Bundesland,GeoCode,Value
2006,Prozent,<u>Zeitreihe des Indikators:</u> Unbereinigter Gender Pay Gap,,,23.0
2007,Prozent,<u>Zeitreihe des Indikators:</u> Unbereinigter Gender Pay Gap,,,23.0
2008,Prozent,<u>Zeitreihe des Indikators:</u> Unbereinigter Gender Pay Gap,,,23.0
2009,Prozent,<u>Zeitreihe des Indikators:</u> Unbereinigter Gender Pay Gap,,,23.0
2010,Prozent,<u>Zeitreihe des Indikators:</u> Unbereinigter Gender Pay Gap,,,22.0
2011,Prozent,<u>Zeitreihe des Indikators:</u> Unbereinigter Gender Pay Gap,,,22.0
2012,Prozent,<u>Zeitreihe des Indikators:</u> Unbereinigter Gender Pay Gap,,,23.0
2013,Prozent,<u>Zeitreihe des Indikators:</u> Unbereinigter Gender Pay Gap,,,22.0
2014,Prozent,<u>Zeitreihe des Indikators:</u> Unbereinigter Gender Pay Gap,,,22.0
2015,Prozent,<u>Zeitreihe des Indikators:</u> Unbereinigter Gender Pay Gap,,,22.0
2016,Prozent,<u>Zeitreihe des Indikators:</u> Unbereinigter Gender Pay Gap,,,21.0
2017,Prozent,<u>Zeitreihe des Indikators:</u> Unbereinigter Gender Pay Gap,,,20.0
2018,Prozent,<u>Zeitreihe des Indikators:</u> Unbereinigter Gender Pay Gap,,,20.0
2019,Prozent,<u>Zeitreihe des Indikators:</u> Unbereinigter Gender Pay Gap,,,19.0
2020,Prozent,<u>Zeitreihe des Indikators:</u> Unbereinigter Gender Pay Gap,,,18.0
2021,Prozent,<u>Zeitreihe des Indikators:</u> Unbereinigter Gender Pay Gap,,,18.0
2022,Prozent,<u>Zeitreihe des Indikators:</u> Unbereinigter Gender Pay Gap,,,18.0
2023,Prozent,<u>Zeitreihe des Indikators:</u> Unbereinigter Gender Pay Gap,,,18.0
2024,Prozent,<u>Zeitreihe des Indikators:</u> Unbereinigter Gender Pay Gap,,,16.0
2006,Prozent,<u>Zusätzliche Zeitreihe:</u> Bereinigter Gender Pay Gap,,,8.0
2007,Prozent,<u>Zusätzliche Zeitreihe:</u> Bereinigter Gender Pay Gap,,,
2008,Prozent,<u>Zusätzliche Zeitreihe:</u> Bereinigter Gender Pay Gap,,,
2009,Prozent,<u>Zusätzliche Zeitreihe:</u> Bereinigter Gender Pay Gap,,,
2010,Prozent,<u>Zusätzliche Zeitreihe:</u> Bereinigter Gender Pay Gap,,,7.0
2011,Prozent,<u>Zusätzliche Zeitreihe:</u> Bereinigter Gender Pay Gap,,,
2012,Prozent,<u>Zusätzliche Zeitreihe:</u> Bereinigter Gender Pay Gap,,,
2013,Prozent,<u>Zusätzliche Zeitreihe:</u> Bereinigter Gender Pay Gap,,,
2014,Prozent,<u>Zusätzliche Zeitreihe:</u> Bereinigter Gender Pay Gap,,,6.0
2015,Prozent,<u>Zusätzliche Zeitreihe:</u> Bereinigter Gender Pay Gap,,,
2016,Prozent,<u>Zusätzliche Zeitreihe:</u> Bereinigter Gender Pay Gap,,,
2017,Prozent,<u>Zusätzliche Zeitreihe:</u> Bereinigter Gender Pay Gap,,,
2018,Prozent,<u>Zusätzliche Zeitreihe:</u> Bereinigter Gender Pay Gap,,,6.0
2019,Prozent,<u>Zusätzliche Zeitreihe:</u> Bereinigter Gender Pay Gap,,,
2020,Prozent,<u>Zusätzliche Zeitreihe:</u> Bereinigter Gender Pay Gap,,,
2021,Prozent,<u>Zusätzliche Zeitreihe:</u> Bereinigter Gender Pay Gap,,,
2022,Prozent,<u>Zusätzliche Zeitreihe:</u> Bereinigter Gender Pay Gap,,,7.0
2023,Prozent,<u>Zusätzliche Zeitreihe:</u> Bereinigter Gender Pay Gap,,,6.0
2024,Prozent,<u>Zusätzliche Zeitreihe:</u> Bereinigter Gender Pay Gap,,,6.0
2006,Prozent,<u>Zeitreihe des Indikators:</u> Unbereinigter Gender Pay Gap,Baden-Württemberg,code08,28.0
2007,Prozent,<u>Zeitreihe des Indikators:</u> Unbereinigter Gender Pay Gap,Baden-Württemberg,code08,28.0
2008,Prozent,<u>Zeitreihe des Indikators:</u> Unbereinigter Gender Pay Gap,Baden-Württemberg,code08,28.0
2009,Prozent,<u>Zeitreihe des Indikators:</u> Unbereinigter Gender Pay Gap,Baden-Württemberg,code08,27.0
2010,Prozent,<u>Zeitreihe des Indikators:</u> Unbereinigter Gender Pay Gap,Baden-Württemberg,code08,27.0
2011,Prozent,<u>Zeitreihe des Indikators:</u> Unbereinigter Gender Pay Gap,Baden-Württemberg,code08,27.0
2012,Prozent,<u>Zeitreihe des Indikators:</u> Unbereinigter Gender Pay Gap,Baden-Württemberg,code08,27.0
2013,Prozent,<u>Zeitreihe des Indikators:</u> Unbereinigter Gender Pay Gap,Baden-Württemberg,code08,27.0
2014,Prozent,<u>Zeitreihe des Indikators:</u> Unbereinigter Gender Pay Gap,Baden-Württemberg,code08,27.0
2015,Prozent,<u>Zeitreihe des Indikators:</u> Unbereinigter Gender Pay Gap,Baden-Württemberg,code08,26.0
2016,Prozent,<u>Zeitreihe des Indikators:</u> Unbereinigter Gender Pay Gap,Baden-Württemberg,code08,26.0
2017,Prozent,<u>Zeitreihe des Indikators:</u> Unbereinigter Gender Pay Gap,Baden-Württemberg,code08,25.0
2018,Prozent,<u>Zeitreihe des Indikators:</u> Unbereinigter Gender Pay Gap,Baden-Württemberg,code08,24.0
2019,Prozent,<u>Zeitreihe des Indikators:</u> Unbereinigter Gender Pay Gap,Baden-Württemberg,code08,23.0
2020,Prozent,<u>Zeitreihe des Indikators:</u> Unbereinigter Gender Pay Gap,Baden-Württemberg,code08,23.0
2021,Prozent,<u>Zeitreihe des Indikators:</u> Unbereinigter Gender Pay Gap,Baden-Württemberg,code08,22.0
2022,Prozent,<u>Zeitreihe des Indikators:</u> Unbereinigter Gender Pay Gap,Baden-Württemberg,code08,23.0
2023,Prozent,<u>Zeitreihe des Indikators:</u> Unbereinigter Gender Pay Gap,Baden-Württemberg,code08,22.0
2024,Prozent,<u>Zeitreihe des Indikators:</u> Unbereinigter Gender Pay Gap,Baden-Württemberg,code08,19.0
2006,Prozent,<u>Zeitreihe des Indikators:</u> Unbereinigter Gender Pay Gap,Bayern,code09,23.0
2007,Prozent,<u>Zeitreihe des Indikators:</u> Unbereinigter Gender Pay Gap,Bayern,code09,24.0
2008,Prozent,<u>Zeitreihe des Indikators:</u> Unbereinigter Gender Pay Gap,Bayern,code09,25.0
2009,Prozent,<u>Zeitreihe des Indikators:</u> Unbereinigter Gender Pay Gap,Bayern,code09,25.0
2010,Prozent,<u>Zeitreihe des Indikators:</u> Unbereinigter Gender Pay Gap,Bayern,code09,26.0
2011,Prozent,<u>Zeitreihe des Indikators:</u> Unbereinigter Gender Pay Gap,Bayern,code09,25.0
2012,Prozent,<u>Zeitreihe des Indikators:</u> Unbereinigter Gender Pay Gap,Bayern,code09,25.0
2013,Prozent,<u>Zeitreihe des Indikators:</u> Unbereinigter Gender Pay Gap,Bayern,code09,25.0
2014,Prozent,<u>Zeitreihe des Indikators:</u> Unbereinigter Gender Pay Gap,Bayern,code09,25.0
2015,Prozent,<u>Zeitreihe des Indikators:</u> Unbereinigter Gender Pay Gap,Bayern,code09,24.0
2016,Prozent,<u>Zeitreihe des Indikators:</u> Unbereinigter Gender Pay Gap,Bayern,code09,24.0
2017,Prozent,<u>Zeitreihe des Indikators:</u> Unbereinigter Gender Pay Gap,Bayern,code09,24.0
2018,Prozent,<u>Zeitreihe des Indikators:</u> Unbereinigter Gender Pay Gap,Bayern,code09,24.0
2019,Prozent,<u>Zeitreihe des Indikators:</u> Unbereinigter Gender Pay Gap,Bayern,code09,23.0
2020,Prozent,<u>Zeitreihe des Indikators:</u> Unbereinigter Gender Pay Gap,Bayern,code09,22.0
2021,Prozent,<u>Zeitreihe des Indikators:</u> Unbereinigter Gender Pay Gap,Bayern,code09,21.0
2022,Prozent,<u>Zeitreihe des Indikators:</u> Unbereinigter Gender Pay Gap,Bayern,code09,21.0
2023,Prozent,<u>Zeitreihe des Indikators:</u> Unbereinigter Gender Pay Gap,Bayern,code09,21.0
2024,Prozent,<u>Zeitreihe des Indikators:</u> Unbereinigter Gender Pay Gap,Bayern,code09,18.0
2006,Prozent,<u>Zeitreihe des Indikators:</u> Unbereinigter Gender Pay Gap,Berlin,code11,14.0
2007,Prozent,<u>Zeitreihe des Indikators:</u> Unbereinigter Gender Pay Gap,Berlin,code11,14.0
2008,Prozent,<u>Zeitreihe des Indikators:</u> Unbereinigter Gender Pay Gap,Berlin,code11,16.0
2009,Prozent,<u>Zeitreihe des Indikators:</u> Unbereinigter Gender Pay Gap,Berlin,code11,15.0
2010,Prozent,<u>Zeitreihe des Indikators:</u> Unbereinigter Gender Pay Gap,Berlin,code11,14.0
2011,Prozent,<u>Zeitreihe des Indikators:</u> Unbereinigter Gender Pay Gap,Berlin,code11,15.0
2012,Prozent,<u>Zeitreihe des Indikators:</u> Unbereinigter Gender Pay Gap,Berlin,code11,15.0
2013,Prozent,<u>Zeitreihe des Indikators:</u> Unbereinigter Gender Pay Gap,Berlin,code11,14.0
2014,Prozent,<u>Zeitreihe des Indikators:</u> Unbereinigter Gender Pay Gap,Berlin,code11,14.0
2015,Prozent,<u>Zeitreihe des Indikators:</u> Unbereinigter Gender Pay Gap,Berlin,code11,14.0
2016,Prozent,<u>Zeitreihe des Indikators:</u> Unbereinigter Gender Pay Gap,Berlin,code11,12.0
2017,Prozent,<u>Zeitreihe des Indikators:</u> Unbereinigter Gender Pay Gap,Berlin,code11,10.0
2018,Prozent,<u>Zeitreihe des Indikators:</u> Unbereinigter Gender Pay Gap,Berlin,code11,10.0
2019,Prozent,<u>Zeitreihe des Indikators:</u> Unbereinigter Gender Pay Gap,Berlin,code11,10.0
2020,Prozent,<u>Zeitreihe des Indikators:</u> Unbereinigter Gender Pay Gap,Berlin,code11,10.0
2021,Prozent,<u>Zeitreihe des Indikators:</u> Unbereinigter Gender Pay Gap,Berlin,code11,10.0
2022,Prozent,<u>Zeitreihe des Indikators:</u> Unbereinigter Gender Pay Gap,Berlin,code11,10.0
2023,Prozent,<u>Zeitreihe des Indikators:</u> Unbereinigter Gender Pay Gap,Berlin,code11,11.0
2024,Prozent,<u>Zeitreihe des Indikators:</u> Unbereinigter Gender Pay Gap,Berlin,code11,10.0
2006,Prozent,<u>Zeitreihe des Indikators:</u> Unbereinigter Gender Pay Gap,Brandenburg,code12,6.0
2007,Prozent,<u>Zeitreihe des Indikators:</u> Unbereinigter Gender Pay Gap,Brandenburg,code12,7.0
2008,Prozent,<u>Zeitreihe des Indikators:</u> Unbereinigter Gender Pay Gap,Brandenburg,code12,7.0
2009,Prozent,<u>Zeitreihe des Indikators:</u> Unbereinigter Gender Pay Gap,Brandenburg,code12,7.0
2010,Prozent,<u>Zeitreihe des Indikators:</u> Unbereinigter Gender Pay Gap,Brandenburg,code12,7.0
2011,Prozent,<u>Zeitreihe des Indikators:</u> Unbereinigter Gender Pay Gap,Brandenburg,code12,6.0
2012,Prozent,<u>Zeitreihe des Indikators:</u> Unbereinigter Gender Pay Gap,Brandenburg,code12,7.0
2013,Prozent,<u>Zeitreihe des Indikators:</u> Unbereinigter Gender Pay Gap,Brandenburg,code12,5.0
2014,Prozent,<u>Zeitreihe des Indikators:</u> Unbereinigter Gender Pay Gap,Brandenburg,code12,7.0
2015,Prozent,<u>Zeitreihe des Indikators:</u> Unbereinigter Gender Pay Gap,Brandenburg,code12,5.0
2016,Prozent,<u>Zeitreihe des Indikators:</u> Unbereinigter Gender Pay Gap,Brandenburg,code12,6.0
2017,Prozent,<u>Zeitreihe des Indikators:</u> Unbereinigter Gender Pay Gap,Brandenburg,code12,6.0
2018,Prozent,<u>Zeitreihe des Indikators:</u> Unbereinigter Gender Pay Gap,Brandenburg,code12,6.0
2019,Prozent,<u>Zeitreihe des Indikators:</u> Unbereinigter Gender Pay Gap,Brandenburg,code12,7.0
2020,Prozent,<u>Zeitreihe des Indikators:</u> Unbereinigter Gender Pay Gap,Brandenburg,code12,6.0
2021,Prozent,<u>Zeitreihe des Indikators:</u> Unbereinigter Gender Pay Gap,Brandenburg,code12,5.0
2022,Prozent,<u>Zeitreihe des Indikators:</u> Unbereinigter Gender Pay Gap,Brandenburg,code12,6.0
2023,Prozent,<u>Zeitreihe des Indikators:</u> Unbereinigter Gender Pay Gap,Brandenburg,code12,4.0
2024,Prozent,<u>Zeitreihe des Indikators:</u> Unbereinigter Gender Pay Gap,Brandenburg,code12,2.0
2006,Prozent,<u>Zeitreihe des Indikators:</u> Unbereinigter Gender Pay Gap,Bremen,code04,25.0
2007,Prozent,<u>Zeitreihe des Indikators:</u> Unbereinigter Gender Pay Gap,Bremen,code04,27.0
2008,Prozent,<u>Zeitreihe des Indikators:</u> Unbereinigter Gender Pay Gap,Bremen,code04,27.0
2009,Prozent,<u>Zeitreihe des Indikators:</u> Unbereinigter Gender Pay Gap,Bremen,code04,24.0
2010,Prozent,<u>Zeitreihe des Indikators:</u> Unbereinigter Gender Pay Gap,Bremen,code04,24.0
2011,Prozent,<u>Zeitreihe des Indikators:</u> Unbereinigter Gender Pay Gap,Bremen,code04,24.0
2012,Prozent,<u>Zeitreihe des Indikators:</u> Unbereinigter Gender Pay Gap,Bremen,code04,27.0
2013,Prozent,<u>Zeitreihe des Indikators:</u> Unbereinigter Gender Pay Gap,Bremen,code04,25.0
2014,Prozent,<u>Zeitreihe des Indikators:</u> Unbereinigter Gender Pay Gap,Bremen,code04,25.0
2015,Prozent,<u>Zeitreihe des Indikators:</u> Unbereinigter Gender Pay Gap,Bremen,code04,25.0
2016,Prozent,<u>Zeitreihe des Indikators:</u> Unbereinigter Gender Pay Gap,Bremen,code04,24.0
2017,Prozent,<u>Zeitreihe des Indikators:</u> Unbereinigter Gender Pay Gap,Bremen,code04,24.0
2018,Prozent,<u>Zeitreihe des Indikators:</u> Unbereinigter Gender Pay Gap,Bremen,code04,23.0
2019,Prozent,<u>Zeitreihe des Indikators:</u> Unbereinigter Gender Pay Gap,Bremen,code04,25.0
2020,Prozent,<u>Zeitreihe des Indikators:</u> Unbereinigter Gender Pay Gap,Bremen,code04,22.0
2021,Prozent,<u>Zeitreihe des Indikators:</u> Unbereinigter Gender Pay Gap,Bremen,code04,22.0
2022,Prozent,<u>Zeitreihe des Indikators:</u> Unbereinigter Gender Pay Gap,Bremen,code04,20.0
2023,Prozent,<u>Zeitreihe des Indikators:</u> Unbereinigter Gender Pay Gap,Bremen,code04,19.0
2024,Prozent,<u>Zeitreihe des Indikators:</u> Unbereinigter Gender Pay Gap,Bremen,code04,17.0
2006,Prozent,<u>Zeitreihe des Indikators:</u> Unbereinigter Gender Pay Gap,Hamburg,code02,20.0
2007,Prozent,<u>Zeitreihe des Indikators:</u> Unbereinigter Gender Pay Gap,Hamburg,code02,22.0
2008,Prozent,<u>Zeitreihe des Indikators:</u> Unbereinigter Gender Pay Gap,Hamburg,code02,22.0
2009,Prozent,<u>Zeitreihe des Indikators:</u> Unbereinigter Gender Pay Gap,Hamburg,code02,23.0
2010,Prozent,<u>Zeitreihe des Indikators:</u> Unbereinigter Gender Pay Gap,Hamburg,code02,23.0
2011,Prozent,<u>Zeitreihe des Indikators:</u> Unbereinigter Gender Pay Gap,Hamburg,code02,22.0
2012,Prozent,<u>Zeitreihe des Indikators:</u> Unbereinigter Gender Pay Gap,Hamburg,code02,24.0
2013,Prozent,<u>Zeitreihe des Indikators:</u> Unbereinigter Gender Pay Gap,Hamburg,code02,23.0
2014,Prozent,<u>Zeitreihe des Indikators:</u> Unbereinigter Gender Pay Gap,Hamburg,code02,22.0
2015,Prozent,<u>Zeitreihe des Indikators:</u> Unbereinigter Gender Pay Gap,Hamburg,code02,22.0
2016,Prozent,<u>Zeitreihe des Indikators:</u> Unbereinigter Gender Pay Gap,Hamburg,code02,21.0
2017,Prozent,<u>Zeitreihe des Indikators:</u> Unbereinigter Gender Pay Gap,Hamburg,code02,21.0
2018,Prozent,<u>Zeitreihe des Indikators:</u> Unbereinigter Gender Pay Gap,Hamburg,code02,21.0
2019,Prozent,<u>Zeitreihe des Indikators:</u> Unbereinigter Gender Pay Gap,Hamburg,code02,21.0
2020,Prozent,<u>Zeitreihe des Indikators:</u> Unbereinigter Gender Pay Gap,Hamburg,code02,21.0
2021,Prozent,<u>Zeitreihe des Indikators:</u> Unbereinigter Gender Pay Gap,Hamburg,code02,21.0
2022,Prozent,<u>Zeitreihe des Indikators:</u> Unbereinigter Gender Pay Gap,Hamburg,code02,18.0
2023,Prozent,<u>Zeitreihe des Indikators:</u> Unbereinigter Gender Pay Gap,Hamburg,code02,18.0
2024,Prozent,<u>Zeitreihe des Indikators:</u> Unbereinigter Gender Pay Gap,Hamburg,code02,18.0
2006,Prozent,<u>Zeitreihe des Indikators:</u> Unbereinigter Gender Pay Gap,Hessen,code06,23.0
2007,Prozent,<u>Zeitreihe des Indikators:</u> Unbereinigter Gender Pay Gap,Hessen,code06,24.0
2008,Prozent,<u>Zeitreihe des Indikators:</u> Unbereinigter Gender Pay Gap,Hessen,code06,24.0
2009,Prozent,<u>Zeitreihe des Indikators:</u> Unbereinigter Gender Pay Gap,Hessen,code06,24.0
2010,Prozent,<u>Zeitreihe des Indikators:</u> Unbereinigter Gender Pay Gap,Hessen,code06,25.0
2011,Prozent,<u>Zeitreihe des Indikators:</u> Unbereinigter Gender Pay Gap,Hessen,code06,25.0
2012,Prozent,<u>Zeitreihe des Indikators:</u> Unbereinigter Gender Pay Gap,Hessen,code06,24.0
2013,Prozent,<u>Zeitreihe des Indikators:</u> Unbereinigter Gender Pay Gap,Hessen,code06,23.0
2014,Prozent,<u>Zeitreihe des Indikators:</u> Unbereinigter Gender Pay Gap,Hessen,code06,24.0
2015,Prozent,<u>Zeitreihe des Indikators:</u> Unbereinigter Gender Pay Gap,Hessen,code06,23.0
2016,Prozent,<u>Zeitreihe des Indikators:</u> Unbereinigter Gender Pay Gap,Hessen,code06,22.0
2017,Prozent,<u>Zeitreihe des Indikators:</u> Unbereinigter Gender Pay Gap,Hessen,code06,22.0
2018,Prozent,<u>Zeitreihe des Indikators:</u> Unbereinigter Gender Pay Gap,Hessen,code06,21.0
2019,Prozent,<u>Zeitreihe des Indikators:</u> Unbereinigter Gender Pay Gap,Hessen,code06,19.0
2020,Prozent,<u>Zeitreihe des Indikators:</u> Unbereinigter Gender Pay Gap,Hessen,code06,18.0
2021,Prozent,<u>Zeitreihe des Indikators:</u> Unbereinigter Gender Pay Gap,Hessen,code06,18.0
2022,Prozent,<u>Zeitreihe des Indikators:</u> Unbereinigter Gender Pay Gap,Hessen,code06,21.0
2023,Prozent,<u>Zeitreihe des Indikators:</u> Unbereinigter Gender Pay Gap,Hessen,code06,20.0
2024,Prozent,<u>Zeitreihe des Indikators:</u> Unbereinigter Gender Pay Gap,Hessen,code06,19.0
2006,Prozent,<u>Zeitreihe des Indikators:</u> Unbereinigter Gender Pay Gap,Mecklenburg-Vorpommern,code13,2.0
2007,Prozent,<u>Zeitreihe des Indikators:</u> Unbereinigter Gender Pay Gap,Mecklenburg-Vorpommern,code13,2.0
2008,Prozent,<u>Zeitreihe des Indikators:</u> Unbereinigter Gender Pay Gap,Mecklenburg-Vorpommern,code13,3.0
2009,Prozent,<u>Zeitreihe des Indikators:</u> Unbereinigter Gender Pay Gap,Mecklenburg-Vorpommern,code13,3.0
2010,Prozent,<u>Zeitreihe des Indikators:</u> Unbereinigter Gender Pay Gap,Mecklenburg-Vorpommern,code13,4.0
2011,Prozent,<u>Zeitreihe des Indikators:</u> Unbereinigter Gender Pay Gap,Mecklenburg-Vorpommern,code13,6.0
2012,Prozent,<u>Zeitreihe des Indikators:</u> Unbereinigter Gender Pay Gap,Mecklenburg-Vorpommern,code13,7.0
2013,Prozent,<u>Zeitreihe des Indikators:</u> Unbereinigter Gender Pay Gap,Mecklenburg-Vorpommern,code13,6.0
2014,Prozent,<u>Zeitreihe des Indikators:</u> Unbereinigter Gender Pay Gap,Mecklenburg-Vorpommern,code13,8.0
2015,Prozent,<u>Zeitreihe des Indikators:</u> Unbereinigter Gender Pay Gap,Mecklenburg-Vorpommern,code13,7.0
2016,Prozent,<u>Zeitreihe des Indikators:</u> Unbereinigter Gender Pay Gap,Mecklenburg-Vorpommern,code13,6.0
2017,Prozent,<u>Zeitreihe des Indikators:</u> Unbereinigter Gender Pay Gap,Mecklenburg-Vorpommern,code13,6.0
2018,Prozent,<u>Zeitreihe des Indikators:</u> Unbereinigter Gender Pay Gap,Mecklenburg-Vorpommern,code13,6.0
2019,Prozent,<u>Zeitreihe des Indikators:</u> Unbereinigter Gender Pay Gap,Mecklenburg-Vorpommern,code13,6.0
2020,Prozent,<u>Zeitreihe des Indikators:</u> Unbereinigter Gender Pay Gap,Mecklenburg-Vorpommern,code13,6.0
2021,Prozent,<u>Zeitreihe des Indikators:</u> Unbereinigter Gender Pay Gap,Mecklenburg-Vorpommern,code13,5.0
2022,Prozent,<u>Zeitreihe des Indikators:</u> Unbereinigter Gender Pay Gap,Mecklenburg-Vorpommern,code13,6.0
2023,Prozent,<u>Zeitreihe des Indikators:</u> Unbereinigter Gender Pay Gap,Mecklenburg-Vorpommern,code13,7.0
2024,Prozent,<u>Zeitreihe des Indikators:</u> Unbereinigter Gender Pay Gap,Mecklenburg-Vorpommern,code13,7.0
2006,Prozent,<u>Zeitreihe des Indikators:</u> Unbereinigter Gender Pay Gap,Niedersachsen,code03,25.0
2007,Prozent,<u>Zeitreihe des Indikators:</u> Unbereinigter Gender Pay Gap,Niedersachsen,code03,24.0
2008,Prozent,<u>Zeitreihe des Indikators:</u> Unbereinigter Gender Pay Gap,Niedersachsen,code03,23.0
2009,Prozent,<u>Zeitreihe des Indikators:</u> Unbereinigter Gender Pay Gap,Niedersachsen,code03,22.0
2010,Prozent,<u>Zeitreihe des Indikators:</u> Unbereinigter Gender Pay Gap,Niedersachsen,code03,22.0
2011,Prozent,<u>Zeitreihe des Indikators:</u> Unbereinigter Gender Pay Gap,Niedersachsen,code03,22.0
2012,Prozent,<u>Zeitreihe des Indikators:</u> Unbereinigter Gender Pay Gap,Niedersachsen,code03,21.0
2013,Prozent,<u>Zeitreihe des Indikators:</u> Unbereinigter Gender Pay Gap,Niedersachsen,code03,20.0
2014,Prozent,<u>Zeitreihe des Indikators:</u> Unbereinigter Gender Pay Gap,Niedersachsen,code03,22.0
2015,Prozent,<u>Zeitreihe des Indikators:</u> Unbereinigter Gender Pay Gap,Niedersachsen,code03,22.0
2016,Prozent,<u>Zeitreihe des Indikators:</u> Unbereinigter Gender Pay Gap,Niedersachsen,code03,21.0
2017,Prozent,<u>Zeitreihe des Indikators:</u> Unbereinigter Gender Pay Gap,Niedersachsen,code03,21.0
2018,Prozent,<u>Zeitreihe des Indikators:</u> Unbereinigter Gender Pay Gap,Niedersachsen,code03,21.0
2019,Prozent,<u>Zeitreihe des Indikators:</u> Unbereinigter Gender Pay Gap,Niedersachsen,code03,21.0
2020,Prozent,<u>Zeitreihe des Indikators:</u> Unbereinigter Gender Pay Gap,Niedersachsen,code03,19.0
2021,Prozent,<u>Zeitreihe des Indikators:</u> Unbereinigter Gender Pay Gap,Niedersachsen,code03,19.0
2022,Prozent,<u>Zeitreihe des Indikators:</u> Unbereinigter Gender Pay Gap,Niedersachsen,code03,18.0
2023,Prozent,<u>Zeitreihe des Indikators:</u> Unbereinigter Gender Pay Gap,Niedersachsen,code03,18.0
2024,Prozent,<u>Zeitreihe des Indikators:</u> Unbereinigter Gender Pay Gap,Niedersachsen,code03,15.0
2006,Prozent,<u>Zeitreihe des Indikators:</u> Unbereinigter Gender Pay Gap,Nordrhein-Westfalen,code05,24.0
2007,Prozent,<u>Zeitreihe des Indikators:</u> Unbereinigter Gender Pay Gap,Nordrhein-Westfalen,code05,24.0
2008,Prozent,<u>Zeitreihe des Indikators:</u> Unbereinigter Gender Pay Gap,Nordrhein-Westfalen,code05,24.0
2009,Prozent,<u>Zeitreihe des Indikators:</u> Unbereinigter Gender Pay Gap,Nordrhein-Westfalen,code05,23.0
2010,Prozent,<u>Zeitreihe des Indikators:</u> Unbereinigter Gender Pay Gap,Nordrhein-Westfalen,code05,23.0
2011,Prozent,<u>Zeitreihe des Indikators:</u> Unbereinigter Gender Pay Gap,Nordrhein-Westfalen,code05,23.0
2012,Prozent,<u>Zeitreihe des Indikators:</u> Unbereinigter Gender Pay Gap,Nordrhein-Westfalen,code05,24.0
2013,Prozent,<u>Zeitreihe des Indikators:</u> Unbereinigter Gender Pay Gap,Nordrhein-Westfalen,code05,23.0
2014,Prozent,<u>Zeitreihe des Indikators:</u> Unbereinigter Gender Pay Gap,Nordrhein-Westfalen,code05,23.0
2015,Prozent,<u>Zeitreihe des Indikators:</u> Unbereinigter Gender Pay Gap,Nordrhein-Westfalen,code05,23.0
2016,Prozent,<u>Zeitreihe des Indikators:</u> Unbereinigter Gender Pay Gap,Nordrhein-Westfalen,code05,22.0
2017,Prozent,<u>Zeitreihe des Indikators:</u> Unbereinigter Gender Pay Gap,Nordrhein-Westfalen,code05,21.0
2018,Prozent,<u>Zeitreihe des Indikators:</u> Unbereinigter Gender Pay Gap,Nordrhein-Westfalen,code05,20.0
2019,Prozent,<u>Zeitreihe des Indikators:</u> Unbereinigter Gender Pay Gap,Nordrhein-Westfalen,code05,19.0
2020,Prozent,<u>Zeitreihe des Indikators:</u> Unbereinigter Gender Pay Gap,Nordrhein-Westfalen,code05,18.0
2021,Prozent,<u>Zeitreihe des Indikators:</u> Unbereinigter Gender Pay Gap,Nordrhein-Westfalen,code05,17.0
2022,Prozent,<u>Zeitreihe des Indikators:</u> Unbereinigter Gender Pay Gap,Nordrhein-Westfalen,code05,17.0
2023,Prozent,<u>Zeitreihe des Indikators:</u> Unbereinigter Gender Pay Gap,Nordrhein-Westfalen,code05,17.0
2024,Prozent,<u>Zeitreihe des Indikators:</u> Unbereinigter Gender Pay Gap,Nordrhein-Westfalen,code05,16.0
2006,Prozent,<u>Zeitreihe des Indikators:</u> Unbereinigter Gender Pay Gap,Rheinland-Pfalz,code07,21.0
2007,Prozent,<u>Zeitreihe des Indikators:</u> Unbereinigter Gender Pay Gap,Rheinland-Pfalz,code07,22.0
2008,Prozent,<u>Zeitreihe des Indikators:</u> Unbereinigter Gender Pay Gap,Rheinland-Pfalz,code07,22.0
2009,Prozent,<u>Zeitreihe des Indikators:</u> Unbereinigter Gender Pay Gap,Rheinland-Pfalz,code07,22.0
2010,Prozent,<u>Zeitreihe des Indikators:</u> Unbereinigter Gender Pay Gap,Rheinland-Pfalz,code07,22.0
2011,Prozent,<u>Zeitreihe des Indikators:</u> Unbereinigter Gender Pay Gap,Rheinland-Pfalz,code07,22.0
2012,Prozent,<u>Zeitreihe des Indikators:</u> Unbereinigter Gender Pay Gap,Rheinland-Pfalz,code07,22.0
2013,Prozent,<u>Zeitreihe des Indikators:</u> Unbereinigter Gender Pay Gap,Rheinland-Pfalz,code07,22.0
2014,Prozent,<u>Zeitreihe des Indikators:</u> Unbereinigter Gender Pay Gap,Rheinland-Pfalz,code07,21.0
2015,Prozent,<u>Zeitreihe des Indikators:</u> Unbereinigter Gender Pay Gap,Rheinland-Pfalz,code07,20.0
2016,Prozent,<u>Zeitreihe des Indikators:</u> Unbereinigter Gender Pay Gap,Rheinland-Pfalz,code07,20.0
2017,Prozent,<u>Zeitreihe des Indikators:</u> Unbereinigter Gender Pay Gap,Rheinland-Pfalz,code07,19.0
2018,Prozent,<u>Zeitreihe des Indikators:</u> Unbereinigter Gender Pay Gap,Rheinland-Pfalz,code07,18.0
2019,Prozent,<u>Zeitreihe des Indikators:</u> Unbereinigter Gender Pay Gap,Rheinland-Pfalz,code07,17.0
2020,Prozent,<u>Zeitreihe des Indikators:</u> Unbereinigter Gender Pay Gap,Rheinland-Pfalz,code07,15.0
2021,Prozent,<u>Zeitreihe des Indikators:</u> Unbereinigter Gender Pay Gap,Rheinland-Pfalz,code07,15.0
2022,Prozent,<u>Zeitreihe des Indikators:</u> Unbereinigter Gender Pay Gap,Rheinland-Pfalz,code07,15.0
2023,Prozent,<u>Zeitreihe des Indikators:</u> Unbereinigter Gender Pay Gap,Rheinland-Pfalz,code07,15.0
2024,Prozent,<u>Zeitreihe des Indikators:</u> Unbereinigter Gender Pay Gap,Rheinland-Pfalz,code07,14.0
2006,Prozent,<u>Zeitreihe des Indikators:</u> Unbereinigter Gender Pay Gap,Saarland,code10,24.0
2007,Prozent,<u>Zeitreihe des Indikators:</u> Unbereinigter Gender Pay Gap,Saarland,code10,26.0
2008,Prozent,<u>Zeitreihe des Indikators:</u> Unbereinigter Gender Pay Gap,Saarland,code10,26.0
2009,Prozent,<u>Zeitreihe des Indikators:</u> Unbereinigter Gender Pay Gap,Saarland,code10,25.0
2010,Prozent,<u>Zeitreihe des Indikators:</u> Unbereinigter Gender Pay Gap,Saarland,code10,25.0
2011,Prozent,<u>Zeitreihe des Indikators:</u> Unbereinigter Gender Pay Gap,Saarland,code10,25.0
2012,Prozent,<u>Zeitreihe des Indikators:</u> Unbereinigter Gender Pay Gap,Saarland,code10,25.0
2013,Prozent,<u>Zeitreihe des Indikators:</u> Unbereinigter Gender Pay Gap,Saarland,code10,24.0
2014,Prozent,<u>Zeitreihe des Indikators:</u> Unbereinigter Gender Pay Gap,Saarland,code10,23.0
2015,Prozent,<u>Zeitreihe des Indikators:</u> Unbereinigter Gender Pay Gap,Saarland,code10,24.0
2016,Prozent,<u>Zeitreihe des Indikators:</u> Unbereinigter Gender Pay Gap,Saarland,code10,24.0
2017,Prozent,<u>Zeitreihe des Indikators:</u> Unbereinigter Gender Pay Gap,Saarland,code10,24.0
2018,Prozent,<u>Zeitreihe des Indikators:</u> Unbereinigter Gender Pay Gap,Saarland,code10,23.0
2019,Prozent,<u>Zeitreihe des Indikators:</u> Unbereinigter Gender Pay Gap,Saarland,code10,22.0
2020,Prozent,<u>Zeitreihe des Indikators:</u> Unbereinigter Gender Pay Gap,Saarland,code10,20.0
2021,Prozent,<u>Zeitreihe des Indikators:</u> Unbereinigter Gender Pay Gap,Saarland,code10,20.0
2022,Prozent,<u>Zeitreihe des Indikators:</u> Unbereinigter Gender Pay Gap,Saarland,code10,18.0
2023,Prozent,<u>Zeitreihe des Indikators:</u> Unbereinigter Gender Pay Gap,Saarland,code10,18.0
2024,Prozent,<u>Zeitreihe des Indikators:</u> Unbereinigter Gender Pay Gap,Saarland,code10,16.0
2006,Prozent,<u>Zeitreihe des Indikators:</u> Unbereinigter Gender Pay Gap,Sachsen,code14,9.0
2007,Prozent,<u>Zeitreihe des Indikators:</u> Unbereinigter Gender Pay Gap,Sachsen,code14,9.0
2008,Prozent,<u>Zeitreihe des Indikators:</u> Unbereinigter Gender Pay Gap,Sachsen,code14,9.0
2009,Prozent,<u>Zeitreihe des Indikators:</u> Unbereinigter Gender Pay Gap,Sachsen,code14,9.0
2010,Prozent,<u>Zeitreihe des Indikators:</u> Unbereinigter Gender Pay Gap,Sachsen,code14,9.0
2011,Prozent,<u>Zeitreihe des Indikators:</u> Unbereinigter Gender Pay Gap,Sachsen,code14,10.0
2012,Prozent,<u>Zeitreihe des Indikators:</u> Unbereinigter Gender Pay Gap,Sachsen,code14,11.0
2013,Prozent,<u>Zeitreihe des Indikators:</u> Unbereinigter Gender Pay Gap,Sachsen,code14,11.0
2014,Prozent,<u>Zeitreihe des Indikators:</u> Unbereinigter Gender Pay Gap,Sachsen,code14,11.0
2015,Prozent,<u>Zeitreihe des Indikators:</u> Unbereinigter Gender Pay Gap,Sachsen,code14,11.0
2016,Prozent,<u>Zeitreihe des Indikators:</u> Unbereinigter Gender Pay Gap,Sachsen,code14,10.0
2017,Prozent,<u>Zeitreihe des Indikators:</u> Unbereinigter Gender Pay Gap,Sachsen,code14,9.0
2018,Prozent,<u>Zeitreihe des Indikators:</u> Unbereinigter Gender Pay Gap,Sachsen,code14,8.0
2019,Prozent,<u>Zeitreihe des Indikators:</u> Unbereinigter Gender Pay Gap,Sachsen,code14,7.0
2020,Prozent,<u>Zeitreihe des Indikators:</u> Unbereinigter Gender Pay Gap,Sachsen,code14,7.0
2021,Prozent,<u>Zeitreihe des Indikators:</u> Unbereinigter Gender Pay Gap,Sachsen,code14,6.0
2022,Prozent,<u>Zeitreihe des Indikators:</u> Unbereinigter Gender Pay Gap,Sachsen,code14,8.0
2023,Prozent,<u>Zeitreihe des Indikators:</u> Unbereinigter Gender Pay Gap,Sachsen,code14,9.0
2024,Prozent,<u>Zeitreihe des Indikators:</u> Unbereinigter Gender Pay Gap,Sachsen,code14,7.0
2006,Prozent,<u>Zeitreihe des Indikators:</u> Unbereinigter Gender Pay Gap,Sachsen-Anhalt,code15,3.0
2007,Prozent,<u>Zeitreihe des Indikators:</u> Unbereinigter Gender Pay Gap,Sachsen-Anhalt,code15,3.0
2008,Prozent,<u>Zeitreihe des Indikators:</u> Unbereinigter Gender Pay Gap,Sachsen-Anhalt,code15,3.0
2009,Prozent,<u>Zeitreihe des Indikators:</u> Unbereinigter Gender Pay Gap,Sachsen-Anhalt,code15,3.0
2010,Prozent,<u>Zeitreihe des Indikators:</u> Unbereinigter Gender Pay Gap,Sachsen-Anhalt,code15,4.0
2011,Prozent,<u>Zeitreihe des Indikators:</u> Unbereinigter Gender Pay Gap,Sachsen-Anhalt,code15,5.0
2012,Prozent,<u>Zeitreihe des Indikators:</u> Unbereinigter Gender Pay Gap,Sachsen-Anhalt,code15,5.0
2013,Prozent,<u>Zeitreihe des Indikators:</u> Unbereinigter Gender Pay Gap,Sachsen-Anhalt,code15,4.0
2014,Prozent,<u>Zeitreihe des Indikators:</u> Unbereinigter Gender Pay Gap,Sachsen-Anhalt,code15,5.0
2015,Prozent,<u>Zeitreihe des Indikators:</u> Unbereinigter Gender Pay Gap,Sachsen-Anhalt,code15,4.0
2016,Prozent,<u>Zeitreihe des Indikators:</u> Unbereinigter Gender Pay Gap,Sachsen-Anhalt,code15,4.0
2017,Prozent,<u>Zeitreihe des Indikators:</u> Unbereinigter Gender Pay Gap,Sachsen-Anhalt,code15,6.0
2018,Prozent,<u>Zeitreihe des Indikators:</u> Unbereinigter Gender Pay Gap,Sachsen-Anhalt,code15,8.0
2019,Prozent,<u>Zeitreihe des Indikators:</u> Unbereinigter Gender Pay Gap,Sachsen-Anhalt,code15,7.0
2020,Prozent,<u>Zeitreihe des Indikators:</u> Unbereinigter Gender Pay Gap,Sachsen-Anhalt,code15,8.0
2021,Prozent,<u>Zeitreihe des Indikators:</u> Unbereinigter Gender Pay Gap,Sachsen-Anhalt,code15,7.0
2022,Prozent,<u>Zeitreihe des Indikators:</u> Unbereinigter Gender Pay Gap,Sachsen-Anhalt,code15,6.0
2023,Prozent,<u>Zeitreihe des Indikators:</u> Unbereinigter Gender Pay Gap,Sachsen-Anhalt,code15,5.0
2024,Prozent,<u>Zeitreihe des Indikators:</u> Unbereinigter Gender Pay Gap,Sachsen-Anhalt,code15,4.0
2006,Prozent,<u>Zeitreihe des Indikators:</u> Unbereinigter Gender Pay Gap,Schleswig-Holstein,code01,18.0
2007,Prozent,<u>Zeitreihe des Indikators:</u> Unbereinigter Gender Pay Gap,Schleswig-Holstein,code01,18.0
2008,Prozent,<u>Zeitreihe des Indikators:</u> Unbereinigter Gender Pay Gap,Schleswig-Holstein,code01,19.0
2009,Prozent,<u>Zeitreihe des Indikators:</u> Unbereinigter Gender Pay Gap,Schleswig-Holstein,code01,18.0
2010,Prozent,<u>Zeitreihe des Indikators:</u> Unbereinigter Gender Pay Gap,Schleswig-Holstein,code01,18.0
2011,Prozent,<u>Zeitreihe des Indikators:</u> Unbereinigter Gender Pay Gap,Schleswig-Holstein,code01,17.0
2012,Prozent,<u>Zeitreihe des Indikators:</u> Unbereinigter Gender Pay Gap,Schleswig-Holstein,code01,18.0
2013,Prozent,<u>Zeitreihe des Indikators:</u> Unbereinigter Gender Pay Gap,Schleswig-Holstein,code01,18.0
2014,Prozent,<u>Zeitreihe des Indikators:</u> Unbereinigter Gender Pay Gap,Schleswig-Holstein,code01,17.0
2015,Prozent,<u>Zeitreihe des Indikators:</u> Unbereinigter Gender Pay Gap,Schleswig-Holstein,code01,16.0
2016,Prozent,<u>Zeitreihe des Indikators:</u> Unbereinigter Gender Pay Gap,Schleswig-Holstein,code01,16.0
2017,Prozent,<u>Zeitreihe des Indikators:</u> Unbereinigter Gender Pay Gap,Schleswig-Holstein,code01,14.0
2018,Prozent,<u>Zeitreihe des Indikators:</u> Unbereinigter Gender Pay Gap,Schleswig-Holstein,code01,14.0
2019,Prozent,<u>Zeitreihe des Indikators:</u> Unbereinigter Gender Pay Gap,Schleswig-Holstein,code01,13.0
2020,Prozent,<u>Zeitreihe des Indikators:</u> Unbereinigter Gender Pay Gap,Schleswig-Holstein,code01,13.0
2021,Prozent,<u>Zeitreihe des Indikators:</u> Unbereinigter Gender Pay Gap,Schleswig-Holstein,code01,12.0
2022,Prozent,<u>Zeitreihe des Indikators:</u> Unbereinigter Gender Pay Gap,Schleswig-Holstein,code01,12.0
2023,Prozent,<u>Zeitreihe des Indikators:</u> Unbereinigter Gender Pay Gap,Schleswig-Holstein,code01,12.0
2024,Prozent,<u>Zeitreihe des Indikators:</u> Unbereinigter Gender Pay Gap,Schleswig-Holstein,code01,11.0
2006,Prozent,<u>Zeitreihe des Indikators:</u> Unbereinigter Gender Pay Gap,Thüringen,code16,6.0
2007,Prozent,<u>Zeitreihe des Indikators:</u> Unbereinigter Gender Pay Gap,Thüringen,code16,5.0
2008,Prozent,<u>Zeitreihe des Indikators:</u> Unbereinigter Gender Pay Gap,Thüringen,code16,5.0
2009,Prozent,<u>Zeitreihe des Indikators:</u> Unbereinigter Gender Pay Gap,Thüringen,code16,6.0
2010,Prozent,<u>Zeitreihe des Indikators:</u> Unbereinigter Gender Pay Gap,Thüringen,code16,6.0
2011,Prozent,<u>Zeitreihe des Indikators:</u> Unbereinigter Gender Pay Gap,Thüringen,code16,7.0
2012,Prozent,<u>Zeitreihe des Indikators:</u> Unbereinigter Gender Pay Gap,Thüringen,code16,8.0
2013,Prozent,<u>Zeitreihe des Indikators:</u> Unbereinigter Gender Pay Gap,Thüringen,code16,9.0
2014,Prozent,<u>Zeitreihe des Indikators:</u> Unbereinigter Gender Pay Gap,Thüringen,code16,8.0
2015,Prozent,<u>Zeitreihe des Indikators:</u> Unbereinigter Gender Pay Gap,Thüringen,code16,9.0
2016,Prozent,<u>Zeitreihe des Indikators:</u> Unbereinigter Gender Pay Gap,Thüringen,code16,7.0
2017,Prozent,<u>Zeitreihe des Indikators:</u> Unbereinigter Gender Pay Gap,Thüringen,code16,6.0
2018,Prozent,<u>Zeitreihe des Indikators:</u> Unbereinigter Gender Pay Gap,Thüringen,code16,6.0
2019,Prozent,<u>Zeitreihe des Indikators:</u> Unbereinigter Gender Pay Gap,Thüringen,code16,6.0
2020,Prozent,<u>Zeitreihe des Indikators:</u> Unbereinigter Gender Pay Gap,Thüringen,code16,5.0
2021,Prozent,<u>Zeitreihe des Indikators:</u> Unbereinigter Gender Pay Gap,Thüringen,code16,5.0
2022,Prozent,<u>Zeitreihe des Indikators:</u> Unbereinigter Gender Pay Gap,Thüringen,code16,7.0
2023,Prozent,<u>Zeitreihe des Indikators:</u> Unbereinigter Gender Pay Gap,Thüringen,code16,7.0
2024,Prozent,<u>Zeitreihe des Indikators:</u> Unbereinigter Gender Pay Gap,Thüringen,code16,6.0
