Year,Units,Bundesland,GeoCode,Sektor,Value
1991,Prozent,,,,2.4
1992,Prozent,,,,2.28
1993,Prozent,,,,2.21
1994,Prozent,,,,2.13
1995,Prozent,,,,2.13
1996,Prozent,,,,2.15
1997,Prozent,,,,2.18
1998,Prozent,,,,2.25
1999,Prozent,,,,2.33
2000,Prozent,,,,2.39
2001,Prozent,,,,2.38
2002,Prozent,,,,2.41
2003,Prozent,,,,2.44
2004,Prozent,,,,2.4
2005,Prozent,,,,2.4
2006,Prozent,,,,2.43
2007,Prozent,,,,2.42
2008,Prozent,,,,2.57
2009,Prozent,,,,2.69
2010,Prozent,,,,2.68
2011,Prozent,,,,2.75
2012,Prozent,,,,2.82
2013,Prozent,,,,2.78
2014,Prozent,,,,2.82
2015,Prozent,,,,2.88
2016,Prozent,,,,2.88
2017,Prozent,,,,2.99
2018,Prozent,,,,3.05
2019,Prozent,,,,3.11
2020,Prozent,,,,3.09
2021,Prozent,,,,3.08
2022,Prozent,,,,3.07
2023,Prozent,,,,3.2
2025,Prozent,,,,
1995,Prozent,Baden-Württemberg,code08,,3.42
1997,Prozent,Baden-Württemberg,code08,,3.56
1999,Prozent,Baden-Württemberg,code08,,3.66
2000,Prozent,Baden-Württemberg,code08,,3.76
2001,Prozent,Baden-Württemberg,code08,,3.71
2002,Prozent,Baden-Württemberg,code08,,3.75
2003,Prozent,Baden-Württemberg,code08,,3.75
2004,Prozent,Baden-Württemberg,code08,,3.74
2005,Prozent,Baden-Württemberg,code08,,4.08
2006,Prozent,Baden-Württemberg,code08,,4.02
2007,Prozent,Baden-Württemberg,code08,,4.16
2008,Prozent,Baden-Württemberg,code08,,4.42
2009,Prozent,Baden-Württemberg,code08,,4.63
2010,Prozent,Baden-Württemberg,code08,,4.45
2011,Prozent,Baden-Württemberg,code08,,4.8
2012,Prozent,Baden-Württemberg,code08,,4.9
2013,Prozent,Baden-Württemberg,code08,,4.75
2014,Prozent,Baden-Württemberg,code08,,4.85
2015,Prozent,Baden-Württemberg,code08,,4.9
2016,Prozent,Baden-Württemberg,code08,,4.93
2017,Prozent,Baden-Württemberg,code08,,5.64
2018,Prozent,Baden-Württemberg,code08,,5.68
2019,Prozent,Baden-Württemberg,code08,,5.79
2020,Prozent,Baden-Württemberg,code08,,5.69
2021,Prozent,Baden-Württemberg,code08,,5.64
2022,Prozent,Baden-Württemberg,code08,,5.65
2025,Prozent,Baden-Württemberg,,,
1995,Prozent,Bayern,code09,,2.68
1997,Prozent,Bayern,code09,,2.66
1999,Prozent,Bayern,code09,,2.8
2000,Prozent,Bayern,code09,,2.83
2001,Prozent,Bayern,code09,,2.92
2002,Prozent,Bayern,code09,,2.9
2003,Prozent,Bayern,code09,,3.0
2004,Prozent,Bayern,code09,,2.93
2005,Prozent,Bayern,code09,,2.9
2006,Prozent,Bayern,code09,,2.97
2007,Prozent,Bayern,code09,,2.82
2008,Prozent,Bayern,code09,,3.02
2009,Prozent,Bayern,code09,,3.05
2010,Prozent,Bayern,code09,,3.01
2011,Prozent,Bayern,code09,,2.98
2012,Prozent,Bayern,code09,,3.08
2013,Prozent,Bayern,code09,,3.11
2014,Prozent,Bayern,code09,,3.13
2015,Prozent,Bayern,code09,,3.13
2016,Prozent,Bayern,code09,,3.13
2017,Prozent,Bayern,code09,,3.11
2018,Prozent,Bayern,code09,,3.19
2019,Prozent,Bayern,code09,,3.41
2020,Prozent,Bayern,code09,,3.36
2021,Prozent,Bayern,code09,,3.39
2022,Prozent,Bayern,code09,,3.4
2025,Prozent,Bayern,,,
1995,Prozent,Berlin,code11,,2.91
1997,Prozent,Berlin,code11,,3.17
1999,Prozent,Berlin,code11,,3.32
2000,Prozent,Berlin,code11,,3.4
2001,Prozent,Berlin,code11,,3.79
2002,Prozent,Berlin,code11,,3.89
2003,Prozent,Berlin,code11,,3.68
2004,Prozent,Berlin,code11,,3.68
2005,Prozent,Berlin,code11,,3.49
2006,Prozent,Berlin,code11,,3.54
2007,Prozent,Berlin,code11,,3.03
2008,Prozent,Berlin,code11,,3.17
2009,Prozent,Berlin,code11,,3.38
2010,Prozent,Berlin,code11,,3.44
2011,Prozent,Berlin,code11,,3.34
2012,Prozent,Berlin,code11,,3.44
2013,Prozent,Berlin,code11,,3.56
2014,Prozent,Berlin,code11,,3.61
2015,Prozent,Berlin,code11,,3.53
2016,Prozent,Berlin,code11,,3.42
2017,Prozent,Berlin,code11,,3.42
2018,Prozent,Berlin,code11,,3.51
2019,Prozent,Berlin,code11,,3.34
2020,Prozent,Berlin,code11,,3.32
2021,Prozent,Berlin,code11,,3.35
2022,Prozent,Berlin,code11,,3.23
2025,Prozent,Berlin,,,
1995,Prozent,Brandenburg,code12,,1.33
1997,Prozent,Brandenburg,code12,,1.44
1999,Prozent,Brandenburg,code12,,1.55
2000,Prozent,Brandenburg,code12,,1.44
2001,Prozent,Brandenburg,code12,,1.44
2002,Prozent,Brandenburg,code12,,1.36
2003,Prozent,Brandenburg,code12,,1.18
2004,Prozent,Brandenburg,code12,,1.24
2005,Prozent,Brandenburg,code12,,1.18
2006,Prozent,Brandenburg,code12,,1.23
2007,Prozent,Brandenburg,code12,,1.23
2008,Prozent,Brandenburg,code12,,1.32
2009,Prozent,Brandenburg,code12,,1.4
2010,Prozent,Brandenburg,code12,,1.43
2011,Prozent,Brandenburg,code12,,1.66
2012,Prozent,Brandenburg,code12,,1.65
2013,Prozent,Brandenburg,code12,,1.55
2014,Prozent,Brandenburg,code12,,1.58
2015,Prozent,Brandenburg,code12,,1.67
2016,Prozent,Brandenburg,code12,,1.73
2017,Prozent,Brandenburg,code12,,1.71
2018,Prozent,Brandenburg,code12,,1.7
2019,Prozent,Brandenburg,code12,,1.82
2020,Prozent,Brandenburg,code12,,1.83
2021,Prozent,Brandenburg,code12,,1.72
2022,Prozent,Brandenburg,code12,,1.69
2025,Prozent,Brandenburg,,,
1995,Prozent,Bremen,code04,,2.84
1997,Prozent,Bremen,code04,,2.01
1999,Prozent,Bremen,code04,,2.11
2000,Prozent,Bremen,code04,,2.12
2001,Prozent,Bremen,code04,,2.12
2002,Prozent,Bremen,code04,,2.26
2003,Prozent,Bremen,code04,,2.63
2004,Prozent,Bremen,code04,,2.64
2005,Prozent,Bremen,code04,,2.17
2006,Prozent,Bremen,code04,,2.2
2007,Prozent,Bremen,code04,,2.17
2008,Prozent,Bremen,code04,,2.41
2009,Prozent,Bremen,code04,,2.65
2010,Prozent,Bremen,code04,,2.67
2011,Prozent,Bremen,code04,,2.76
2012,Prozent,Bremen,code04,,2.65
2013,Prozent,Bremen,code04,,2.75
2014,Prozent,Bremen,code04,,2.86
2015,Prozent,Bremen,code04,,2.86
2016,Prozent,Bremen,code04,,2.9
2017,Prozent,Bremen,code04,,2.82
2018,Prozent,Bremen,code04,,2.88
2019,Prozent,Bremen,code04,,3.01
2020,Prozent,Bremen,code04,,3.7
2021,Prozent,Bremen,code04,,3.18
2022,Prozent,Bremen,code04,,3.19
2025,Prozent,Bremen,,,
1995,Prozent,Hamburg,code02,,1.77
1997,Prozent,Hamburg,code02,,1.77
1999,Prozent,Hamburg,code02,,1.66
2000,Prozent,Hamburg,code02,,1.68
2001,Prozent,Hamburg,code02,,1.38
2002,Prozent,Hamburg,code02,,1.35
2003,Prozent,Hamburg,code02,,1.72
2004,Prozent,Hamburg,code02,,1.62
2005,Prozent,Hamburg,code02,,1.78
2006,Prozent,Hamburg,code02,,1.85
2007,Prozent,Hamburg,code02,,1.82
2008,Prozent,Hamburg,code02,,1.93
2009,Prozent,Hamburg,code02,,2.12
2010,Prozent,Hamburg,code02,,2.11
2011,Prozent,Hamburg,code02,,2.22
2012,Prozent,Hamburg,code02,,2.27
2013,Prozent,Hamburg,code02,,2.28
2014,Prozent,Hamburg,code02,,2.37
2015,Prozent,Hamburg,code02,,2.24
2016,Prozent,Hamburg,code02,,2.27
2017,Prozent,Hamburg,code02,,2.17
2018,Prozent,Hamburg,code02,,2.22
2019,Prozent,Hamburg,code02,,2.18
2020,Prozent,Hamburg,code02,,2.25
2021,Prozent,Hamburg,code02,,2.16
2022,Prozent,Hamburg,code02,,2.08
2025,Prozent,Hamburg,,,
1995,Prozent,Hessen,code06,,2.13
1997,Prozent,Hessen,code06,,2.11
1999,Prozent,Hessen,code06,,2.38
2000,Prozent,Hessen,code06,,2.46
2001,Prozent,Hessen,code06,,2.31
2002,Prozent,Hessen,code06,,2.36
2003,Prozent,Hessen,code06,,2.47
2004,Prozent,Hessen,code06,,2.45
2005,Prozent,Hessen,code06,,2.47
2006,Prozent,Hessen,code06,,2.56
2007,Prozent,Hessen,code06,,2.51
2008,Prozent,Hessen,code06,,2.71
2009,Prozent,Hessen,code06,,2.97
2010,Prozent,Hessen,code06,,2.99
2011,Prozent,Hessen,code06,,2.88
2012,Prozent,Hessen,code06,,3.02
2013,Prozent,Hessen,code06,,2.82
2014,Prozent,Hessen,code06,,2.88
2015,Prozent,Hessen,code06,,2.84
2016,Prozent,Hessen,code06,,2.85
2017,Prozent,Hessen,code06,,2.94
2018,Prozent,Hessen,code06,,3.02
2019,Prozent,Hessen,code06,,3.11
2020,Prozent,Hessen,code06,,3.06
2021,Prozent,Hessen,code06,,3.09
2022,Prozent,Hessen,code06,,3.1
2025,Prozent,Hessen,,,
1995,Prozent,Mecklenburg-Vorpommern,code13,,0.94
1997,Prozent,Mecklenburg-Vorpommern,code13,,0.96
1999,Prozent,Mecklenburg-Vorpommern,code13,,1.02
2000,Prozent,Mecklenburg-Vorpommern,code13,,1.05
2001,Prozent,Mecklenburg-Vorpommern,code13,,1.18
2002,Prozent,Mecklenburg-Vorpommern,code13,,1.21
2003,Prozent,Mecklenburg-Vorpommern,code13,,1.36
2004,Prozent,Mecklenburg-Vorpommern,code13,,1.4
2005,Prozent,Mecklenburg-Vorpommern,code13,,1.48
2006,Prozent,Mecklenburg-Vorpommern,code13,,1.43
2007,Prozent,Mecklenburg-Vorpommern,code13,,1.4
2008,Prozent,Mecklenburg-Vorpommern,code13,,1.54
2009,Prozent,Mecklenburg-Vorpommern,code13,,1.84
2010,Prozent,Mecklenburg-Vorpommern,code13,,1.99
2011,Prozent,Mecklenburg-Vorpommern,code13,,2.05
2012,Prozent,Mecklenburg-Vorpommern,code13,,2.11
2013,Prozent,Mecklenburg-Vorpommern,code13,,1.82
2014,Prozent,Mecklenburg-Vorpommern,code13,,1.86
2015,Prozent,Mecklenburg-Vorpommern,code13,,1.87
2016,Prozent,Mecklenburg-Vorpommern,code13,,1.85
2017,Prozent,Mecklenburg-Vorpommern,code13,,1.79
2018,Prozent,Mecklenburg-Vorpommern,code13,,1.81
2019,Prozent,Mecklenburg-Vorpommern,code13,,1.81
2020,Prozent,Mecklenburg-Vorpommern,code13,,1.8
2021,Prozent,Mecklenburg-Vorpommern,code13,,1.77
2022,Prozent,Mecklenburg-Vorpommern,code13,,1.72
2025,Prozent,Mecklenburg-Vorpommern,,,
1995,Prozent,Niedersachsen,code03,,1.7
1997,Prozent,Niedersachsen,code03,,1.72
1999,Prozent,Niedersachsen,code03,,2.26
2000,Prozent,Niedersachsen,code03,,2.29
2001,Prozent,Niedersachsen,code03,,2.43
2002,Prozent,Niedersachsen,code03,,2.56
2003,Prozent,Niedersachsen,code03,,2.83
2004,Prozent,Niedersachsen,code03,,2.77
2005,Prozent,Niedersachsen,code03,,2.22
2006,Prozent,Niedersachsen,code03,,2.17
2007,Prozent,Niedersachsen,code03,,2.39
2008,Prozent,Niedersachsen,code03,,2.53
2009,Prozent,Niedersachsen,code03,,2.61
2010,Prozent,Niedersachsen,code03,,2.53
2011,Prozent,Niedersachsen,code03,,2.7
2012,Prozent,Niedersachsen,code03,,2.76
2013,Prozent,Niedersachsen,code03,,2.83
2014,Prozent,Niedersachsen,code03,,2.84
2015,Prozent,Niedersachsen,code03,,3.39
2016,Prozent,Niedersachsen,code03,,3.27
2017,Prozent,Niedersachsen,code03,,3.12
2018,Prozent,Niedersachsen,code03,,3.13
2019,Prozent,Niedersachsen,code03,,3.14
2020,Prozent,Niedersachsen,code03,,3.07
2021,Prozent,Niedersachsen,code03,,2.72
2022,Prozent,Niedersachsen,code03,,2.69
2025,Prozent,Niedersachsen,,,
1995,Prozent,Nordrhein-Westfalen,code05,,1.57
1997,Prozent,Nordrhein-Westfalen,code05,,1.61
1999,Prozent,Nordrhein-Westfalen,code05,,1.72
2000,Prozent,Nordrhein-Westfalen,code05,,1.78
2001,Prozent,Nordrhein-Westfalen,code05,,1.71
2002,Prozent,Nordrhein-Westfalen,code05,,1.76
2003,Prozent,Nordrhein-Westfalen,code05,,1.75
2004,Prozent,Nordrhein-Westfalen,code05,,1.72
2005,Prozent,Nordrhein-Westfalen,code05,,1.75
2006,Prozent,Nordrhein-Westfalen,code05,,1.78
2007,Prozent,Nordrhein-Westfalen,code05,,1.73
2008,Prozent,Nordrhein-Westfalen,code05,,1.82
2009,Prozent,Nordrhein-Westfalen,code05,,1.97
2010,Prozent,Nordrhein-Westfalen,code05,,1.99
2011,Prozent,Nordrhein-Westfalen,code05,,2.0
2012,Prozent,Nordrhein-Westfalen,code05,,2.09
2013,Prozent,Nordrhein-Westfalen,code05,,1.98
2014,Prozent,Nordrhein-Westfalen,code05,,2.03
2015,Prozent,Nordrhein-Westfalen,code05,,1.99
2016,Prozent,Nordrhein-Westfalen,code05,,2.03
2017,Prozent,Nordrhein-Westfalen,code05,,2.13
2018,Prozent,Nordrhein-Westfalen,code05,,2.19
2019,Prozent,Nordrhein-Westfalen,code05,,2.16
2020,Prozent,Nordrhein-Westfalen,code05,,2.19
2021,Prozent,Nordrhein-Westfalen,code05,,2.21
2022,Prozent,Nordrhein-Westfalen,code05,,2.22
2025,Prozent,Nordrhein-Westfalen,,,
1995,Prozent,Rheinland-Pfalz,code07,,1.71
1997,Prozent,Rheinland-Pfalz,code07,,2.0
1999,Prozent,Rheinland-Pfalz,code07,,2.14
2000,Prozent,Rheinland-Pfalz,code07,,2.22
2001,Prozent,Rheinland-Pfalz,code07,,1.94
2002,Prozent,Rheinland-Pfalz,code07,,1.92
2003,Prozent,Rheinland-Pfalz,code07,,1.75
2004,Prozent,Rheinland-Pfalz,code07,,1.71
2005,Prozent,Rheinland-Pfalz,code07,,1.68
2006,Prozent,Rheinland-Pfalz,code07,,1.77
2007,Prozent,Rheinland-Pfalz,code07,,1.81
2008,Prozent,Rheinland-Pfalz,code07,,1.91
2009,Prozent,Rheinland-Pfalz,code07,,2.03
2010,Prozent,Rheinland-Pfalz,code07,,2.05
2011,Prozent,Rheinland-Pfalz,code07,,2.03
2012,Prozent,Rheinland-Pfalz,code07,,2.05
2013,Prozent,Rheinland-Pfalz,code07,,2.16
2014,Prozent,Rheinland-Pfalz,code07,,2.16
2015,Prozent,Rheinland-Pfalz,code07,,2.39
2016,Prozent,Rheinland-Pfalz,code07,,2.47
2017,Prozent,Rheinland-Pfalz,code07,,2.5
2018,Prozent,Rheinland-Pfalz,code07,,2.56
2019,Prozent,Rheinland-Pfalz,code07,,2.62
2020,Prozent,Rheinland-Pfalz,code07,,2.56
2021,Prozent,Rheinland-Pfalz,code07,,2.78
2022,Prozent,Rheinland-Pfalz,code07,,2.81
2025,Prozent,Rheinland-Pfalz,,,
1995,Prozent,Saarland,code10,,0.88
1997,Prozent,Saarland,code10,,0.95
1999,Prozent,Saarland,code10,,0.96
2000,Prozent,Saarland,code10,,0.97
2001,Prozent,Saarland,code10,,1.04
2002,Prozent,Saarland,code10,,1.02
2003,Prozent,Saarland,code10,,1.06
2004,Prozent,Saarland,code10,,1.05
2005,Prozent,Saarland,code10,,1.03
2006,Prozent,Saarland,code10,,1.0
2007,Prozent,Saarland,code10,,1.04
2008,Prozent,Saarland,code10,,1.12
2009,Prozent,Saarland,code10,,1.26
2010,Prozent,Saarland,code10,,1.3
2011,Prozent,Saarland,code10,,1.48
2012,Prozent,Saarland,code10,,1.47
2013,Prozent,Saarland,code10,,1.46
2014,Prozent,Saarland,code10,,1.42
2015,Prozent,Saarland,code10,,1.57
2016,Prozent,Saarland,code10,,1.56
2017,Prozent,Saarland,code10,,1.76
2018,Prozent,Saarland,code10,,1.75
2019,Prozent,Saarland,code10,,1.91
2020,Prozent,Saarland,code10,,1.94
2021,Prozent,Saarland,code10,,1.95
2022,Prozent,Saarland,code10,,1.92
2025,Prozent,Saarland,,,
1995,Prozent,Sachsen,code14,,1.87
1997,Prozent,Sachsen,code14,,2.1
1999,Prozent,Sachsen,code14,,2.32
2000,Prozent,Sachsen,code14,,2.42
2001,Prozent,Sachsen,code14,,2.41
2002,Prozent,Sachsen,code14,,2.4
2003,Prozent,Sachsen,code14,,2.25
2004,Prozent,Sachsen,code14,,2.2
2005,Prozent,Sachsen,code14,,2.38
2006,Prozent,Sachsen,code14,,2.32
2007,Prozent,Sachsen,code14,,2.6
2008,Prozent,Sachsen,code14,,2.8
2009,Prozent,Sachsen,code14,,2.74
2010,Prozent,Sachsen,code14,,2.79
2011,Prozent,Sachsen,code14,,2.8
2012,Prozent,Sachsen,code14,,2.8
2013,Prozent,Sachsen,code14,,2.76
2014,Prozent,Sachsen,code14,,2.64
2015,Prozent,Sachsen,code14,,2.73
2016,Prozent,Sachsen,code14,,2.74
2017,Prozent,Sachsen,code14,,2.81
2018,Prozent,Sachsen,code14,,2.89
2019,Prozent,Sachsen,code14,,3.0
2020,Prozent,Sachsen,code14,,3.02
2021,Prozent,Sachsen,code14,,3.09
2022,Prozent,Sachsen,code14,,3.02
2025,Prozent,Sachsen,,,
1995,Prozent,Sachsen-Anhalt,code15,,1.34
1997,Prozent,Sachsen-Anhalt,code15,,1.28
1999,Prozent,Sachsen-Anhalt,code15,,1.29
2000,Prozent,Sachsen-Anhalt,code15,,1.4
2001,Prozent,Sachsen-Anhalt,code15,,1.31
2002,Prozent,Sachsen-Anhalt,code15,,1.24
2003,Prozent,Sachsen-Anhalt,code15,,1.2
2004,Prozent,Sachsen-Anhalt,code15,,1.16
2005,Prozent,Sachsen-Anhalt,code15,,1.22
2006,Prozent,Sachsen-Anhalt,code15,,1.2
2007,Prozent,Sachsen-Anhalt,code15,,1.18
2008,Prozent,Sachsen-Anhalt,code15,,1.2
2009,Prozent,Sachsen-Anhalt,code15,,1.38
2010,Prozent,Sachsen-Anhalt,code15,,1.41
2011,Prozent,Sachsen-Anhalt,code15,,1.48
2012,Prozent,Sachsen-Anhalt,code15,,1.4
2013,Prozent,Sachsen-Anhalt,code15,,1.42
2014,Prozent,Sachsen-Anhalt,code15,,1.45
2015,Prozent,Sachsen-Anhalt,code15,,1.41
2016,Prozent,Sachsen-Anhalt,code15,,1.46
2017,Prozent,Sachsen-Anhalt,code15,,1.52
2018,Prozent,Sachsen-Anhalt,code15,,1.59
2019,Prozent,Sachsen-Anhalt,code15,,1.54
2020,Prozent,Sachsen-Anhalt,code15,,1.58
2021,Prozent,Sachsen-Anhalt,code15,,1.59
2022,Prozent,Sachsen-Anhalt,code15,,1.58
2025,Prozent,Sachsen-Anhalt,,,
1995,Prozent,Schleswig-Holstein,code01,,1.08
1997,Prozent,Schleswig-Holstein,code01,,1.06
1999,Prozent,Schleswig-Holstein,code01,,1.08
2000,Prozent,Schleswig-Holstein,code01,,1.09
2001,Prozent,Schleswig-Holstein,code01,,1.14
2002,Prozent,Schleswig-Holstein,code01,,1.21
2003,Prozent,Schleswig-Holstein,code01,,1.15
2004,Prozent,Schleswig-Holstein,code01,,1.09
2005,Prozent,Schleswig-Holstein,code01,,1.15
2006,Prozent,Schleswig-Holstein,code01,,1.21
2007,Prozent,Schleswig-Holstein,code01,,1.19
2008,Prozent,Schleswig-Holstein,code01,,1.24
2009,Prozent,Schleswig-Holstein,code01,,1.3
2010,Prozent,Schleswig-Holstein,code01,,1.32
2011,Prozent,Schleswig-Holstein,code01,,1.42
2012,Prozent,Schleswig-Holstein,code01,,1.45
2013,Prozent,Schleswig-Holstein,code01,,1.5
2014,Prozent,Schleswig-Holstein,code01,,1.55
2015,Prozent,Schleswig-Holstein,code01,,1.5
2016,Prozent,Schleswig-Holstein,code01,,1.53
2017,Prozent,Schleswig-Holstein,code01,,1.58
2018,Prozent,Schleswig-Holstein,code01,,1.64
2019,Prozent,Schleswig-Holstein,code01,,1.68
2020,Prozent,Schleswig-Holstein,code01,,1.62
2021,Prozent,Schleswig-Holstein,code01,,1.68
2022,Prozent,Schleswig-Holstein,code01,,1.68
2025,Prozent,Schleswig-Holstein,,,
1995,Prozent,Thüringen,code16,,1.58
1997,Prozent,Thüringen,code16,,1.72
1999,Prozent,Thüringen,code16,,1.63
2000,Prozent,Thüringen,code16,,1.73
2001,Prozent,Thüringen,code16,,2.07
2002,Prozent,Thüringen,code16,,2.16
2003,Prozent,Thüringen,code16,,1.92
2004,Prozent,Thüringen,code16,,1.92
2005,Prozent,Thüringen,code16,,1.9
2006,Prozent,Thüringen,code16,,1.91
2007,Prozent,Thüringen,code16,,1.89
2008,Prozent,Thüringen,code16,,2.05
2009,Prozent,Thüringen,code16,,2.19
2010,Prozent,Thüringen,code16,,2.18
2011,Prozent,Thüringen,code16,,2.14
2012,Prozent,Thüringen,code16,,2.2
2013,Prozent,Thüringen,code16,,2.17
2014,Prozent,Thüringen,code16,,2.13
2015,Prozent,Thüringen,code16,,2.05
2016,Prozent,Thüringen,code16,,2.07
2017,Prozent,Thüringen,code16,,2.23
2018,Prozent,Thüringen,code16,,2.29
2019,Prozent,Thüringen,code16,,2.35
2020,Prozent,Thüringen,code16,,2.45
2021,Prozent,Thüringen,code16,,2.74
2022,Prozent,Thüringen,code16,,2.76
2025,Prozent,Thüringen,,,
1991,Prozent,,,Staat und private Institutionen ohne Erwerbszweck,
1992,Prozent,,,Staat und private Institutionen ohne Erwerbszweck,
1993,Prozent,,,Staat und private Institutionen ohne Erwerbszweck,
1994,Prozent,,,Staat und private Institutionen ohne Erwerbszweck,
1995,Prozent,,,Staat und private Institutionen ohne Erwerbszweck,0.33
1996,Prozent,,,Staat und private Institutionen ohne Erwerbszweck,
1997,Prozent,,,Staat und private Institutionen ohne Erwerbszweck,0.32
1998,Prozent,,,Staat und private Institutionen ohne Erwerbszweck,
1999,Prozent,,,Staat und private Institutionen ohne Erwerbszweck,0.32
2000,Prozent,,,Staat und private Institutionen ohne Erwerbszweck,0.32
2001,Prozent,,,Staat und private Institutionen ohne Erwerbszweck,0.33
2002,Prozent,,,Staat und private Institutionen ohne Erwerbszweck,0.33
2003,Prozent,,,Staat und private Institutionen ohne Erwerbszweck,0.33
2004,Prozent,,,Staat und private Institutionen ohne Erwerbszweck,0.33
2005,Prozent,,,Staat und private Institutionen ohne Erwerbszweck,0.34
2006,Prozent,,,Staat und private Institutionen ohne Erwerbszweck,0.34
2007,Prozent,,,Staat und private Institutionen ohne Erwerbszweck,0.34
2008,Prozent,,,Staat und private Institutionen ohne Erwerbszweck,0.36
2009,Prozent,,,Staat und private Institutionen ohne Erwerbszweck,0.4
2010,Prozent,,,Staat und private Institutionen ohne Erwerbszweck,0.4
2011,Prozent,,,Staat und private Institutionen ohne Erwerbszweck,0.4
2012,Prozent,,,Staat und private Institutionen ohne Erwerbszweck,0.4
2013,Prozent,,,Staat und private Institutionen ohne Erwerbszweck,0.41
2014,Prozent,,,Staat und private Institutionen ohne Erwerbszweck,0.41
2015,Prozent,,,Staat und private Institutionen ohne Erwerbszweck,0.4
2016,Prozent,,,Staat und private Institutionen ohne Erwerbszweck,0.4
2017,Prozent,,,Staat und private Institutionen ohne Erwerbszweck,0.4
2018,Prozent,,,Staat und private Institutionen ohne Erwerbszweck,0.41
2019,Prozent,,,Staat und private Institutionen ohne Erwerbszweck,0.42
2020,Prozent,,,Staat und private Institutionen ohne Erwerbszweck,0.45
2021,Prozent,,,Staat und private Institutionen ohne Erwerbszweck,0.46
2022,Prozent,,,Staat und private Institutionen ohne Erwerbszweck,0.45
2023,Prozent,,,Staat und private Institutionen ohne Erwerbszweck,0.44
2025,Prozent,,,Staat und private Institutionen ohne Erwerbszweck,
1991,Prozent,,,Hochschulen,
1992,Prozent,,,Hochschulen,
1993,Prozent,,,Hochschulen,
1994,Prozent,,,Hochschulen,
1995,Prozent,,,Hochschulen,0.39
1996,Prozent,,,Hochschulen,
1997,Prozent,,,Hochschulen,0.39
1998,Prozent,,,Hochschulen,
1999,Prozent,,,Hochschulen,0.39
2000,Prozent,,,Hochschulen,0.39
2001,Prozent,,,Hochschulen,0.4
2002,Prozent,,,Hochschulen,0.42
2003,Prozent,,,Hochschulen,0.42
2004,Prozent,,,Hochschulen,0.4
2005,Prozent,,,Hochschulen,0.4
2006,Prozent,,,Hochschulen,0.4
2007,Prozent,,,Hochschulen,0.39
2008,Prozent,,,Hochschulen,0.43
2009,Prozent,,,Hochschulen,0.48
2010,Prozent,,,Hochschulen,0.49
2011,Prozent,,,Hochschulen,0.49
2012,Prozent,,,Hochschulen,0.5
2013,Prozent,,,Hochschulen,0.5
2014,Prozent,,,Hochschulen,0.5
2015,Prozent,,,Hochschulen,0.5
2016,Prozent,,,Hochschulen,0.52
2017,Prozent,,,Hochschulen,0.52
2018,Prozent,,,Hochschulen,0.54
2019,Prozent,,,Hochschulen,0.54
2020,Prozent,,,Hochschulen,0.58
2021,Prozent,,,Hochschulen,0.56
2022,Prozent,,,Hochschulen,0.56
2023,Prozent,,,Hochschulen,0.54
2025,Prozent,,,Hochschulen,
1991,Prozent,,,Wirtschaft,
1992,Prozent,,,Wirtschaft,
1993,Prozent,,,Wirtschaft,
1994,Prozent,,,Wirtschaft,
1995,Prozent,,,Wirtschaft,1.41
1996,Prozent,,,Wirtschaft,
1997,Prozent,,,Wirtschaft,1.41
1998,Prozent,,,Wirtschaft,
1999,Prozent,,,Wirtschaft,1.62
2000,Prozent,,,Wirtschaft,1.67
2001,Prozent,,,Wirtschaft,1.65
2002,Prozent,,,Wirtschaft,1.66
2003,Prozent,,,Wirtschaft,1.7
2004,Prozent,,,Wirtschaft,1.67
2005,Prozent,,,Wirtschaft,1.66
2006,Prozent,,,Wirtschaft,1.7
2007,Prozent,,,Wirtschaft,1.69
2008,Prozent,,,Wirtschaft,1.78
2009,Prozent,,,Wirtschaft,1.81
2010,Prozent,,,Wirtschaft,1.79
2011,Prozent,,,Wirtschaft,1.86
2012,Prozent,,,Wirtschaft,1.92
2013,Prozent,,,Wirtschaft,1.87
2014,Prozent,,,Wirtschaft,1.91
2015,Prozent,,,Wirtschaft,1.98
2016,Prozent,,,Wirtschaft,1.97
2017,Prozent,,,Wirtschaft,2.06
2018,Prozent,,,Wirtschaft,2.1
2019,Prozent,,,Wirtschaft,2.15
2020,Prozent,,,Wirtschaft,2.06
2021,Prozent,,,Wirtschaft,2.06
2022,Prozent,,,Wirtschaft,2.07
2023,Prozent,,,Wirtschaft,2.12
2025,Prozent,,,Wirtschaft,
