Year,Units,COMMENT_OBS_0,Bundesland,GeoCode,Sektor,Value
1991,Prozent,,,,,2.4
1992,Prozent,,,,,2.28
1993,Prozent,,,,,2.21
1994,Prozent,,,,,2.13
1995,Prozent,,,,,2.13
1996,Prozent,,,,,2.15
1997,Prozent,,,,,2.18
1998,Prozent,,,,,2.25
1999,Prozent,,,,,2.33
2000,Prozent,,,,,2.39
2001,Prozent,,,,,2.38
2002,Prozent,,,,,2.41
2003,Prozent,,,,,2.44
2004,Prozent,,,,,2.4
2005,Prozent,,,,,2.4
2006,Prozent,,,,,2.43
2007,Prozent,,,,,2.42
2008,Prozent,,,,,2.57
2009,Prozent,,,,,2.69
2010,Prozent,,,,,2.68
2011,Prozent,,,,,2.75
2012,Prozent,,,,,2.83
2013,Prozent,,,,,2.78
2014,Prozent,,,,,2.82
2015,Prozent,,,,,2.88
2016,Prozent,,,,,2.88
2017,Prozent,,,,,2.99
2018,Prozent,,,,,3.05
2019,Prozent,,,,,3.11
2020,Prozent,,,,,3.09
2021,Prozent,,,,,3.07
2022,Prozent,,,,,3.04
2023,Prozent,,,,,3.13
2025,Prozent,…,,,,
1991,Prozent,,Baden-Württemberg,code08,,
1992,Prozent,,Baden-Württemberg,code08,,
1993,Prozent,,Baden-Württemberg,code08,,
1994,Prozent,,Baden-Württemberg,code08,,
1995,Prozent,,Baden-Württemberg,code08,,3.42
1996,Prozent,,Baden-Württemberg,code08,,
1997,Prozent,,Baden-Württemberg,code08,,3.56
1998,Prozent,,Baden-Württemberg,code08,,
1999,Prozent,,Baden-Württemberg,code08,,3.66
2000,Prozent,,Baden-Württemberg,code08,,3.72
2001,Prozent,,Baden-Württemberg,code08,,3.66
2002,Prozent,,Baden-Württemberg,code08,,3.71
2003,Prozent,,Baden-Württemberg,code08,,3.7
2004,Prozent,,Baden-Württemberg,code08,,3.7
2005,Prozent,,Baden-Württemberg,code08,,4.02
2006,Prozent,,Baden-Württemberg,code08,,3.96
2007,Prozent,,Baden-Württemberg,code08,,4.1
2008,Prozent,,Baden-Württemberg,code08,,4.35
2009,Prozent,,Baden-Württemberg,code08,,4.54
2010,Prozent,,Baden-Württemberg,code08,,4.37
2011,Prozent,,Baden-Württemberg,code08,,4.72
2012,Prozent,,Baden-Württemberg,code08,,4.83
2013,Prozent,,Baden-Württemberg,code08,,4.67
2014,Prozent,,Baden-Württemberg,code08,,4.78
2015,Prozent,,Baden-Württemberg,code08,,4.85
2016,Prozent,,Baden-Württemberg,code08,,4.85
2017,Prozent,,Baden-Württemberg,code08,,5.51
2018,Prozent,,Baden-Württemberg,code08,,5.54
2019,Prozent,,Baden-Württemberg,code08,,5.65
2020,Prozent,,Baden-Württemberg,code08,,5.56
2021,Prozent,,Baden-Württemberg,code08,,5.47
2022,Prozent,,Baden-Württemberg,code08,,5.46
2023,Prozent,,Baden-Württemberg,code08,,5.71
2025,Prozent,…,Baden-Württemberg,code08,,
1991,Prozent,,Bayern,code09,,
1992,Prozent,,Bayern,code09,,
1993,Prozent,,Bayern,code09,,
1994,Prozent,,Bayern,code09,,
1995,Prozent,,Bayern,code09,,2.68
1996,Prozent,,Bayern,code09,,
1997,Prozent,,Bayern,code09,,2.66
1998,Prozent,,Bayern,code09,,
1999,Prozent,,Bayern,code09,,2.8
2000,Prozent,,Bayern,code09,,2.81
2001,Prozent,,Bayern,code09,,2.9
2002,Prozent,,Bayern,code09,,2.88
2003,Prozent,,Bayern,code09,,2.98
2004,Prozent,,Bayern,code09,,2.9
2005,Prozent,,Bayern,code09,,2.86
2006,Prozent,,Bayern,code09,,2.93
2007,Prozent,,Bayern,code09,,2.78
2008,Prozent,,Bayern,code09,,2.98
2009,Prozent,,Bayern,code09,,3.0
2010,Prozent,,Bayern,code09,,2.97
2011,Prozent,,Bayern,code09,,2.94
2012,Prozent,,Bayern,code09,,3.04
2013,Prozent,,Bayern,code09,,3.07
2014,Prozent,,Bayern,code09,,3.08
2015,Prozent,,Bayern,code09,,3.08
2016,Prozent,,Bayern,code09,,3.08
2017,Prozent,,Bayern,code09,,3.05
2018,Prozent,,Bayern,code09,,3.13
2019,Prozent,,Bayern,code09,,3.33
2020,Prozent,,Bayern,code09,,3.31
2021,Prozent,,Bayern,code09,,3.34
2022,Prozent,,Bayern,code09,,3.37
2023,Prozent,,Bayern,code09,,3.41
2025,Prozent,…,Bayern,code09,,
1991,Prozent,,Berlin,code11,,
1992,Prozent,,Berlin,code11,,
1993,Prozent,,Berlin,code11,,
1994,Prozent,,Berlin,code11,,
1995,Prozent,,Berlin,code11,,2.91
1996,Prozent,,Berlin,code11,,
1997,Prozent,,Berlin,code11,,3.17
1998,Prozent,,Berlin,code11,,
1999,Prozent,,Berlin,code11,,3.32
2000,Prozent,,Berlin,code11,,3.38
2001,Prozent,,Berlin,code11,,3.75
2002,Prozent,,Berlin,code11,,3.85
2003,Prozent,,Berlin,code11,,3.63
2004,Prozent,,Berlin,code11,,3.63
2005,Prozent,,Berlin,code11,,3.43
2006,Prozent,,Berlin,code11,,3.47
2007,Prozent,,Berlin,code11,,2.97
2008,Prozent,,Berlin,code11,,3.1
2009,Prozent,,Berlin,code11,,3.3
2010,Prozent,,Berlin,code11,,3.36
2011,Prozent,,Berlin,code11,,3.26
2012,Prozent,,Berlin,code11,,3.36
2013,Prozent,,Berlin,code11,,3.46
2014,Prozent,,Berlin,code11,,3.5
2015,Prozent,,Berlin,code11,,3.41
2016,Prozent,,Berlin,code11,,3.34
2017,Prozent,,Berlin,code11,,3.3
2018,Prozent,,Berlin,code11,,3.36
2019,Prozent,,Berlin,code11,,3.28
2020,Prozent,,Berlin,code11,,3.23
2021,Prozent,,Berlin,code11,,3.23
2022,Prozent,,Berlin,code11,,3.13
2023,Prozent,,Berlin,code11,,3.07
2025,Prozent,…,Berlin,code11,,
1991,Prozent,,Brandenburg,code12,,
1992,Prozent,,Brandenburg,code12,,
1993,Prozent,,Brandenburg,code12,,
1994,Prozent,,Brandenburg,code12,,
1995,Prozent,,Brandenburg,code12,,1.33
1996,Prozent,,Brandenburg,code12,,
1997,Prozent,,Brandenburg,code12,,1.44
1998,Prozent,,Brandenburg,code12,,
1999,Prozent,,Brandenburg,code12,,1.55
2000,Prozent,,Brandenburg,code12,,1.42
2001,Prozent,,Brandenburg,code12,,1.42
2002,Prozent,,Brandenburg,code12,,1.34
2003,Prozent,,Brandenburg,code12,,1.16
2004,Prozent,,Brandenburg,code12,,1.22
2005,Prozent,,Brandenburg,code12,,1.15
2006,Prozent,,Brandenburg,code12,,1.2
2007,Prozent,,Brandenburg,code12,,1.2
2008,Prozent,,Brandenburg,code12,,1.29
2009,Prozent,,Brandenburg,code12,,1.37
2010,Prozent,,Brandenburg,code12,,1.39
2011,Prozent,,Brandenburg,code12,,1.61
2012,Prozent,,Brandenburg,code12,,1.6
2013,Prozent,,Brandenburg,code12,,1.5
2014,Prozent,,Brandenburg,code12,,1.53
2015,Prozent,,Brandenburg,code12,,1.64
2016,Prozent,,Brandenburg,code12,,1.69
2017,Prozent,,Brandenburg,code12,,1.66
2018,Prozent,,Brandenburg,code12,,1.65
2019,Prozent,,Brandenburg,code12,,1.76
2020,Prozent,,Brandenburg,code12,,1.81
2021,Prozent,,Brandenburg,code12,,1.71
2022,Prozent,,Brandenburg,code12,,1.67
2023,Prozent,,Brandenburg,code12,,1.48
2025,Prozent,…,Brandenburg,code12,,
1991,Prozent,,Bremen,code04,,
1992,Prozent,,Bremen,code04,,
1993,Prozent,,Bremen,code04,,
1994,Prozent,,Bremen,code04,,
1995,Prozent,,Bremen,code04,,2.84
1996,Prozent,,Bremen,code04,,
1997,Prozent,,Bremen,code04,,2.01
1998,Prozent,,Bremen,code04,,
1999,Prozent,,Bremen,code04,,2.11
2000,Prozent,,Bremen,code04,,2.09
2001,Prozent,,Bremen,code04,,2.1
2002,Prozent,,Bremen,code04,,2.23
2003,Prozent,,Bremen,code04,,2.6
2004,Prozent,,Bremen,code04,,2.61
2005,Prozent,,Bremen,code04,,2.12
2006,Prozent,,Bremen,code04,,2.16
2007,Prozent,,Bremen,code04,,2.13
2008,Prozent,,Bremen,code04,,2.36
2009,Prozent,,Bremen,code04,,2.59
2010,Prozent,,Bremen,code04,,2.61
2011,Prozent,,Bremen,code04,,2.7
2012,Prozent,,Bremen,code04,,2.6
2013,Prozent,,Bremen,code04,,2.69
2014,Prozent,,Bremen,code04,,2.8
2015,Prozent,,Bremen,code04,,2.81
2016,Prozent,,Bremen,code04,,2.86
2017,Prozent,,Bremen,code04,,2.77
2018,Prozent,,Bremen,code04,,2.84
2019,Prozent,,Bremen,code04,,3.01
2020,Prozent,,Bremen,code04,,3.69
2021,Prozent,,Bremen,code04,,3.15
2022,Prozent,,Bremen,code04,,3.05
2023,Prozent,,Bremen,code04,,2.84
2025,Prozent,…,Bremen,code04,,
1991,Prozent,,Hamburg,code02,,
1992,Prozent,,Hamburg,code02,,
1993,Prozent,,Hamburg,code02,,
1994,Prozent,,Hamburg,code02,,
1995,Prozent,,Hamburg,code02,,1.77
1996,Prozent,,Hamburg,code02,,
1997,Prozent,,Hamburg,code02,,1.77
1998,Prozent,,Hamburg,code02,,
1999,Prozent,,Hamburg,code02,,1.66
2000,Prozent,,Hamburg,code02,,1.67
2001,Prozent,,Hamburg,code02,,1.37
2002,Prozent,,Hamburg,code02,,1.33
2003,Prozent,,Hamburg,code02,,1.69
2004,Prozent,,Hamburg,code02,,1.59
2005,Prozent,,Hamburg,code02,,1.74
2006,Prozent,,Hamburg,code02,,1.81
2007,Prozent,,Hamburg,code02,,1.78
2008,Prozent,,Hamburg,code02,,1.88
2009,Prozent,,Hamburg,code02,,2.05
2010,Prozent,,Hamburg,code02,,2.03
2011,Prozent,,Hamburg,code02,,2.13
2012,Prozent,,Hamburg,code02,,2.17
2013,Prozent,,Hamburg,code02,,2.18
2014,Prozent,,Hamburg,code02,,2.27
2015,Prozent,,Hamburg,code02,,2.15
2016,Prozent,,Hamburg,code02,,2.18
2017,Prozent,,Hamburg,code02,,2.06
2018,Prozent,,Hamburg,code02,,2.12
2019,Prozent,,Hamburg,code02,,2.08
2020,Prozent,,Hamburg,code02,,2.14
2021,Prozent,,Hamburg,code02,,2.05
2022,Prozent,,Hamburg,code02,,1.98
2023,Prozent,,Hamburg,code02,,2.65
2025,Prozent,…,Hamburg,code02,,
1991,Prozent,,Hessen,code06,,
1992,Prozent,,Hessen,code06,,
1993,Prozent,,Hessen,code06,,
1994,Prozent,,Hessen,code06,,
1995,Prozent,,Hessen,code06,,2.13
1996,Prozent,,Hessen,code06,,
1997,Prozent,,Hessen,code06,,2.11
1998,Prozent,,Hessen,code06,,
1999,Prozent,,Hessen,code06,,2.38
2000,Prozent,,Hessen,code06,,2.44
2001,Prozent,,Hessen,code06,,2.29
2002,Prozent,,Hessen,code06,,2.33
2003,Prozent,,Hessen,code06,,2.44
2004,Prozent,,Hessen,code06,,2.42
2005,Prozent,,Hessen,code06,,2.43
2006,Prozent,,Hessen,code06,,2.51
2007,Prozent,,Hessen,code06,,2.46
2008,Prozent,,Hessen,code06,,2.65
2009,Prozent,,Hessen,code06,,2.9
2010,Prozent,,Hessen,code06,,2.92
2011,Prozent,,Hessen,code06,,2.81
2012,Prozent,,Hessen,code06,,2.94
2013,Prozent,,Hessen,code06,,2.74
2014,Prozent,,Hessen,code06,,2.8
2015,Prozent,,Hessen,code06,,2.76
2016,Prozent,,Hessen,code06,,2.77
2017,Prozent,,Hessen,code06,,2.84
2018,Prozent,,Hessen,code06,,2.93
2019,Prozent,,Hessen,code06,,3.02
2020,Prozent,,Hessen,code06,,2.98
2021,Prozent,,Hessen,code06,,2.99
2022,Prozent,,Hessen,code06,,3.04
2023,Prozent,,Hessen,code06,,3.01
2025,Prozent,…,Hessen,code06,,
1991,Prozent,,Mecklenburg-Vorpommern,code13,,
1992,Prozent,,Mecklenburg-Vorpommern,code13,,
1993,Prozent,,Mecklenburg-Vorpommern,code13,,
1994,Prozent,,Mecklenburg-Vorpommern,code13,,
1995,Prozent,,Mecklenburg-Vorpommern,code13,,0.94
1996,Prozent,,Mecklenburg-Vorpommern,code13,,
1997,Prozent,,Mecklenburg-Vorpommern,code13,,0.96
1998,Prozent,,Mecklenburg-Vorpommern,code13,,
1999,Prozent,,Mecklenburg-Vorpommern,code13,,1.02
2000,Prozent,,Mecklenburg-Vorpommern,code13,,1.03
2001,Prozent,,Mecklenburg-Vorpommern,code13,,1.16
2002,Prozent,,Mecklenburg-Vorpommern,code13,,1.19
2003,Prozent,,Mecklenburg-Vorpommern,code13,,1.34
2004,Prozent,,Mecklenburg-Vorpommern,code13,,1.38
2005,Prozent,,Mecklenburg-Vorpommern,code13,,1.45
2006,Prozent,,Mecklenburg-Vorpommern,code13,,1.4
2007,Prozent,,Mecklenburg-Vorpommern,code13,,1.37
2008,Prozent,,Mecklenburg-Vorpommern,code13,,1.51
2009,Prozent,,Mecklenburg-Vorpommern,code13,,1.8
2010,Prozent,,Mecklenburg-Vorpommern,code13,,1.95
2011,Prozent,,Mecklenburg-Vorpommern,code13,,2.01
2012,Prozent,,Mecklenburg-Vorpommern,code13,,2.07
2013,Prozent,,Mecklenburg-Vorpommern,code13,,1.78
2014,Prozent,,Mecklenburg-Vorpommern,code13,,1.83
2015,Prozent,,Mecklenburg-Vorpommern,code13,,1.84
2016,Prozent,,Mecklenburg-Vorpommern,code13,,1.82
2017,Prozent,,Mecklenburg-Vorpommern,code13,,1.74
2018,Prozent,,Mecklenburg-Vorpommern,code13,,1.79
2019,Prozent,,Mecklenburg-Vorpommern,code13,,1.75
2020,Prozent,,Mecklenburg-Vorpommern,code13,,1.78
2021,Prozent,,Mecklenburg-Vorpommern,code13,,1.76
2022,Prozent,,Mecklenburg-Vorpommern,code13,,1.69
2023,Prozent,,Mecklenburg-Vorpommern,code13,,1.37
2025,Prozent,…,Mecklenburg-Vorpommern,code13,,
1991,Prozent,,Niedersachsen,code03,,
1992,Prozent,,Niedersachsen,code03,,
1993,Prozent,,Niedersachsen,code03,,
1994,Prozent,,Niedersachsen,code03,,
1995,Prozent,,Niedersachsen,code03,,1.7
1996,Prozent,,Niedersachsen,code03,,
1997,Prozent,,Niedersachsen,code03,,1.72
1998,Prozent,,Niedersachsen,code03,,
1999,Prozent,,Niedersachsen,code03,,2.26
2000,Prozent,,Niedersachsen,code03,,2.27
2001,Prozent,,Niedersachsen,code03,,2.4
2002,Prozent,,Niedersachsen,code03,,2.53
2003,Prozent,,Niedersachsen,code03,,2.79
2004,Prozent,,Niedersachsen,code03,,2.73
2005,Prozent,,Niedersachsen,code03,,2.19
2006,Prozent,,Niedersachsen,code03,,2.13
2007,Prozent,,Niedersachsen,code03,,2.35
2008,Prozent,,Niedersachsen,code03,,2.49
2009,Prozent,,Niedersachsen,code03,,2.56
2010,Prozent,,Niedersachsen,code03,,2.49
2011,Prozent,,Niedersachsen,code03,,2.66
2012,Prozent,,Niedersachsen,code03,,2.71
2013,Prozent,,Niedersachsen,code03,,2.78
2014,Prozent,,Niedersachsen,code03,,2.8
2015,Prozent,,Niedersachsen,code03,,3.34
2016,Prozent,,Niedersachsen,code03,,3.21
2017,Prozent,,Niedersachsen,code03,,3.05
2018,Prozent,,Niedersachsen,code03,,3.07
2019,Prozent,,Niedersachsen,code03,,3.06
2020,Prozent,,Niedersachsen,code03,,3.01
2021,Prozent,,Niedersachsen,code03,,2.68
2022,Prozent,,Niedersachsen,code03,,2.66
2023,Prozent,,Niedersachsen,code03,,2.74
2025,Prozent,…,Niedersachsen,code03,,
1991,Prozent,,Nordrhein-Westfalen,code05,,
1992,Prozent,,Nordrhein-Westfalen,code05,,
1993,Prozent,,Nordrhein-Westfalen,code05,,
1994,Prozent,,Nordrhein-Westfalen,code05,,
1995,Prozent,,Nordrhein-Westfalen,code05,,1.57
1996,Prozent,,Nordrhein-Westfalen,code05,,
1997,Prozent,,Nordrhein-Westfalen,code05,,1.61
1998,Prozent,,Nordrhein-Westfalen,code05,,
1999,Prozent,,Nordrhein-Westfalen,code05,,1.72
2000,Prozent,,Nordrhein-Westfalen,code05,,1.76
2001,Prozent,,Nordrhein-Westfalen,code05,,1.69
2002,Prozent,,Nordrhein-Westfalen,code05,,1.74
2003,Prozent,,Nordrhein-Westfalen,code05,,1.73
2004,Prozent,,Nordrhein-Westfalen,code05,,1.7
2005,Prozent,,Nordrhein-Westfalen,code05,,1.72
2006,Prozent,,Nordrhein-Westfalen,code05,,1.75
2007,Prozent,,Nordrhein-Westfalen,code05,,1.7
2008,Prozent,,Nordrhein-Westfalen,code05,,1.79
2009,Prozent,,Nordrhein-Westfalen,code05,,1.94
2010,Prozent,,Nordrhein-Westfalen,code05,,1.95
2011,Prozent,,Nordrhein-Westfalen,code05,,1.96
2012,Prozent,,Nordrhein-Westfalen,code05,,2.05
2013,Prozent,,Nordrhein-Westfalen,code05,,1.94
2014,Prozent,,Nordrhein-Westfalen,code05,,1.99
2015,Prozent,,Nordrhein-Westfalen,code05,,1.95
2016,Prozent,,Nordrhein-Westfalen,code05,,1.99
2017,Prozent,,Nordrhein-Westfalen,code05,,2.07
2018,Prozent,,Nordrhein-Westfalen,code05,,2.12
2019,Prozent,,Nordrhein-Westfalen,code05,,2.12
2020,Prozent,,Nordrhein-Westfalen,code05,,2.12
2021,Prozent,,Nordrhein-Westfalen,code05,,2.17
2022,Prozent,,Nordrhein-Westfalen,code05,,2.18
2023,Prozent,,Nordrhein-Westfalen,code05,,2.28
2025,Prozent,…,Nordrhein-Westfalen,code05,,
1991,Prozent,,Rheinland-Pfalz,code07,,
1992,Prozent,,Rheinland-Pfalz,code07,,
1993,Prozent,,Rheinland-Pfalz,code07,,
1994,Prozent,,Rheinland-Pfalz,code07,,
1995,Prozent,,Rheinland-Pfalz,code07,,1.71
1996,Prozent,,Rheinland-Pfalz,code07,,
1997,Prozent,,Rheinland-Pfalz,code07,,2.0
1998,Prozent,,Rheinland-Pfalz,code07,,
1999,Prozent,,Rheinland-Pfalz,code07,,2.14
2000,Prozent,,Rheinland-Pfalz,code07,,2.19
2001,Prozent,,Rheinland-Pfalz,code07,,1.91
2002,Prozent,,Rheinland-Pfalz,code07,,1.9
2003,Prozent,,Rheinland-Pfalz,code07,,1.72
2004,Prozent,,Rheinland-Pfalz,code07,,1.69
2005,Prozent,,Rheinland-Pfalz,code07,,1.65
2006,Prozent,,Rheinland-Pfalz,code07,,1.73
2007,Prozent,,Rheinland-Pfalz,code07,,1.77
2008,Prozent,,Rheinland-Pfalz,code07,,1.87
2009,Prozent,,Rheinland-Pfalz,code07,,1.98
2010,Prozent,,Rheinland-Pfalz,code07,,1.99
2011,Prozent,,Rheinland-Pfalz,code07,,1.98
2012,Prozent,,Rheinland-Pfalz,code07,,2.0
2013,Prozent,,Rheinland-Pfalz,code07,,2.11
2014,Prozent,,Rheinland-Pfalz,code07,,2.11
2015,Prozent,,Rheinland-Pfalz,code07,,2.35
2016,Prozent,,Rheinland-Pfalz,code07,,2.42
2017,Prozent,,Rheinland-Pfalz,code07,,2.44
2018,Prozent,,Rheinland-Pfalz,code07,,2.52
2019,Prozent,,Rheinland-Pfalz,code07,,2.55
2020,Prozent,,Rheinland-Pfalz,code07,,2.48
2021,Prozent,,Rheinland-Pfalz,code07,,2.69
2022,Prozent,,Rheinland-Pfalz,code07,,2.73
2023,Prozent,,Rheinland-Pfalz,code07,,3.56
2025,Prozent,…,Rheinland-Pfalz,code07,,
1991,Prozent,,Saarland,code10,,
1992,Prozent,,Saarland,code10,,
1993,Prozent,,Saarland,code10,,
1994,Prozent,,Saarland,code10,,
1995,Prozent,,Saarland,code10,,0.88
1996,Prozent,,Saarland,code10,,
1997,Prozent,,Saarland,code10,,0.95
1998,Prozent,,Saarland,code10,,
1999,Prozent,,Saarland,code10,,0.96
2000,Prozent,,Saarland,code10,,0.96
2001,Prozent,,Saarland,code10,,1.02
2002,Prozent,,Saarland,code10,,1.0
2003,Prozent,,Saarland,code10,,1.04
2004,Prozent,,Saarland,code10,,1.04
2005,Prozent,,Saarland,code10,,1.0
2006,Prozent,,Saarland,code10,,0.98
2007,Prozent,,Saarland,code10,,1.02
2008,Prozent,,Saarland,code10,,1.09
2009,Prozent,,Saarland,code10,,1.23
2010,Prozent,,Saarland,code10,,1.27
2011,Prozent,,Saarland,code10,,1.45
2012,Prozent,,Saarland,code10,,1.44
2013,Prozent,,Saarland,code10,,1.43
2014,Prozent,,Saarland,code10,,1.39
2015,Prozent,,Saarland,code10,,1.54
2016,Prozent,,Saarland,code10,,1.52
2017,Prozent,,Saarland,code10,,1.7
2018,Prozent,,Saarland,code10,,1.7
2019,Prozent,,Saarland,code10,,1.82
2020,Prozent,,Saarland,code10,,1.86
2021,Prozent,,Saarland,code10,,1.91
2022,Prozent,,Saarland,code10,,1.82
2023,Prozent,,Saarland,code10,,1.64
2025,Prozent,…,Saarland,code10,,
1991,Prozent,,Sachsen,code14,,
1992,Prozent,,Sachsen,code14,,
1993,Prozent,,Sachsen,code14,,
1994,Prozent,,Sachsen,code14,,
1995,Prozent,,Sachsen,code14,,1.87
1996,Prozent,,Sachsen,code14,,
1997,Prozent,,Sachsen,code14,,2.1
1998,Prozent,,Sachsen,code14,,
1999,Prozent,,Sachsen,code14,,2.32
2000,Prozent,,Sachsen,code14,,2.39
2001,Prozent,,Sachsen,code14,,2.37
2002,Prozent,,Sachsen,code14,,2.36
2003,Prozent,,Sachsen,code14,,2.22
2004,Prozent,,Sachsen,code14,,2.16
2005,Prozent,,Sachsen,code14,,2.34
2006,Prozent,,Sachsen,code14,,2.28
2007,Prozent,,Sachsen,code14,,2.55
2008,Prozent,,Sachsen,code14,,2.75
2009,Prozent,,Sachsen,code14,,2.68
2010,Prozent,,Sachsen,code14,,2.73
2011,Prozent,,Sachsen,code14,,2.76
2012,Prozent,,Sachsen,code14,,2.75
2013,Prozent,,Sachsen,code14,,2.71
2014,Prozent,,Sachsen,code14,,2.61
2015,Prozent,,Sachsen,code14,,2.68
2016,Prozent,,Sachsen,code14,,2.68
2017,Prozent,,Sachsen,code14,,2.74
2018,Prozent,,Sachsen,code14,,2.82
2019,Prozent,,Sachsen,code14,,2.91
2020,Prozent,,Sachsen,code14,,2.98
2021,Prozent,,Sachsen,code14,,3.06
2022,Prozent,,Sachsen,code14,,3.0
2023,Prozent,,Sachsen,code14,,2.26
2025,Prozent,…,Sachsen,code14,,
1991,Prozent,,Sachsen-Anhalt,code15,,
1992,Prozent,,Sachsen-Anhalt,code15,,
1993,Prozent,,Sachsen-Anhalt,code15,,
1994,Prozent,,Sachsen-Anhalt,code15,,
1995,Prozent,,Sachsen-Anhalt,code15,,1.34
1996,Prozent,,Sachsen-Anhalt,code15,,
1997,Prozent,,Sachsen-Anhalt,code15,,1.28
1998,Prozent,,Sachsen-Anhalt,code15,,
1999,Prozent,,Sachsen-Anhalt,code15,,1.29
2000,Prozent,,Sachsen-Anhalt,code15,,1.39
2001,Prozent,,Sachsen-Anhalt,code15,,1.3
2002,Prozent,,Sachsen-Anhalt,code15,,1.22
2003,Prozent,,Sachsen-Anhalt,code15,,1.18
2004,Prozent,,Sachsen-Anhalt,code15,,1.14
2005,Prozent,,Sachsen-Anhalt,code15,,1.21
2006,Prozent,,Sachsen-Anhalt,code15,,1.19
2007,Prozent,,Sachsen-Anhalt,code15,,1.17
2008,Prozent,,Sachsen-Anhalt,code15,,1.19
2009,Prozent,,Sachsen-Anhalt,code15,,1.36
2010,Prozent,,Sachsen-Anhalt,code15,,1.39
2011,Prozent,,Sachsen-Anhalt,code15,,1.45
2012,Prozent,,Sachsen-Anhalt,code15,,1.37
2013,Prozent,,Sachsen-Anhalt,code15,,1.4
2014,Prozent,,Sachsen-Anhalt,code15,,1.44
2015,Prozent,,Sachsen-Anhalt,code15,,1.4
2016,Prozent,,Sachsen-Anhalt,code15,,1.45
2017,Prozent,,Sachsen-Anhalt,code15,,1.5
2018,Prozent,,Sachsen-Anhalt,code15,,1.57
2019,Prozent,,Sachsen-Anhalt,code15,,1.52
2020,Prozent,,Sachsen-Anhalt,code15,,1.55
2021,Prozent,,Sachsen-Anhalt,code15,,1.6
2022,Prozent,,Sachsen-Anhalt,code15,,1.59
2023,Prozent,,Sachsen-Anhalt,code15,,1.44
2025,Prozent,…,Sachsen-Anhalt,code15,,
1991,Prozent,,Schleswig-Holstein,code01,,
1992,Prozent,,Schleswig-Holstein,code01,,
1993,Prozent,,Schleswig-Holstein,code01,,
1994,Prozent,,Schleswig-Holstein,code01,,
1995,Prozent,,Schleswig-Holstein,code01,,1.08
1996,Prozent,,Schleswig-Holstein,code01,,
1997,Prozent,,Schleswig-Holstein,code01,,1.06
1998,Prozent,,Schleswig-Holstein,code01,,
1999,Prozent,,Schleswig-Holstein,code01,,1.08
2000,Prozent,,Schleswig-Holstein,code01,,1.08
2001,Prozent,,Schleswig-Holstein,code01,,1.12
2002,Prozent,,Schleswig-Holstein,code01,,1.2
2003,Prozent,,Schleswig-Holstein,code01,,1.14
2004,Prozent,,Schleswig-Holstein,code01,,1.08
2005,Prozent,,Schleswig-Holstein,code01,,1.14
2006,Prozent,,Schleswig-Holstein,code01,,1.2
2007,Prozent,,Schleswig-Holstein,code01,,1.18
2008,Prozent,,Schleswig-Holstein,code01,,1.22
2009,Prozent,,Schleswig-Holstein,code01,,1.28
2010,Prozent,,Schleswig-Holstein,code01,,1.3
2011,Prozent,,Schleswig-Holstein,code01,,1.41
2012,Prozent,,Schleswig-Holstein,code01,,1.44
2013,Prozent,,Schleswig-Holstein,code01,,1.49
2014,Prozent,,Schleswig-Holstein,code01,,1.55
2015,Prozent,,Schleswig-Holstein,code01,,1.5
2016,Prozent,,Schleswig-Holstein,code01,,1.53
2017,Prozent,,Schleswig-Holstein,code01,,1.55
2018,Prozent,,Schleswig-Holstein,code01,,1.62
2019,Prozent,,Schleswig-Holstein,code01,,1.65
2020,Prozent,,Schleswig-Holstein,code01,,1.6
2021,Prozent,,Schleswig-Holstein,code01,,1.66
2022,Prozent,,Schleswig-Holstein,code01,,1.63
2023,Prozent,,Schleswig-Holstein,code01,,1.53
2025,Prozent,…,Schleswig-Holstein,code01,,
1991,Prozent,,Thüringen,code16,,
1992,Prozent,,Thüringen,code16,,
1993,Prozent,,Thüringen,code16,,
1994,Prozent,,Thüringen,code16,,
1995,Prozent,,Thüringen,code16,,1.58
1996,Prozent,,Thüringen,code16,,
1997,Prozent,,Thüringen,code16,,1.72
1998,Prozent,,Thüringen,code16,,
1999,Prozent,,Thüringen,code16,,1.63
2000,Prozent,,Thüringen,code16,,1.71
2001,Prozent,,Thüringen,code16,,2.04
2002,Prozent,,Thüringen,code16,,2.13
2003,Prozent,,Thüringen,code16,,1.89
2004,Prozent,,Thüringen,code16,,1.89
2005,Prozent,,Thüringen,code16,,1.86
2006,Prozent,,Thüringen,code16,,1.87
2007,Prozent,,Thüringen,code16,,1.86
2008,Prozent,,Thüringen,code16,,2.0
2009,Prozent,,Thüringen,code16,,2.14
2010,Prozent,,Thüringen,code16,,2.13
2011,Prozent,,Thüringen,code16,,2.09
2012,Prozent,,Thüringen,code16,,2.16
2013,Prozent,,Thüringen,code16,,2.13
2014,Prozent,,Thüringen,code16,,2.1
2015,Prozent,,Thüringen,code16,,2.03
2016,Prozent,,Thüringen,code16,,2.04
2017,Prozent,,Thüringen,code16,,2.19
2018,Prozent,,Thüringen,code16,,2.25
2019,Prozent,,Thüringen,code16,,2.29
2020,Prozent,,Thüringen,code16,,2.39
2021,Prozent,,Thüringen,code16,,2.72
2022,Prozent,,Thüringen,code16,,2.74
2023,Prozent,,Thüringen,code16,,2.6
2025,Prozent,…,Thüringen,code16,,
1991,Prozent,,,,Staat und private Institutionen ohne Erwerbszweck,
1992,Prozent,,,,Staat und private Institutionen ohne Erwerbszweck,
1993,Prozent,,,,Staat und private Institutionen ohne Erwerbszweck,
1994,Prozent,,,,Staat und private Institutionen ohne Erwerbszweck,
1995,Prozent,,,,Staat und private Institutionen ohne Erwerbszweck,0.33
1996,Prozent,,,,Staat und private Institutionen ohne Erwerbszweck,
1997,Prozent,,,,Staat und private Institutionen ohne Erwerbszweck,0.32
1998,Prozent,,,,Staat und private Institutionen ohne Erwerbszweck,
1999,Prozent,,,,Staat und private Institutionen ohne Erwerbszweck,0.32
2000,Prozent,,,,Staat und private Institutionen ohne Erwerbszweck,0.32
2001,Prozent,,,,Staat und private Institutionen ohne Erwerbszweck,0.33
2002,Prozent,,,,Staat und private Institutionen ohne Erwerbszweck,0.33
2003,Prozent,,,,Staat und private Institutionen ohne Erwerbszweck,0.33
2004,Prozent,,,,Staat und private Institutionen ohne Erwerbszweck,0.33
2005,Prozent,,,,Staat und private Institutionen ohne Erwerbszweck,0.34
2006,Prozent,,,,Staat und private Institutionen ohne Erwerbszweck,0.34
2007,Prozent,,,,Staat und private Institutionen ohne Erwerbszweck,0.34
2008,Prozent,,,,Staat und private Institutionen ohne Erwerbszweck,0.36
2009,Prozent,,,,Staat und private Institutionen ohne Erwerbszweck,0.4
2010,Prozent,,,,Staat und private Institutionen ohne Erwerbszweck,0.4
2011,Prozent,,,,Staat und private Institutionen ohne Erwerbszweck,0.4
2012,Prozent,,,,Staat und private Institutionen ohne Erwerbszweck,0.41
2013,Prozent,,,,Staat und private Institutionen ohne Erwerbszweck,0.41
2014,Prozent,,,,Staat und private Institutionen ohne Erwerbszweck,0.41
2015,Prozent,,,,Staat und private Institutionen ohne Erwerbszweck,0.4
2016,Prozent,,,,Staat und private Institutionen ohne Erwerbszweck,0.4
2017,Prozent,,,,Staat und private Institutionen ohne Erwerbszweck,0.4
2018,Prozent,,,,Staat und private Institutionen ohne Erwerbszweck,0.41
2019,Prozent,,,,Staat und private Institutionen ohne Erwerbszweck,0.42
2020,Prozent,,,,Staat und private Institutionen ohne Erwerbszweck,0.45
2021,Prozent,,,,Staat und private Institutionen ohne Erwerbszweck,0.46
2022,Prozent,,,,Staat und private Institutionen ohne Erwerbszweck,0.44
2023,Prozent,,,,Staat und private Institutionen ohne Erwerbszweck,0.44
2025,Prozent,…,,,Staat und private Institutionen ohne Erwerbszweck,
1991,Prozent,,,,Hochschulen,
1992,Prozent,,,,Hochschulen,
1993,Prozent,,,,Hochschulen,
1994,Prozent,,,,Hochschulen,
1995,Prozent,,,,Hochschulen,0.39
1996,Prozent,,,,Hochschulen,
1997,Prozent,,,,Hochschulen,0.39
1998,Prozent,,,,Hochschulen,
1999,Prozent,,,,Hochschulen,0.39
2000,Prozent,,,,Hochschulen,0.39
2001,Prozent,,,,Hochschulen,0.4
2002,Prozent,,,,Hochschulen,0.42
2003,Prozent,,,,Hochschulen,0.42
2004,Prozent,,,,Hochschulen,0.4
2005,Prozent,,,,Hochschulen,0.4
2006,Prozent,,,,Hochschulen,0.4
2007,Prozent,,,,Hochschulen,0.39
2008,Prozent,,,,Hochschulen,0.43
2009,Prozent,,,,Hochschulen,0.48
2010,Prozent,,,,Hochschulen,0.49
2011,Prozent,,,,Hochschulen,0.49
2012,Prozent,,,,Hochschulen,0.5
2013,Prozent,,,,Hochschulen,0.5
2014,Prozent,,,,Hochschulen,0.5
2015,Prozent,,,,Hochschulen,0.5
2016,Prozent,,,,Hochschulen,0.52
2017,Prozent,,,,Hochschulen,0.52
2018,Prozent,,,,Hochschulen,0.54
2019,Prozent,,,,Hochschulen,0.54
2020,Prozent,,,,Hochschulen,0.58
2021,Prozent,,,,Hochschulen,0.56
2022,Prozent,,,,Hochschulen,0.55
2023,Prozent,,,,Hochschulen,0.55
2025,Prozent,…,,,Hochschulen,
1991,Prozent,,,,Wirtschaft,
1992,Prozent,,,,Wirtschaft,
1993,Prozent,,,,Wirtschaft,
1994,Prozent,,,,Wirtschaft,
1995,Prozent,,,,Wirtschaft,1.41
1996,Prozent,,,,Wirtschaft,
1997,Prozent,,,,Wirtschaft,1.41
1998,Prozent,,,,Wirtschaft,
1999,Prozent,,,,Wirtschaft,1.62
2000,Prozent,,,,Wirtschaft,1.67
2001,Prozent,,,,Wirtschaft,1.65
2002,Prozent,,,,Wirtschaft,1.66
2003,Prozent,,,,Wirtschaft,1.7
2004,Prozent,,,,Wirtschaft,1.67
2005,Prozent,,,,Wirtschaft,1.66
2006,Prozent,,,,Wirtschaft,1.7
2007,Prozent,,,,Wirtschaft,1.69
2008,Prozent,,,,Wirtschaft,1.78
2009,Prozent,,,,Wirtschaft,1.82
2010,Prozent,,,,Wirtschaft,1.79
2011,Prozent,,,,Wirtschaft,1.86
2012,Prozent,,,,Wirtschaft,1.92
2013,Prozent,,,,Wirtschaft,1.87
2014,Prozent,,,,Wirtschaft,1.91
2015,Prozent,,,,Wirtschaft,1.97
2016,Prozent,,,,Wirtschaft,1.97
2017,Prozent,,,,Wirtschaft,2.06
2018,Prozent,,,,Wirtschaft,2.1
2019,Prozent,,,,Wirtschaft,2.14
2020,Prozent,,,,Wirtschaft,2.06
2021,Prozent,,,,Wirtschaft,2.06
2022,Prozent,,,,Wirtschaft,2.05
2023,Prozent,,,,Wirtschaft,2.14
2025,Prozent,…,,,Wirtschaft,
