Year,Value,Units,Series,GeoCode,COMMENT_OBS_0
2008,100.0,2008 = 100,a) Final energy productivity,,
2009,99.927,2008 = 100,a) Final energy productivity,,r
2010,97.041,2008 = 100,a) Final energy productivity,,r
2011,105.116,2008 = 100,a) Final energy productivity,,r
2012,104.808,2008 = 100,a) Final energy productivity,,r
2013,102.81,2008 = 100,a) Final energy productivity,,r
2014,111.068,2008 = 100,a) Final energy productivity,,r
2015,110.436,2008 = 100,a) Final energy productivity,,r
2016,111.252,2008 = 100,a) Final energy productivity,,r
2017,113.257,2008 = 100,a) Final energy productivity,,r
2018,116.873,2008 = 100,a) Final energy productivity,,r
2019,117.964,2008 = 100,a) Final energy productivity,,r
2020,121.279,2008 = 100,a) Final energy productivity,,r
2021,120.967,2008 = 100,a) Final energy productivity,,r
2022,126.922,2008 = 100,a) Final energy productivity,,r
2023,132.446,2008 = 100,a) Final energy productivity,,r
2024,132.154,2008 = 100,a) Final energy productivity,,r
2025,130.66,2008 = 100,a) Final energy productivity,,p
2030,,2008 = 100,a) Final energy productivity,,…
2008,100.0,2008 = 100,b) Primary energy consumption,,
2009,93.97,2008 = 100,b) Primary energy consumption,,r
2010,98.302,2008 = 100,b) Primary energy consumption,,r
2011,94.054,2008 = 100,b) Primary energy consumption,,r
2012,94.8,2008 = 100,b) Primary energy consumption,,r
2013,96.783,2008 = 100,b) Primary energy consumption,,r
2014,92.136,2008 = 100,b) Primary energy consumption,,r
2015,93.101,2008 = 100,b) Primary energy consumption,,r
2016,93.976,2008 = 100,b) Primary energy consumption,,r
2017,94.105,2008 = 100,b) Primary energy consumption,,r
2018,91.774,2008 = 100,b) Primary energy consumption,,r
2019,89.208,2008 = 100,b) Primary energy consumption,,r
2020,82.753,2008 = 100,b) Primary energy consumption,,r
2021,86.732,2008 = 100,b) Primary energy consumption,,r
2022,81.405,2008 = 100,b) Primary energy consumption,,r
2023,74.088,2008 = 100,b) Primary energy consumption,,r
2024,73.482,2008 = 100,b) Primary energy consumption,,r
2025,73.201,2008 = 100,b) Primary energy consumption,,p
2030,,2008 = 100,b) Primary energy consumption,,…
