Year,Value,Units,GeoCode,COMMENT_OBS_0
1991,39.0,Percentage,,
1992,41.4,Percentage,,
1993,45.1,Percentage,,
1994,47.5,Percentage,,
1995,54.9,Percentage,,
1996,57.7,Percentage,,
1997,58.8,Percentage,,
1998,59.4,Percentage,,
1999,60.3,Percentage,,
2000,59.2,Percentage,,
2001,58.1,Percentage,,
2002,59.8,Percentage,,
2003,63.3,Percentage,,
2004,65.0,Percentage,,
2005,67.1,Percentage,,
2006,66.4,Percentage,,
2007,63.7,Percentage,,
2008,65.2,Percentage,,
2009,72.4,Percentage,,
2010,81.0,Percentage,,
2011,78.5,Percentage,,
2012,79.8,Percentage,,
2013,77.4,Percentage,,r
2014,74.4,Percentage,,r
2015,71.0,Percentage,,
2016,68.1,Percentage,,r
2017,63.7,Percentage,,r
2018,60.5,Percentage,,r
2019,58.3,Percentage,,r
2020,67.5,Percentage,,r
2021,67.4,Percentage,,r
2022,64.1,Percentage,,
2023,61.8,Percentage,,p
2024,61.4,Percentage,,p
2025,62.8,Percentage,,p
