Year,Units,Series,COMMENT_OBS_0,Länder,GeoCode,Value
2008,2008 = 100,a) Final energy productivity,,,,100.0
2009,2008 = 100,a) Final energy productivity,r,,,99.937
2010,2008 = 100,a) Final energy productivity,r,,,97.043
2011,2008 = 100,a) Final energy productivity,r,,,105.1
2012,2008 = 100,a) Final energy productivity,r,,,104.754
2013,2008 = 100,a) Final energy productivity,r,,,102.688
2014,2008 = 100,a) Final energy productivity,r,,,110.874
2015,2008 = 100,a) Final energy productivity,r,,,110.119
2016,2008 = 100,a) Final energy productivity,r,,,110.865
2017,2008 = 100,a) Final energy productivity,r,,,112.75
2018,2008 = 100,a) Final energy productivity,r,,,116.233
2019,2008 = 100,a) Final energy productivity,r,,,117.193
2020,2008 = 100,a) Final energy productivity,r,,,120.359
2021,2008 = 100,a) Final energy productivity,r,,,119.991
2022,2008 = 100,a) Final energy productivity,r,,,125.827
2023,2008 = 100,a) Final energy productivity,,,,131.49
2024,2008 = 100,a) Final energy productivity,,,,130.55
2025,2008 = 100,a) Final energy productivity,p,,,129.064
2030,2008 = 100,a) Final energy productivity,…,,,
2008,2008 = 100,a) Final energy productivity,,Baden-Wuerttemberg,code08,100.0
2009,2008 = 100,a) Final energy productivity,r,Baden-Wuerttemberg,code08,95.687
2010,2008 = 100,a) Final energy productivity,r,Baden-Wuerttemberg,code08,100.301
2011,2008 = 100,a) Final energy productivity,r,Baden-Wuerttemberg,code08,109.629
2012,2008 = 100,a) Final energy productivity,r,Baden-Wuerttemberg,code08,111.735
2013,2008 = 100,a) Final energy productivity,r,Baden-Wuerttemberg,code08,107.121
2014,2008 = 100,a) Final energy productivity,r,Baden-Wuerttemberg,code08,116.65
2015,2008 = 100,a) Final energy productivity,r,Baden-Wuerttemberg,code08,115.948
2016,2008 = 100,a) Final energy productivity,r,Baden-Wuerttemberg,code08,115.647
2017,2008 = 100,a) Final energy productivity,r,Baden-Wuerttemberg,code08,120.06
2018,2008 = 100,a) Final energy productivity,r,Baden-Wuerttemberg,code08,125.176
2019,2008 = 100,a) Final energy productivity,r,Baden-Wuerttemberg,code08,121.364
2020,2008 = 100,a) Final energy productivity,r,Baden-Wuerttemberg,code08,121.565
2021,2008 = 100,a) Final energy productivity,r,Baden-Wuerttemberg,code08,127.984
2022,2008 = 100,a) Final energy productivity,r,Baden-Wuerttemberg,code08,134.303
2023,2008 = 100,a) Final energy productivity,p,Baden-Wuerttemberg,code08,140.722
2024,2008 = 100,a) Final energy productivity,…,Baden-Wuerttemberg,code08,
2025,2008 = 100,a) Final energy productivity,…,Baden-Wuerttemberg,code08,
2030,2008 = 100,a) Final energy productivity,…,Baden-Wuerttemberg,code08,
2008,2008 = 100,a) Final energy productivity,,Bavaria,code09,100.0
2009,2008 = 100,a) Final energy productivity,r,Bavaria,code09,98.746
2010,2008 = 100,a) Final energy productivity,r,Bavaria,code09,96.432
2011,2008 = 100,a) Final energy productivity,r,Bavaria,code09,103.086
2012,2008 = 100,a) Final energy productivity,r,Bavaria,code09,104.532
2013,2008 = 100,a) Final energy productivity,r,Bavaria,code09,104.918
2014,2008 = 100,a) Final energy productivity,r,Bavaria,code09,112.633
2015,2008 = 100,a) Final energy productivity,r,Bavaria,code09,112.247
2016,2008 = 100,a) Final energy productivity,r,Bavaria,code09,111.379
2017,2008 = 100,a) Final energy productivity,r,Bavaria,code09,114.272
2018,2008 = 100,a) Final energy productivity,r,Bavaria,code09,113.5
2019,2008 = 100,a) Final energy productivity,r,Bavaria,code09,112.15
2020,2008 = 100,a) Final energy productivity,r,Bavaria,code09,115.429
2021,2008 = 100,a) Final energy productivity,r,Bavaria,code09,119.286
2022,2008 = 100,a) Final energy productivity,r,Bavaria,code09,121.794
2023,2008 = 100,a) Final energy productivity,…,Bavaria,code09,
2024,2008 = 100,a) Final energy productivity,…,Bavaria,code09,
2025,2008 = 100,a) Final energy productivity,…,Bavaria,code09,
2030,2008 = 100,a) Final energy productivity,…,Bavaria,code09,
2008,2008 = 100,a) Final energy productivity,,Berlin,code11,100.0
2009,2008 = 100,a) Final energy productivity,r,Berlin,code11,98.419
2010,2008 = 100,a) Final energy productivity,r,Berlin,code11,93.023
2011,2008 = 100,a) Final energy productivity,r,Berlin,code11,108.372
2012,2008 = 100,a) Final energy productivity,r,Berlin,code11,107.07
2013,2008 = 100,a) Final energy productivity,r,Berlin,code11,104.558
2014,2008 = 100,a) Final energy productivity,r,Berlin,code11,115.256
2015,2008 = 100,a) Final energy productivity,r,Berlin,code11,122.14
2016,2008 = 100,a) Final energy productivity,r,Berlin,code11,123.163
2017,2008 = 100,a) Final energy productivity,r,Berlin,code11,127.721
2018,2008 = 100,a) Final energy productivity,r,Berlin,code11,132.93
2019,2008 = 100,a) Final energy productivity,r,Berlin,code11,140.837
2020,2008 = 100,a) Final energy productivity,r,Berlin,code11,153.209
2021,2008 = 100,a) Final energy productivity,r,Berlin,code11,156.837
2022,2008 = 100,a) Final energy productivity,r,Berlin,code11,173.302
2023,2008 = 100,a) Final energy productivity,p,Berlin,code11,176.186
2024,2008 = 100,a) Final energy productivity,…,Berlin,code11,
2025,2008 = 100,a) Final energy productivity,…,Berlin,code11,
2030,2008 = 100,a) Final energy productivity,…,Berlin,code11,
2008,2008 = 100,a) Final energy productivity,,Brandenburg,code12,100.0
2009,2008 = 100,a) Final energy productivity,r,Brandenburg,code12,99.33
2010,2008 = 100,a) Final energy productivity,r,Brandenburg,code12,95.694
2011,2008 = 100,a) Final energy productivity,r,Brandenburg,code12,100.478
2012,2008 = 100,a) Final energy productivity,r,Brandenburg,code12,99.713
2013,2008 = 100,a) Final energy productivity,r,Brandenburg,code12,97.99
2014,2008 = 100,a) Final energy productivity,r,Brandenburg,code12,104.211
2015,2008 = 100,a) Final energy productivity,r,Brandenburg,code12,106.89
2016,2008 = 100,a) Final energy productivity,r,Brandenburg,code12,103.445
2017,2008 = 100,a) Final energy productivity,r,Brandenburg,code12,103.541
2018,2008 = 100,a) Final energy productivity,r,Brandenburg,code12,103.062
2019,2008 = 100,a) Final energy productivity,r,Brandenburg,code12,107.847
2020,2008 = 100,a) Final energy productivity,r,Brandenburg,code12,109.282
2021,2008 = 100,a) Final energy productivity,r,Brandenburg,code12,105.837
2022,2008 = 100,a) Final energy productivity,r,Brandenburg,code12,106.603
2023,2008 = 100,a) Final energy productivity,p,Brandenburg,code12,106.794
2024,2008 = 100,a) Final energy productivity,…,Brandenburg,code12,
2025,2008 = 100,a) Final energy productivity,…,Brandenburg,code12,
2030,2008 = 100,a) Final energy productivity,…,Brandenburg,code12,
2008,2008 = 100,a) Final energy productivity,,Bremen,code04,100.0
2009,2008 = 100,a) Final energy productivity,r,Bremen,code04,97.445
2010,2008 = 100,a) Final energy productivity,,Bremen,code04,91.241
2011,2008 = 100,a) Final energy productivity,,Bremen,code04,95.62
2012,2008 = 100,a) Final energy productivity,r,Bremen,code04,99.909
2013,2008 = 100,a) Final energy productivity,r,Bremen,code04,99.909
2014,2008 = 100,a) Final energy productivity,r,Bremen,code04,95.712
2015,2008 = 100,a) Final energy productivity,r,Bremen,code04,97.354
2016,2008 = 100,a) Final energy productivity,r,Bremen,code04,99.726
2017,2008 = 100,a) Final energy productivity,r,Bremen,code04,105.201
2018,2008 = 100,a) Final energy productivity,r,Bremen,code04,105.018
2019,2008 = 100,a) Final energy productivity,r,Bremen,code04,107.208
2020,2008 = 100,a) Final energy productivity,r,Bremen,code04,112.682
2021,2008 = 100,a) Final energy productivity,…,Bremen,code04,
2022,2008 = 100,a) Final energy productivity,…,Bremen,code04,
2023,2008 = 100,a) Final energy productivity,…,Bremen,code04,
2024,2008 = 100,a) Final energy productivity,…,Bremen,code04,
2025,2008 = 100,a) Final energy productivity,…,Bremen,code04,
2030,2008 = 100,a) Final energy productivity,…,Bremen,code04,
2008,2008 = 100,a) Final energy productivity,,Hamburg,code02,100.0
2009,2008 = 100,a) Final energy productivity,r,Hamburg,code02,98.39
2010,2008 = 100,a) Final energy productivity,r,Hamburg,code02,94.697
2011,2008 = 100,a) Final energy productivity,r,Hamburg,code02,101.989
2012,2008 = 100,a) Final energy productivity,r,Hamburg,code02,100.473
2013,2008 = 100,a) Final energy productivity,r,Hamburg,code02,105.303
2014,2008 = 100,a) Final energy productivity,r,Hamburg,code02,110.985
2015,2008 = 100,a) Final energy productivity,r,Hamburg,code02,110.038
2016,2008 = 100,a) Final energy productivity,r,Hamburg,code02,111.837
2017,2008 = 100,a) Final energy productivity,,Hamburg,code02,112.879
2018,2008 = 100,a) Final energy productivity,r,Hamburg,code02,110.227
2019,2008 = 100,a) Final energy productivity,r,Hamburg,code02,113.826
2020,2008 = 100,a) Final energy productivity,r,Hamburg,code02,116.761
2021,2008 = 100,a) Final energy productivity,r,Hamburg,code02,113.636
2022,2008 = 100,a) Final energy productivity,r,Hamburg,code02,124.432
2023,2008 = 100,a) Final energy productivity,p,Hamburg,code02,127.273
2024,2008 = 100,a) Final energy productivity,…,Hamburg,code02,
2025,2008 = 100,a) Final energy productivity,…,Hamburg,code02,
2030,2008 = 100,a) Final energy productivity,…,Hamburg,code02,
2008,2008 = 100,a) Final energy productivity,,Hesse,code06,100.0
2009,2008 = 100,a) Final energy productivity,r,Hesse,code06,97.828
2010,2008 = 100,a) Final energy productivity,r,Hesse,code06,98.717
2011,2008 = 100,a) Final energy productivity,r,Hesse,code06,107.009
2012,2008 = 100,a) Final energy productivity,r,Hesse,code06,104.541
2013,2008 = 100,a) Final energy productivity,r,Hesse,code06,102.863
2014,2008 = 100,a) Final energy productivity,r,Hesse,code06,106.515
2015,2008 = 100,a) Final energy productivity,r,Hesse,code06,105.035
2016,2008 = 100,a) Final energy productivity,r,Hesse,code06,105.923
2017,2008 = 100,a) Final energy productivity,r,Hesse,code06,108.391
2018,2008 = 100,a) Final energy productivity,r,Hesse,code06,110.859
2019,2008 = 100,a) Final energy productivity,r,Hesse,code06,109.97
2020,2008 = 100,a) Final energy productivity,r,Hesse,code06,125.173
2021,2008 = 100,a) Final energy productivity,r,Hesse,code06,124.877
2022,2008 = 100,a) Final energy productivity,r,Hesse,code06,123.198
2023,2008 = 100,a) Final energy productivity,p,Hesse,code06,125.173
2024,2008 = 100,a) Final energy productivity,…,Hesse,code06,
2025,2008 = 100,a) Final energy productivity,…,Hesse,code06,
2030,2008 = 100,a) Final energy productivity,…,Hesse,code06,
2008,2008 = 100,a) Final energy productivity,,Mecklenburg Western Pomerania,code13,100.0
2009,2008 = 100,a) Final energy productivity,r,Mecklenburg Western Pomerania,code13,100.474
2010,2008 = 100,a) Final energy productivity,r,Mecklenburg Western Pomerania,code13,94.877
2011,2008 = 100,a) Final energy productivity,r,Mecklenburg Western Pomerania,code13,104.649
2012,2008 = 100,a) Final energy productivity,r,Mecklenburg Western Pomerania,code13,100.949
2013,2008 = 100,a) Final energy productivity,r,Mecklenburg Western Pomerania,code13,98.387
2014,2008 = 100,a) Final energy productivity,r,Mecklenburg Western Pomerania,code13,104.175
2015,2008 = 100,a) Final energy productivity,r,Mecklenburg Western Pomerania,code13,104.744
2016,2008 = 100,a) Final energy productivity,r,Mecklenburg Western Pomerania,code13,105.408
2017,2008 = 100,a) Final energy productivity,r,Mecklenburg Western Pomerania,code13,112.619
2018,2008 = 100,a) Final energy productivity,r,Mecklenburg Western Pomerania,code13,110.436
2019,2008 = 100,a) Final energy productivity,r,Mecklenburg Western Pomerania,code13,114.801
2020,2008 = 100,a) Final energy productivity,r,Mecklenburg Western Pomerania,code13,111.575
2021,2008 = 100,a) Final energy productivity,…,Mecklenburg Western Pomerania,code13,
2022,2008 = 100,a) Final energy productivity,…,Mecklenburg Western Pomerania,code13,
2023,2008 = 100,a) Final energy productivity,…,Mecklenburg Western Pomerania,code13,
2024,2008 = 100,a) Final energy productivity,…,Mecklenburg Western Pomerania,code13,
2025,2008 = 100,a) Final energy productivity,…,Mecklenburg Western Pomerania,code13,
2030,2008 = 100,a) Final energy productivity,…,Mecklenburg Western Pomerania,code13,
2008,2008 = 100,a) Final energy productivity,,Lower Saxony,code03,100.0
2009,2008 = 100,a) Final energy productivity,r,Lower Saxony,code03,99.314
2010,2008 = 100,a) Final energy productivity,r,Lower Saxony,code03,98.039
2011,2008 = 100,a) Final energy productivity,r,Lower Saxony,code03,107.745
2012,2008 = 100,a) Final energy productivity,r,Lower Saxony,code03,111.373
2013,2008 = 100,a) Final energy productivity,r,Lower Saxony,code03,108.529
2014,2008 = 100,a) Final energy productivity,r,Lower Saxony,code03,114.118
2015,2008 = 100,a) Final energy productivity,r,Lower Saxony,code03,114.314
2016,2008 = 100,a) Final energy productivity,r,Lower Saxony,code03,120.196
2017,2008 = 100,a) Final energy productivity,r,Lower Saxony,code03,119.02
2018,2008 = 100,a) Final energy productivity,r,Lower Saxony,code03,120.882
2019,2008 = 100,a) Final energy productivity,r,Lower Saxony,code03,123.725
2020,2008 = 100,a) Final energy productivity,r,Lower Saxony,code03,123.792
2021,2008 = 100,a) Final energy productivity,r,Lower Saxony,code03,122.059
2022,2008 = 100,a) Final energy productivity,r,Lower Saxony,code03,125.294
2023,2008 = 100,a) Final energy productivity,p,Lower Saxony,code03,135.098
2024,2008 = 100,a) Final energy productivity,…,Lower Saxony,code03,
2025,2008 = 100,a) Final energy productivity,…,Lower Saxony,code03,
2030,2008 = 100,a) Final energy productivity,…,Lower Saxony,code03,
2008,2008 = 100,a) Final energy productivity,,North Rhine-Westphalia,code05,100.0
2009,2008 = 100,a) Final energy productivity,r,North Rhine-Westphalia,code05,106.851
2010,2008 = 100,a) Final energy productivity,,North Rhine-Westphalia,code05,102.249
2011,2008 = 100,a) Final energy productivity,r,North Rhine-Westphalia,code05,111.554
2012,2008 = 100,a) Final energy productivity,r,North Rhine-Westphalia,code05,112.474
2013,2008 = 100,a) Final energy productivity,r,North Rhine-Westphalia,code05,111.861
2014,2008 = 100,a) Final energy productivity,r,North Rhine-Westphalia,code05,117.382
2015,2008 = 100,a) Final energy productivity,r,North Rhine-Westphalia,code05,119.427
2016,2008 = 100,a) Final energy productivity,r,North Rhine-Westphalia,code05,118.712
2017,2008 = 100,a) Final energy productivity,r,North Rhine-Westphalia,code05,124.54
2018,2008 = 100,a) Final energy productivity,r,North Rhine-Westphalia,code05,120.552
2019,2008 = 100,a) Final energy productivity,r,North Rhine-Westphalia,code05,120.45
2020,2008 = 100,a) Final energy productivity,r,North Rhine-Westphalia,code05,120.348
2021,2008 = 100,a) Final energy productivity,r,North Rhine-Westphalia,code05,120.757
2022,2008 = 100,a) Final energy productivity,r,North Rhine-Westphalia,code05,136.094
2023,2008 = 100,a) Final energy productivity,…,North Rhine-Westphalia,code05,
2024,2008 = 100,a) Final energy productivity,…,North Rhine-Westphalia,code05,
2025,2008 = 100,a) Final energy productivity,…,North Rhine-Westphalia,code05,
2030,2008 = 100,a) Final energy productivity,…,North Rhine-Westphalia,code05,
2008,2008 = 100,a) Final energy productivity,,Rhineland Palatinate,code07,100.0
2009,2008 = 100,a) Final energy productivity,r,Rhineland Palatinate,code07,99.7
2010,2008 = 100,a) Final energy productivity,r,Rhineland Palatinate,code07,100.1
2011,2008 = 100,a) Final energy productivity,r,Rhineland Palatinate,code07,110.21
2012,2008 = 100,a) Final energy productivity,r,Rhineland Palatinate,code07,112.613
2013,2008 = 100,a) Final energy productivity,r,Rhineland Palatinate,code07,109.109
2014,2008 = 100,a) Final energy productivity,r,Rhineland Palatinate,code07,114.715
2015,2008 = 100,a) Final energy productivity,r,Rhineland Palatinate,code07,114.815
2016,2008 = 100,a) Final energy productivity,r,Rhineland Palatinate,code07,113.814
2017,2008 = 100,a) Final energy productivity,r,Rhineland Palatinate,code07,114.615
2018,2008 = 100,a) Final energy productivity,r,Rhineland Palatinate,code07,113.113
2019,2008 = 100,a) Final energy productivity,r,Rhineland Palatinate,code07,112.913
2020,2008 = 100,a) Final energy productivity,r,Rhineland Palatinate,code07,111.512
2021,2008 = 100,a) Final energy productivity,r,Rhineland Palatinate,code07,120.621
2022,2008 = 100,a) Final energy productivity,r,Rhineland Palatinate,code07,126.627
2023,2008 = 100,a) Final energy productivity,…,Rhineland Palatinate,code07,
2024,2008 = 100,a) Final energy productivity,…,Rhineland Palatinate,code07,
2025,2008 = 100,a) Final energy productivity,…,Rhineland Palatinate,code07,
2030,2008 = 100,a) Final energy productivity,…,Rhineland Palatinate,code07,
2008,2008 = 100,a) Final energy productivity,,Saarland,code10,100.0
2009,2008 = 100,a) Final energy productivity,,Saarland,code10,112.461
2010,2008 = 100,a) Final energy productivity,,Saarland,code10,102.987
2011,2008 = 100,a) Final energy productivity,,Saarland,code10,100.309
2012,2008 = 100,a) Final energy productivity,,Saarland,code10,101.339
2013,2008 = 100,a) Final energy productivity,,Saarland,code10,100.103
2014,2008 = 100,a) Final energy productivity,,Saarland,code10,103.708
2015,2008 = 100,a) Final energy productivity,,Saarland,code10,104.84
2016,2008 = 100,a) Final energy productivity,,Saarland,code10,128.63
2017,2008 = 100,a) Final energy productivity,.,Saarland,code10,
2018,2008 = 100,a) Final energy productivity,.,Saarland,code10,
2019,2008 = 100,a) Final energy productivity,,Saarland,code10,125.953
2020,2008 = 100,a) Final energy productivity,,Saarland,code10,126.982
2021,2008 = 100,a) Final energy productivity,,Saarland,code10,116.066
2022,2008 = 100,a) Final energy productivity,,Saarland,code10,130.896
2023,2008 = 100,a) Final energy productivity,.,Saarland,code10,
2024,2008 = 100,a) Final energy productivity,.,Saarland,code10,
2025,2008 = 100,a) Final energy productivity,.,Saarland,code10,
2030,2008 = 100,a) Final energy productivity,…,Saarland,code10,
2008,2008 = 100,a) Final energy productivity,,Saxony,code14,100.0
2009,2008 = 100,a) Final energy productivity,r,Saxony,code14,97.526
2010,2008 = 100,a) Final energy productivity,r,Saxony,code14,95.147
2011,2008 = 100,a) Final energy productivity,r,Saxony,code14,105.043
2012,2008 = 100,a) Final energy productivity,r,Saxony,code14,100.285
2013,2008 = 100,a) Final energy productivity,r,Saxony,code14,98.287
2014,2008 = 100,a) Final energy productivity,r,Saxony,code14,106.185
2015,2008 = 100,a) Final energy productivity,r,Saxony,code14,106.755
2016,2008 = 100,a) Final energy productivity,r,Saxony,code14,105.804
2017,2008 = 100,a) Final energy productivity,r,Saxony,code14,105.328
2018,2008 = 100,a) Final energy productivity,r,Saxony,code14,109.134
2019,2008 = 100,a) Final energy productivity,r,Saxony,code14,111.798
2020,2008 = 100,a) Final energy productivity,,Saxony,code14,105.804
2021,2008 = 100,a) Final energy productivity,r,Saxony,code14,103.235
2022,2008 = 100,a) Final energy productivity,r,Saxony,code14,108.944
2023,2008 = 100,a) Final energy productivity,…,Saxony,code14,
2024,2008 = 100,a) Final energy productivity,…,Saxony,code14,
2025,2008 = 100,a) Final energy productivity,…,Saxony,code14,
2030,2008 = 100,a) Final energy productivity,…,Saxony,code14,
2008,2008 = 100,a) Final energy productivity,,Saxony-Anhalt,code15,100.0
2009,2008 = 100,a) Final energy productivity,r,Saxony-Anhalt,code15,96.089
2010,2008 = 100,a) Final energy productivity,r,Saxony-Anhalt,code15,93.11
2011,2008 = 100,a) Final energy productivity,r,Saxony-Anhalt,code15,95.81
2012,2008 = 100,a) Final energy productivity,r,Saxony-Anhalt,code15,94.972
2013,2008 = 100,a) Final energy productivity,r,Saxony-Anhalt,code15,94.32
2014,2008 = 100,a) Final energy productivity,r,Saxony-Anhalt,code15,98.79
2015,2008 = 100,a) Final energy productivity,r,Saxony-Anhalt,code15,99.628
2016,2008 = 100,a) Final energy productivity,r,Saxony-Anhalt,code15,98.417
2017,2008 = 100,a) Final energy productivity,r,Saxony-Anhalt,code15,98.696
2018,2008 = 100,a) Final energy productivity,r,Saxony-Anhalt,code15,95.81
2019,2008 = 100,a) Final energy productivity,r,Saxony-Anhalt,code15,101.21
2020,2008 = 100,a) Final energy productivity,r,Saxony-Anhalt,code15,101.024
2021,2008 = 100,a) Final energy productivity,r,Saxony-Anhalt,code15,96.834
2022,2008 = 100,a) Final energy productivity,r,Saxony-Anhalt,code15,101.769
2023,2008 = 100,a) Final energy productivity,…,Saxony-Anhalt,code15,
2024,2008 = 100,a) Final energy productivity,…,Saxony-Anhalt,code15,
2025,2008 = 100,a) Final energy productivity,…,Saxony-Anhalt,code15,
2030,2008 = 100,a) Final energy productivity,…,Saxony-Anhalt,code15,
2008,2008 = 100,a) Final energy productivity,,Schleswig-Holstein,code01,100.0
2009,2008 = 100,a) Final energy productivity,r,Schleswig-Holstein,code01,99.81
2010,2008 = 100,a) Final energy productivity,r,Schleswig-Holstein,code01,94.877
2011,2008 = 100,a) Final energy productivity,r,Schleswig-Holstein,code01,102.277
2012,2008 = 100,a) Final energy productivity,r,Schleswig-Holstein,code01,99.81
2013,2008 = 100,a) Final energy productivity,r,Schleswig-Holstein,code01,95.256
2014,2008 = 100,a) Final energy productivity,r,Schleswig-Holstein,code01,102.941
2015,2008 = 100,a) Final energy productivity,r,Schleswig-Holstein,code01,102.372
2016,2008 = 100,a) Final energy productivity,r,Schleswig-Holstein,code01,104.554
2017,2008 = 100,a) Final energy productivity,r,Schleswig-Holstein,code01,106.926
2018,2008 = 100,a) Final energy productivity,r,Schleswig-Holstein,code01,107.78
2019,2008 = 100,a) Final energy productivity,r,Schleswig-Holstein,code01,115.085
2020,2008 = 100,a) Final energy productivity,r,Schleswig-Holstein,code01,112.334
2021,2008 = 100,a) Final energy productivity,r,Schleswig-Holstein,code01,108.729
2022,2008 = 100,a) Final energy productivity,r,Schleswig-Holstein,code01,113.947
2023,2008 = 100,a) Final energy productivity,p,Schleswig-Holstein,code01,119.829
2024,2008 = 100,a) Final energy productivity,…,Schleswig-Holstein,code01,
2025,2008 = 100,a) Final energy productivity,…,Schleswig-Holstein,code01,
2030,2008 = 100,a) Final energy productivity,…,Schleswig-Holstein,code01,
2008,2008 = 100,a) Final energy productivity,,Thuringia,code16,100.0
2009,2008 = 100,a) Final energy productivity,,Thuringia,code16,100.692
2010,2008 = 100,a) Final energy productivity,r,Thuringia,code16,98.814
2011,2008 = 100,a) Final energy productivity,r,Thuringia,code16,109.585
2012,2008 = 100,a) Final energy productivity,r,Thuringia,code16,107.806
2013,2008 = 100,a) Final energy productivity,r,Thuringia,code16,106.423
2014,2008 = 100,a) Final energy productivity,,Thuringia,code16,116.7
2015,2008 = 100,a) Final energy productivity,,Thuringia,code16,116.7
2016,2008 = 100,a) Final energy productivity,r,Thuringia,code16,116.008
2017,2008 = 100,a) Final energy productivity,r,Thuringia,code16,118.775
2018,2008 = 100,a) Final energy productivity,r,Thuringia,code16,118.676
2019,2008 = 100,a) Final energy productivity,r,Thuringia,code16,119.17
2020,2008 = 100,a) Final energy productivity,r,Thuringia,code16,118.775
2021,2008 = 100,a) Final energy productivity,r,Thuringia,code16,119.17
2022,2008 = 100,a) Final energy productivity,r,Thuringia,code16,122.925
2023,2008 = 100,a) Final energy productivity,…,Thuringia,code16,
2024,2008 = 100,a) Final energy productivity,…,Thuringia,code16,
2025,2008 = 100,a) Final energy productivity,…,Thuringia,code16,
2030,2008 = 100,a) Final energy productivity,…,Thuringia,code16,
2008,2008 = 100,b) Primary energy consumption,,,,100.0
2009,2008 = 100,b) Primary energy consumption,r,,,93.97
2010,2008 = 100,b) Primary energy consumption,r,,,98.302
2011,2008 = 100,b) Primary energy consumption,r,,,94.054
2012,2008 = 100,b) Primary energy consumption,r,,,94.8
2013,2008 = 100,b) Primary energy consumption,r,,,96.783
2014,2008 = 100,b) Primary energy consumption,r,,,92.136
2015,2008 = 100,b) Primary energy consumption,r,,,93.101
2016,2008 = 100,b) Primary energy consumption,r,,,93.976
2017,2008 = 100,b) Primary energy consumption,r,,,94.105
2018,2008 = 100,b) Primary energy consumption,r,,,91.774
2019,2008 = 100,b) Primary energy consumption,r,,,89.208
2020,2008 = 100,b) Primary energy consumption,r,,,82.753
2021,2008 = 100,b) Primary energy consumption,r,,,86.732
2022,2008 = 100,b) Primary energy consumption,r,,,81.405
2023,2008 = 100,b) Primary energy consumption,r,,,74.088
2024,2008 = 100,b) Primary energy consumption,r,,,73.482
2025,2008 = 100,b) Primary energy consumption,p,,,73.201
2030,2008 = 100,b) Primary energy consumption,…,,,
2008,2008 = 100,b) Primary energy consumption,,Baden-Wuerttemberg,code08,100.0
2009,2008 = 100,b) Primary energy consumption,,Baden-Wuerttemberg,code08,95.076
2010,2008 = 100,b) Primary energy consumption,,Baden-Wuerttemberg,code08,95.291
2011,2008 = 100,b) Primary energy consumption,,Baden-Wuerttemberg,code08,88.107
2012,2008 = 100,b) Primary energy consumption,,Baden-Wuerttemberg,code08,85.625
2013,2008 = 100,b) Primary energy consumption,,Baden-Wuerttemberg,code08,89.267
2014,2008 = 100,b) Primary energy consumption,,Baden-Wuerttemberg,code08,85.552
2015,2008 = 100,b) Primary energy consumption,,Baden-Wuerttemberg,code08,87.383
2016,2008 = 100,b) Primary energy consumption,,Baden-Wuerttemberg,code08,89.223
2017,2008 = 100,b) Primary energy consumption,,Baden-Wuerttemberg,code08,87.798
2018,2008 = 100,b) Primary energy consumption,,Baden-Wuerttemberg,code08,86.048
2019,2008 = 100,b) Primary energy consumption,,Baden-Wuerttemberg,code08,86.396
2020,2008 = 100,b) Primary energy consumption,,Baden-Wuerttemberg,code08,77.268
2021,2008 = 100,b) Primary energy consumption,,Baden-Wuerttemberg,code08,79.245
2022,2008 = 100,b) Primary energy consumption,,Baden-Wuerttemberg,code08,78.054
2023,2008 = 100,b) Primary energy consumption,,Baden-Wuerttemberg,code08,68.616
2024,2008 = 100,b) Primary energy consumption,p,Baden-Wuerttemberg,code08,66.564
2025,2008 = 100,b) Primary energy consumption,…,Baden-Wuerttemberg,code08,
2030,2008 = 100,b) Primary energy consumption,…,Baden-Wuerttemberg,code08,
2008,2008 = 100,b) Primary energy consumption,,Bavaria,code09,100.0
2009,2008 = 100,b) Primary energy consumption,,Bavaria,code09,98.265
2010,2008 = 100,b) Primary energy consumption,,Bavaria,code09,102.045
2011,2008 = 100,b) Primary energy consumption,,Bavaria,code09,99.897
2012,2008 = 100,b) Primary energy consumption,,Bavaria,code09,97.558
2013,2008 = 100,b) Primary energy consumption,,Bavaria,code09,98.191
2014,2008 = 100,b) Primary energy consumption,,Bavaria,code09,94.712
2015,2008 = 100,b) Primary energy consumption,,Bavaria,code09,94.839
2016,2008 = 100,b) Primary energy consumption,,Bavaria,code09,94.958
2017,2008 = 100,b) Primary energy consumption,,Bavaria,code09,95.405
2018,2008 = 100,b) Primary energy consumption,,Bavaria,code09,89.757
2019,2008 = 100,b) Primary energy consumption,,Bavaria,code09,91.528
2020,2008 = 100,b) Primary energy consumption,,Bavaria,code09,86.8
2021,2008 = 100,b) Primary energy consumption,,Bavaria,code09,89.318
2022,2008 = 100,b) Primary energy consumption,,Bavaria,code09,84.171
2023,2008 = 100,b) Primary energy consumption,,Bavaria,code09,76.586
2024,2008 = 100,b) Primary energy consumption,…,Bavaria,code09,
2025,2008 = 100,b) Primary energy consumption,…,Bavaria,code09,
2030,2008 = 100,b) Primary energy consumption,…,Bavaria,code09,
2008,2008 = 100,b) Primary energy consumption,,Berlin,code11,100.0
2009,2008 = 100,b) Primary energy consumption,,Berlin,code11,98.596
2010,2008 = 100,b) Primary energy consumption,,Berlin,code11,107.634
2011,2008 = 100,b) Primary energy consumption,,Berlin,code11,96.33
2012,2008 = 100,b) Primary energy consumption,,Berlin,code11,97.576
2013,2008 = 100,b) Primary energy consumption,,Berlin,code11,100.579
2014,2008 = 100,b) Primary energy consumption,,Berlin,code11,94.605
2015,2008 = 100,b) Primary energy consumption,,Berlin,code11,92.226
2016,2008 = 100,b) Primary energy consumption,,Berlin,code11,94.706
2017,2008 = 100,b) Primary energy consumption,,Berlin,code11,94.161
2018,2008 = 100,b) Primary energy consumption,,Berlin,code11,93.188
2019,2008 = 100,b) Primary energy consumption,r,Berlin,code11,89.018
2020,2008 = 100,b) Primary energy consumption,,Berlin,code11,81.05
2021,2008 = 100,b) Primary energy consumption,r,Berlin,code11,83.142
2022,2008 = 100,b) Primary energy consumption,,Berlin,code11,78.636
2023,2008 = 100,b) Primary energy consumption,,Berlin,code11,75.817
2024,2008 = 100,b) Primary energy consumption,p,Berlin,code11,72.775
2025,2008 = 100,b) Primary energy consumption,…,Berlin,code11,
2030,2008 = 100,b) Primary energy consumption,…,Berlin,code11,
2008,2008 = 100,b) Primary energy consumption,,Brandenburg,code12,100.0
2009,2008 = 100,b) Primary energy consumption,,Brandenburg,code12,97.025
2010,2008 = 100,b) Primary energy consumption,,Brandenburg,code12,102.117
2011,2008 = 100,b) Primary energy consumption,,Brandenburg,code12,104.453
2012,2008 = 100,b) Primary energy consumption,,Brandenburg,code12,104.537
2013,2008 = 100,b) Primary energy consumption,,Brandenburg,code12,102.191
2014,2008 = 100,b) Primary energy consumption,,Brandenburg,code12,101.388
2015,2008 = 100,b) Primary energy consumption,,Brandenburg,code12,101.428
2016,2008 = 100,b) Primary energy consumption,,Brandenburg,code12,101.962
2017,2008 = 100,b) Primary energy consumption,,Brandenburg,code12,103.674
2018,2008 = 100,b) Primary energy consumption,,Brandenburg,code12,106.748
2019,2008 = 100,b) Primary energy consumption,,Brandenburg,code12,97.997
2020,2008 = 100,b) Primary energy consumption,,Brandenburg,code12,84.369
2021,2008 = 100,b) Primary energy consumption,,Brandenburg,code12,94.968
2022,2008 = 100,b) Primary energy consumption,r,Brandenburg,code12,90.171
2023,2008 = 100,b) Primary energy consumption,,Brandenburg,code12,88.791
2024,2008 = 100,b) Primary energy consumption,p,Brandenburg,code12,86.618
2025,2008 = 100,b) Primary energy consumption,…,Brandenburg,code12,
2030,2008 = 100,b) Primary energy consumption,…,Brandenburg,code12,
2008,2008 = 100,b) Primary energy consumption,,Bremen,code04,100.0
2009,2008 = 100,b) Primary energy consumption,,Bremen,code04,96.197
2010,2008 = 100,b) Primary energy consumption,,Bremen,code04,105.896
2011,2008 = 100,b) Primary energy consumption,,Bremen,code04,100.289
2012,2008 = 100,b) Primary energy consumption,,Bremen,code04,100.339
2013,2008 = 100,b) Primary energy consumption,,Bremen,code04,99.365
2014,2008 = 100,b) Primary energy consumption,,Bremen,code04,100.788
2015,2008 = 100,b) Primary energy consumption,,Bremen,code04,100.071
2016,2008 = 100,b) Primary energy consumption,,Bremen,code04,98.879
2017,2008 = 100,b) Primary energy consumption,,Bremen,code04,100.548
2018,2008 = 100,b) Primary energy consumption,,Bremen,code04,95.591
2019,2008 = 100,b) Primary energy consumption,,Bremen,code04,89.682
2020,2008 = 100,b) Primary energy consumption,,Bremen,code04,77.493
2021,2008 = 100,b) Primary energy consumption,…,Bremen,code04,
2022,2008 = 100,b) Primary energy consumption,…,Bremen,code04,
2023,2008 = 100,b) Primary energy consumption,…,Bremen,code04,
2024,2008 = 100,b) Primary energy consumption,…,Bremen,code04,
2025,2008 = 100,b) Primary energy consumption,…,Bremen,code04,
2030,2008 = 100,b) Primary energy consumption,…,Bremen,code04,
2008,2008 = 100,b) Primary energy consumption,,Hamburg,code02,100.0
2009,2008 = 100,b) Primary energy consumption,,Hamburg,code02,98.742
2010,2008 = 100,b) Primary energy consumption,,Hamburg,code02,106.297
2011,2008 = 100,b) Primary energy consumption,,Hamburg,code02,99.55
2012,2008 = 100,b) Primary energy consumption,,Hamburg,code02,99.958
2013,2008 = 100,b) Primary energy consumption,,Hamburg,code02,99.159
2014,2008 = 100,b) Primary energy consumption,,Hamburg,code02,99.788
2015,2008 = 100,b) Primary energy consumption,,Hamburg,code02,107.127
2016,2008 = 100,b) Primary energy consumption,,Hamburg,code02,110.385
2017,2008 = 100,b) Primary energy consumption,,Hamburg,code02,111.873
2018,2008 = 100,b) Primary energy consumption,,Hamburg,code02,114.512
2019,2008 = 100,b) Primary energy consumption,,Hamburg,code02,110.137
2020,2008 = 100,b) Primary energy consumption,,Hamburg,code02,96.799
2021,2008 = 100,b) Primary energy consumption,,Hamburg,code02,95.0
2022,2008 = 100,b) Primary energy consumption,,Hamburg,code02,88.174
2023,2008 = 100,b) Primary energy consumption,r,Hamburg,code02,80.605
2024,2008 = 100,b) Primary energy consumption,p,Hamburg,code02,84.85
2025,2008 = 100,b) Primary energy consumption,…,Hamburg,code02,
2030,2008 = 100,b) Primary energy consumption,…,Hamburg,code02,
2008,2008 = 100,b) Primary energy consumption,,Hesse,code06,100.0
2009,2008 = 100,b) Primary energy consumption,,Hesse,code06,83.484
2010,2008 = 100,b) Primary energy consumption,,Hesse,code06,94.985
2011,2008 = 100,b) Primary energy consumption,,Hesse,code06,83.347
2012,2008 = 100,b) Primary energy consumption,,Hesse,code06,80.847
2013,2008 = 100,b) Primary energy consumption,,Hesse,code06,81.39
2014,2008 = 100,b) Primary energy consumption,,Hesse,code06,80.295
2015,2008 = 100,b) Primary energy consumption,,Hesse,code06,81.723
2016,2008 = 100,b) Primary energy consumption,,Hesse,code06,83.305
2017,2008 = 100,b) Primary energy consumption,,Hesse,code06,82.907
2018,2008 = 100,b) Primary energy consumption,,Hesse,code06,81.352
2019,2008 = 100,b) Primary energy consumption,,Hesse,code06,82.379
2020,2008 = 100,b) Primary energy consumption,,Hesse,code06,69.385
2021,2008 = 100,b) Primary energy consumption,,Hesse,code06,72.465
2022,2008 = 100,b) Primary energy consumption,,Hesse,code06,75.143
2023,2008 = 100,b) Primary energy consumption,,Hesse,code06,73.128
2024,2008 = 100,b) Primary energy consumption,p,Hesse,code06,72.682
2025,2008 = 100,b) Primary energy consumption,…,Hesse,code06,
2030,2008 = 100,b) Primary energy consumption,…,Hesse,code06,
2008,2008 = 100,b) Primary energy consumption,,Mecklenburg Western Pomerania,code13,100.0
2009,2008 = 100,b) Primary energy consumption,,Mecklenburg Western Pomerania,code13,95.143
2010,2008 = 100,b) Primary energy consumption,,Mecklenburg Western Pomerania,code13,101.928
2011,2008 = 100,b) Primary energy consumption,,Mecklenburg Western Pomerania,code13,98.294
2012,2008 = 100,b) Primary energy consumption,,Mecklenburg Western Pomerania,code13,103.934
2013,2008 = 100,b) Primary energy consumption,,Mecklenburg Western Pomerania,code13,104.584
2014,2008 = 100,b) Primary energy consumption,,Mecklenburg Western Pomerania,code13,104.247
2015,2008 = 100,b) Primary energy consumption,,Mecklenburg Western Pomerania,code13,102.135
2016,2008 = 100,b) Primary energy consumption,,Mecklenburg Western Pomerania,code13,106.068
2017,2008 = 100,b) Primary energy consumption,,Mecklenburg Western Pomerania,code13,93.209
2018,2008 = 100,b) Primary energy consumption,,Mecklenburg Western Pomerania,code13,91.066
2019,2008 = 100,b) Primary energy consumption,,Mecklenburg Western Pomerania,code13,90.088
2020,2008 = 100,b) Primary energy consumption,r,Mecklenburg Western Pomerania,code13,85.337
2021,2008 = 100,b) Primary energy consumption,,Mecklenburg Western Pomerania,code13,90.234
2022,2008 = 100,b) Primary energy consumption,,Mecklenburg Western Pomerania,code13,87.381
2023,2008 = 100,b) Primary energy consumption,…,Mecklenburg Western Pomerania,code13,
2024,2008 = 100,b) Primary energy consumption,…,Mecklenburg Western Pomerania,code13,
2025,2008 = 100,b) Primary energy consumption,…,Mecklenburg Western Pomerania,code13,
2030,2008 = 100,b) Primary energy consumption,…,Mecklenburg Western Pomerania,code13,
2008,2008 = 100,b) Primary energy consumption,,Lower Saxony,code03,100.0
2009,2008 = 100,b) Primary energy consumption,,Lower Saxony,code03,97.643
2010,2008 = 100,b) Primary energy consumption,,Lower Saxony,code03,100.68
2011,2008 = 100,b) Primary energy consumption,,Lower Saxony,code03,91.887
2012,2008 = 100,b) Primary energy consumption,,Lower Saxony,code03,90.817
2013,2008 = 100,b) Primary energy consumption,,Lower Saxony,code03,91.163
2014,2008 = 100,b) Primary energy consumption,,Lower Saxony,code03,90.386
2015,2008 = 100,b) Primary energy consumption,,Lower Saxony,code03,89.769
2016,2008 = 100,b) Primary energy consumption,,Lower Saxony,code03,89.541
2017,2008 = 100,b) Primary energy consumption,,Lower Saxony,code03,90.113
2018,2008 = 100,b) Primary energy consumption,,Lower Saxony,code03,91.145
2019,2008 = 100,b) Primary energy consumption,,Lower Saxony,code03,88.895
2020,2008 = 100,b) Primary energy consumption,,Lower Saxony,code03,85.99
2021,2008 = 100,b) Primary energy consumption,,Lower Saxony,code03,88.226
2022,2008 = 100,b) Primary energy consumption,,Lower Saxony,code03,80.033
2023,2008 = 100,b) Primary energy consumption,,Lower Saxony,code03,69.925
2024,2008 = 100,b) Primary energy consumption,p,Lower Saxony,code03,69.334
2025,2008 = 100,b) Primary energy consumption,…,Lower Saxony,code03,
2030,2008 = 100,b) Primary energy consumption,…,Lower Saxony,code03,
2008,2008 = 100,b) Primary energy consumption,,North Rhine-Westphalia,code05,100.0
2009,2008 = 100,b) Primary energy consumption,,North Rhine-Westphalia,code05,100.704
2010,2008 = 100,b) Primary energy consumption,,North Rhine-Westphalia,code05,105.724
2011,2008 = 100,b) Primary energy consumption,,North Rhine-Westphalia,code05,101.909
2012,2008 = 100,b) Primary energy consumption,,North Rhine-Westphalia,code05,100.616
2013,2008 = 100,b) Primary energy consumption,,North Rhine-Westphalia,code05,100.5
2014,2008 = 100,b) Primary energy consumption,,North Rhine-Westphalia,code05,102.51
2015,2008 = 100,b) Primary energy consumption,,North Rhine-Westphalia,code05,101.619
2016,2008 = 100,b) Primary energy consumption,,North Rhine-Westphalia,code05,96.716
2017,2008 = 100,b) Primary energy consumption,,North Rhine-Westphalia,code05,94.961
2018,2008 = 100,b) Primary energy consumption,,North Rhine-Westphalia,code05,89.343
2019,2008 = 100,b) Primary energy consumption,,North Rhine-Westphalia,code05,86.35
2020,2008 = 100,b) Primary energy consumption,,North Rhine-Westphalia,code05,80.755
2021,2008 = 100,b) Primary energy consumption,,North Rhine-Westphalia,code05,84.715
2022,2008 = 100,b) Primary energy consumption,r,North Rhine-Westphalia,code05,74.425
2023,2008 = 100,b) Primary energy consumption,,North Rhine-Westphalia,code05,66.783
2024,2008 = 100,b) Primary energy consumption,…,North Rhine-Westphalia,code05,
2025,2008 = 100,b) Primary energy consumption,…,North Rhine-Westphalia,code05,
2030,2008 = 100,b) Primary energy consumption,…,North Rhine-Westphalia,code05,
2008,2008 = 100,b) Primary energy consumption,,Rhineland Palatinate,code07,100.0
2009,2008 = 100,b) Primary energy consumption,,Rhineland Palatinate,code07,92.731
2010,2008 = 100,b) Primary energy consumption,,Rhineland Palatinate,code07,100.233
2011,2008 = 100,b) Primary energy consumption,,Rhineland Palatinate,code07,94.419
2012,2008 = 100,b) Primary energy consumption,,Rhineland Palatinate,code07,94.407
2013,2008 = 100,b) Primary energy consumption,,Rhineland Palatinate,code07,97.913
2014,2008 = 100,b) Primary energy consumption,,Rhineland Palatinate,code07,92.571
2015,2008 = 100,b) Primary energy consumption,,Rhineland Palatinate,code07,95.058
2016,2008 = 100,b) Primary energy consumption,r,Rhineland Palatinate,code07,96.228
2017,2008 = 100,b) Primary energy consumption,,Rhineland Palatinate,code07,98.291
2018,2008 = 100,b) Primary energy consumption,r,Rhineland Palatinate,code07,95.325
2019,2008 = 100,b) Primary energy consumption,r,Rhineland Palatinate,code07,95.737
2020,2008 = 100,b) Primary energy consumption,r,Rhineland Palatinate,code07,94.821
2021,2008 = 100,b) Primary energy consumption,r,Rhineland Palatinate,code07,96.931
2022,2008 = 100,b) Primary energy consumption,r,Rhineland Palatinate,code07,88.955
2023,2008 = 100,b) Primary energy consumption,,Rhineland Palatinate,code07,81.285
2024,2008 = 100,b) Primary energy consumption,,Rhineland Palatinate,code07,83.95
2025,2008 = 100,b) Primary energy consumption,…,Rhineland Palatinate,code07,
2030,2008 = 100,b) Primary energy consumption,…,Rhineland Palatinate,code07,
2008,2008 = 100,b) Primary energy consumption,,Saarland,code10,100.0
2009,2008 = 100,b) Primary energy consumption,,Saarland,code10,82.887
2010,2008 = 100,b) Primary energy consumption,,Saarland,code10,87.405
2011,2008 = 100,b) Primary energy consumption,,Saarland,code10,91.686
2012,2008 = 100,b) Primary energy consumption,,Saarland,code10,94.808
2013,2008 = 100,b) Primary energy consumption,,Saarland,code10,99.296
2014,2008 = 100,b) Primary energy consumption,,Saarland,code10,90.754
2015,2008 = 100,b) Primary energy consumption,,Saarland,code10,87.673
2016,2008 = 100,b) Primary energy consumption,,Saarland,code10,75.333
2017,2008 = 100,b) Primary energy consumption,.,Saarland,code10,
2018,2008 = 100,b) Primary energy consumption,.,Saarland,code10,
2019,2008 = 100,b) Primary energy consumption,,Saarland,code10,66.313
2020,2008 = 100,b) Primary energy consumption,,Saarland,code10,61.963
2021,2008 = 100,b) Primary energy consumption,,Saarland,code10,70.112
2022,2008 = 100,b) Primary energy consumption,,Saarland,code10,66.506
2023,2008 = 100,b) Primary energy consumption,,Saarland,code10,61.69
2024,2008 = 100,b) Primary energy consumption,…,Saarland,code10,
2025,2008 = 100,b) Primary energy consumption,…,Saarland,code10,
2030,2008 = 100,b) Primary energy consumption,…,Saarland,code10,
2008,2008 = 100,b) Primary energy consumption,,Saxony,code14,100.0
2009,2008 = 100,b) Primary energy consumption,,Saxony,code14,99.49
2010,2008 = 100,b) Primary energy consumption,,Saxony,code14,100.91
2011,2008 = 100,b) Primary energy consumption,,Saxony,code14,96.639
2012,2008 = 100,b) Primary energy consumption,,Saxony,code14,98.588
2013,2008 = 100,b) Primary energy consumption,,Saxony,code14,101.703
2014,2008 = 100,b) Primary energy consumption,,Saxony,code14,99.777
2015,2008 = 100,b) Primary energy consumption,,Saxony,code14,98.133
2016,2008 = 100,b) Primary energy consumption,,Saxony,code14,100.672
2017,2008 = 100,b) Primary energy consumption,,Saxony,code14,104.139
2018,2008 = 100,b) Primary energy consumption,,Saxony,code14,102.596
2019,2008 = 100,b) Primary energy consumption,,Saxony,code14,95.335
2020,2008 = 100,b) Primary energy consumption,,Saxony,code14,95.226
2021,2008 = 100,b) Primary energy consumption,r,Saxony,code14,102.78
2022,2008 = 100,b) Primary energy consumption,,Saxony,code14,102.78
2023,2008 = 100,b) Primary energy consumption,,Saxony,code14,89.315
2024,2008 = 100,b) Primary energy consumption,p,Saxony,code14,86.256
2025,2008 = 100,b) Primary energy consumption,…,Saxony,code14,
2030,2008 = 100,b) Primary energy consumption,…,Saxony,code14,
2008,2008 = 100,b) Primary energy consumption,,Saxony-Anhalt,code15,100.0
2009,2008 = 100,b) Primary energy consumption,,Saxony-Anhalt,code15,98.851
2010,2008 = 100,b) Primary energy consumption,,Saxony-Anhalt,code15,103.631
2011,2008 = 100,b) Primary energy consumption,,Saxony-Anhalt,code15,102.352
2012,2008 = 100,b) Primary energy consumption,,Saxony-Anhalt,code15,102.569
2013,2008 = 100,b) Primary energy consumption,,Saxony-Anhalt,code15,102.048
2014,2008 = 100,b) Primary energy consumption,,Saxony-Anhalt,code15,96.845
2015,2008 = 100,b) Primary energy consumption,,Saxony-Anhalt,code15,99.618
2016,2008 = 100,b) Primary energy consumption,,Saxony-Anhalt,code15,102.622
2017,2008 = 100,b) Primary energy consumption,,Saxony-Anhalt,code15,99.202
2018,2008 = 100,b) Primary energy consumption,,Saxony-Anhalt,code15,107.659
2019,2008 = 100,b) Primary energy consumption,,Saxony-Anhalt,code15,102.093
2020,2008 = 100,b) Primary energy consumption,,Saxony-Anhalt,code15,98.19
2021,2008 = 100,b) Primary energy consumption,,Saxony-Anhalt,code15,97.834
2022,2008 = 100,b) Primary energy consumption,,Saxony-Anhalt,code15,95.392
2023,2008 = 100,b) Primary energy consumption,,Saxony-Anhalt,code15,83.094
2024,2008 = 100,b) Primary energy consumption,…,Saxony-Anhalt,code15,
2025,2008 = 100,b) Primary energy consumption,…,Saxony-Anhalt,code15,
2030,2008 = 100,b) Primary energy consumption,…,Saxony-Anhalt,code15,
2008,2008 = 100,b) Primary energy consumption,,Schleswig-Holstein,code01,100.0
2009,2008 = 100,b) Primary energy consumption,,Schleswig-Holstein,code01,97.202
2010,2008 = 100,b) Primary energy consumption,,Schleswig-Holstein,code01,102.207
2011,2008 = 100,b) Primary energy consumption,,Schleswig-Holstein,code01,96.777
2012,2008 = 100,b) Primary energy consumption,,Schleswig-Holstein,code01,100.747
2013,2008 = 100,b) Primary energy consumption,,Schleswig-Holstein,code01,104.502
2014,2008 = 100,b) Primary energy consumption,,Schleswig-Holstein,code01,99.912
2015,2008 = 100,b) Primary energy consumption,,Schleswig-Holstein,code01,97.266
2016,2008 = 100,b) Primary energy consumption,,Schleswig-Holstein,code01,99.076
2017,2008 = 100,b) Primary energy consumption,,Schleswig-Holstein,code01,89.056
2018,2008 = 100,b) Primary energy consumption,,Schleswig-Holstein,code01,97.759
2019,2008 = 100,b) Primary energy consumption,,Schleswig-Holstein,code01,93.429
2020,2008 = 100,b) Primary energy consumption,,Schleswig-Holstein,code01,95.03
2021,2008 = 100,b) Primary energy consumption,,Schleswig-Holstein,code01,97.561
2022,2008 = 100,b) Primary energy consumption,,Schleswig-Holstein,code01,73.502
2023,2008 = 100,b) Primary energy consumption,,Schleswig-Holstein,code01,70.479
2024,2008 = 100,b) Primary energy consumption,p,Schleswig-Holstein,code01,68.51
2025,2008 = 100,b) Primary energy consumption,…,Schleswig-Holstein,code01,
2030,2008 = 100,b) Primary energy consumption,…,Schleswig-Holstein,code01,
2008,2008 = 100,b) Primary energy consumption,,Thuringia,code16,100.0
2009,2008 = 100,b) Primary energy consumption,,Thuringia,code16,96.12
2010,2008 = 100,b) Primary energy consumption,,Thuringia,code16,100.038
2011,2008 = 100,b) Primary energy consumption,,Thuringia,code16,95.191
2012,2008 = 100,b) Primary energy consumption,,Thuringia,code16,96.752
2013,2008 = 100,b) Primary energy consumption,,Thuringia,code16,98.68
2014,2008 = 100,b) Primary energy consumption,,Thuringia,code16,92.918
2015,2008 = 100,b) Primary energy consumption,,Thuringia,code16,93.123
2016,2008 = 100,b) Primary energy consumption,,Thuringia,code16,95.696
2017,2008 = 100,b) Primary energy consumption,,Thuringia,code16,96.491
2018,2008 = 100,b) Primary energy consumption,,Thuringia,code16,95.144
2019,2008 = 100,b) Primary energy consumption,,Thuringia,code16,93.269
2020,2008 = 100,b) Primary energy consumption,,Thuringia,code16,91.506
2021,2008 = 100,b) Primary energy consumption,,Thuringia,code16,94.056
2022,2008 = 100,b) Primary energy consumption,,Thuringia,code16,92.336
2023,2008 = 100,b) Primary energy consumption,,Thuringia,code16,88.127
2024,2008 = 100,b) Primary energy consumption,…,Thuringia,code16,
2025,2008 = 100,b) Primary energy consumption,…,Thuringia,code16,
2030,2008 = 100,b) Primary energy consumption,…,Thuringia,code16,
