Year,Units,Series,COMMENT_OBS_0,länder,GeoCode,Value
2005,number,<u>time series of the indicator:</u> locations of organisation registered with emas,,,,1958.0
2006,number,<u>time series of the indicator:</u> locations of organisation registered with emas,,,,1985.0
2007,number,<u>time series of the indicator:</u> locations of organisation registered with emas,,,,1956.0
2008,number,<u>time series of the indicator:</u> locations of organisation registered with emas,,,,1917.0
2009,number,<u>time series of the indicator:</u> locations of organisation registered with emas,,,,1906.0
2010,number,<u>time series of the indicator:</u> locations of organisation registered with emas,,,,1913.0
2011,number,<u>time series of the indicator:</u> locations of organisation registered with emas,,,,1909.0
2012,number,<u>time series of the indicator:</u> locations of organisation registered with emas,,,,1828.0
2013,number,<u>time series of the indicator:</u> locations of organisation registered with emas,,,,1862.0
2014,number,<u>time series of the indicator:</u> locations of organisation registered with emas,,,,1906.0
2015,number,<u>time series of the indicator:</u> locations of organisation registered with emas,,,,2004.0
2016,number,<u>time series of the indicator:</u> locations of organisation registered with emas,,,,2073.0
2017,number,<u>time series of the indicator:</u> locations of organisation registered with emas,,,,2182.0
2018,number,<u>time series of the indicator:</u> locations of organisation registered with emas,,,,2167.0
2019,number,<u>time series of the indicator:</u> locations of organisation registered with emas,,,,2176.0
2020,number,<u>time series of the indicator:</u> locations of organisation registered with emas,,,,2184.0
2021,number,<u>time series of the indicator:</u> locations of organisation registered with emas,,,,2290.0
2022,number,<u>time series of the indicator:</u> locations of organisation registered with emas,,,,2361.0
2023,number,<u>time series of the indicator:</u> locations of organisation registered with emas,,,,2455.0
2024,number,<u>time series of the indicator:</u> locations of organisation registered with emas,p,,,4533.0
2030,number,<u>time series of the indicator:</u> locations of organisation registered with emas,…,,,
2005,number,<u>time series of the indicator:</u> locations of organisation registered with emas,.,baden-wuerttemberg,code08,
2006,number,<u>time series of the indicator:</u> locations of organisation registered with emas,.,baden-wuerttemberg,code08,
2007,number,<u>time series of the indicator:</u> locations of organisation registered with emas,.,baden-wuerttemberg,code08,
2008,number,<u>time series of the indicator:</u> locations of organisation registered with emas,.,baden-wuerttemberg,code08,
2009,number,<u>time series of the indicator:</u> locations of organisation registered with emas,.,baden-wuerttemberg,code08,
2010,number,<u>time series of the indicator:</u> locations of organisation registered with emas,,baden-wuerttemberg,code08,493.0
2011,number,<u>time series of the indicator:</u> locations of organisation registered with emas,,baden-wuerttemberg,code08,498.0
2012,number,<u>time series of the indicator:</u> locations of organisation registered with emas,,baden-wuerttemberg,code08,508.0
2013,number,<u>time series of the indicator:</u> locations of organisation registered with emas,,baden-wuerttemberg,code08,522.0
2014,number,<u>time series of the indicator:</u> locations of organisation registered with emas,,baden-wuerttemberg,code08,538.0
2015,number,<u>time series of the indicator:</u> locations of organisation registered with emas,,baden-wuerttemberg,code08,578.0
2016,number,<u>time series of the indicator:</u> locations of organisation registered with emas,,baden-wuerttemberg,code08,582.0
2017,number,<u>time series of the indicator:</u> locations of organisation registered with emas,,baden-wuerttemberg,code08,574.0
2018,number,<u>time series of the indicator:</u> locations of organisation registered with emas,,baden-wuerttemberg,code08,591.0
2019,number,<u>time series of the indicator:</u> locations of organisation registered with emas,,baden-wuerttemberg,code08,594.0
2020,number,<u>time series of the indicator:</u> locations of organisation registered with emas,,baden-wuerttemberg,code08,597.0
2021,number,<u>time series of the indicator:</u> locations of organisation registered with emas,,baden-wuerttemberg,code08,652.0
2022,number,<u>time series of the indicator:</u> locations of organisation registered with emas,,baden-wuerttemberg,code08,655.0
2023,number,<u>time series of the indicator:</u> locations of organisation registered with emas,,baden-wuerttemberg,code08,767.0
2024,number,<u>time series of the indicator:</u> locations of organisation registered with emas,,baden-wuerttemberg,code08,1239.0
2030,number,<u>time series of the indicator:</u> locations of organisation registered with emas,…,baden-wuerttemberg,code08,
2005,number,<u>time series of the indicator:</u> locations of organisation registered with emas,.,bavaria,code09,
2006,number,<u>time series of the indicator:</u> locations of organisation registered with emas,.,bavaria,code09,
2007,number,<u>time series of the indicator:</u> locations of organisation registered with emas,.,bavaria,code09,
2008,number,<u>time series of the indicator:</u> locations of organisation registered with emas,.,bavaria,code09,
2009,number,<u>time series of the indicator:</u> locations of organisation registered with emas,.,bavaria,code09,
2010,number,<u>time series of the indicator:</u> locations of organisation registered with emas,,bavaria,code09,385.0
2011,number,<u>time series of the indicator:</u> locations of organisation registered with emas,,bavaria,code09,391.0
2012,number,<u>time series of the indicator:</u> locations of organisation registered with emas,,bavaria,code09,388.0
2013,number,<u>time series of the indicator:</u> locations of organisation registered with emas,,bavaria,code09,391.0
2014,number,<u>time series of the indicator:</u> locations of organisation registered with emas,,bavaria,code09,421.0
2015,number,<u>time series of the indicator:</u> locations of organisation registered with emas,,bavaria,code09,466.0
2016,number,<u>time series of the indicator:</u> locations of organisation registered with emas,,bavaria,code09,475.0
2017,number,<u>time series of the indicator:</u> locations of organisation registered with emas,,bavaria,code09,524.0
2018,number,<u>time series of the indicator:</u> locations of organisation registered with emas,,bavaria,code09,502.0
2019,number,<u>time series of the indicator:</u> locations of organisation registered with emas,,bavaria,code09,478.0
2020,number,<u>time series of the indicator:</u> locations of organisation registered with emas,,bavaria,code09,502.0
2021,number,<u>time series of the indicator:</u> locations of organisation registered with emas,,bavaria,code09,535.0
2022,number,<u>time series of the indicator:</u> locations of organisation registered with emas,,bavaria,code09,559.0
2023,number,<u>time series of the indicator:</u> locations of organisation registered with emas,,bavaria,code09,568.0
2024,number,<u>time series of the indicator:</u> locations of organisation registered with emas,,bavaria,code09,1108.0
2030,number,<u>time series of the indicator:</u> locations of organisation registered with emas,…,bavaria,code09,
2005,number,<u>time series of the indicator:</u> locations of organisation registered with emas,.,berlin,code11,
2006,number,<u>time series of the indicator:</u> locations of organisation registered with emas,.,berlin,code11,
2007,number,<u>time series of the indicator:</u> locations of organisation registered with emas,.,berlin,code11,
2008,number,<u>time series of the indicator:</u> locations of organisation registered with emas,.,berlin,code11,
2009,number,<u>time series of the indicator:</u> locations of organisation registered with emas,.,berlin,code11,
2010,number,<u>time series of the indicator:</u> locations of organisation registered with emas,,berlin,code11,53.0
2011,number,<u>time series of the indicator:</u> locations of organisation registered with emas,,berlin,code11,53.0
2012,number,<u>time series of the indicator:</u> locations of organisation registered with emas,,berlin,code11,48.0
2013,number,<u>time series of the indicator:</u> locations of organisation registered with emas,,berlin,code11,56.0
2014,number,<u>time series of the indicator:</u> locations of organisation registered with emas,,berlin,code11,50.0
2015,number,<u>time series of the indicator:</u> locations of organisation registered with emas,,berlin,code11,52.0
2016,number,<u>time series of the indicator:</u> locations of organisation registered with emas,,berlin,code11,57.0
2017,number,<u>time series of the indicator:</u> locations of organisation registered with emas,,berlin,code11,61.0
2018,number,<u>time series of the indicator:</u> locations of organisation registered with emas,,berlin,code11,63.0
2019,number,<u>time series of the indicator:</u> locations of organisation registered with emas,,berlin,code11,65.0
2020,number,<u>time series of the indicator:</u> locations of organisation registered with emas,,berlin,code11,68.0
2021,number,<u>time series of the indicator:</u> locations of organisation registered with emas,,berlin,code11,71.0
2022,number,<u>time series of the indicator:</u> locations of organisation registered with emas,,berlin,code11,78.0
2023,number,<u>time series of the indicator:</u> locations of organisation registered with emas,,berlin,code11,79.0
2024,number,<u>time series of the indicator:</u> locations of organisation registered with emas,,berlin,code11,99.0
2030,number,<u>time series of the indicator:</u> locations of organisation registered with emas,…,berlin,code11,
2005,number,<u>time series of the indicator:</u> locations of organisation registered with emas,.,brandenburg,code12,
2006,number,<u>time series of the indicator:</u> locations of organisation registered with emas,.,brandenburg,code12,
2007,number,<u>time series of the indicator:</u> locations of organisation registered with emas,.,brandenburg,code12,
2008,number,<u>time series of the indicator:</u> locations of organisation registered with emas,.,brandenburg,code12,
2009,number,<u>time series of the indicator:</u> locations of organisation registered with emas,.,brandenburg,code12,
2010,number,<u>time series of the indicator:</u> locations of organisation registered with emas,,brandenburg,code12,52.0
2011,number,<u>time series of the indicator:</u> locations of organisation registered with emas,,brandenburg,code12,47.0
2012,number,<u>time series of the indicator:</u> locations of organisation registered with emas,,brandenburg,code12,36.0
2013,number,<u>time series of the indicator:</u> locations of organisation registered with emas,,brandenburg,code12,40.0
2014,number,<u>time series of the indicator:</u> locations of organisation registered with emas,,brandenburg,code12,39.0
2015,number,<u>time series of the indicator:</u> locations of organisation registered with emas,,brandenburg,code12,39.0
2016,number,<u>time series of the indicator:</u> locations of organisation registered with emas,,brandenburg,code12,47.0
2017,number,<u>time series of the indicator:</u> locations of organisation registered with emas,,brandenburg,code12,60.0
2018,number,<u>time series of the indicator:</u> locations of organisation registered with emas,,brandenburg,code12,61.0
2019,number,<u>time series of the indicator:</u> locations of organisation registered with emas,,brandenburg,code12,64.0
2020,number,<u>time series of the indicator:</u> locations of organisation registered with emas,,brandenburg,code12,64.0
2021,number,<u>time series of the indicator:</u> locations of organisation registered with emas,,brandenburg,code12,66.0
2022,number,<u>time series of the indicator:</u> locations of organisation registered with emas,,brandenburg,code12,67.0
2023,number,<u>time series of the indicator:</u> locations of organisation registered with emas,,brandenburg,code12,62.0
2024,number,<u>time series of the indicator:</u> locations of organisation registered with emas,,brandenburg,code12,63.0
2030,number,<u>time series of the indicator:</u> locations of organisation registered with emas,…,brandenburg,code12,
2005,number,<u>time series of the indicator:</u> locations of organisation registered with emas,.,bremen,code04,
2006,number,<u>time series of the indicator:</u> locations of organisation registered with emas,.,bremen,code04,
2007,number,<u>time series of the indicator:</u> locations of organisation registered with emas,.,bremen,code04,
2008,number,<u>time series of the indicator:</u> locations of organisation registered with emas,.,bremen,code04,
2009,number,<u>time series of the indicator:</u> locations of organisation registered with emas,.,bremen,code04,
2010,number,<u>time series of the indicator:</u> locations of organisation registered with emas,,bremen,code04,26.0
2011,number,<u>time series of the indicator:</u> locations of organisation registered with emas,,bremen,code04,26.0
2012,number,<u>time series of the indicator:</u> locations of organisation registered with emas,,bremen,code04,28.0
2013,number,<u>time series of the indicator:</u> locations of organisation registered with emas,,bremen,code04,29.0
2014,number,<u>time series of the indicator:</u> locations of organisation registered with emas,,bremen,code04,28.0
2015,number,<u>time series of the indicator:</u> locations of organisation registered with emas,,bremen,code04,30.0
2016,number,<u>time series of the indicator:</u> locations of organisation registered with emas,,bremen,code04,29.0
2017,number,<u>time series of the indicator:</u> locations of organisation registered with emas,,bremen,code04,30.0
2018,number,<u>time series of the indicator:</u> locations of organisation registered with emas,,bremen,code04,31.0
2019,number,<u>time series of the indicator:</u> locations of organisation registered with emas,,bremen,code04,31.0
2020,number,<u>time series of the indicator:</u> locations of organisation registered with emas,,bremen,code04,30.0
2021,number,<u>time series of the indicator:</u> locations of organisation registered with emas,,bremen,code04,27.0
2022,number,<u>time series of the indicator:</u> locations of organisation registered with emas,,bremen,code04,28.0
2023,number,<u>time series of the indicator:</u> locations of organisation registered with emas,,bremen,code04,44.0
2024,number,<u>time series of the indicator:</u> locations of organisation registered with emas,,bremen,code04,45.0
2030,number,<u>time series of the indicator:</u> locations of organisation registered with emas,…,bremen,code04,
2005,number,<u>time series of the indicator:</u> locations of organisation registered with emas,.,hamburg,code02,
2006,number,<u>time series of the indicator:</u> locations of organisation registered with emas,.,hamburg,code02,
2007,number,<u>time series of the indicator:</u> locations of organisation registered with emas,.,hamburg,code02,
2008,number,<u>time series of the indicator:</u> locations of organisation registered with emas,.,hamburg,code02,
2009,number,<u>time series of the indicator:</u> locations of organisation registered with emas,.,hamburg,code02,
2010,number,<u>time series of the indicator:</u> locations of organisation registered with emas,,hamburg,code02,37.0
2011,number,<u>time series of the indicator:</u> locations of organisation registered with emas,,hamburg,code02,36.0
2012,number,<u>time series of the indicator:</u> locations of organisation registered with emas,,hamburg,code02,33.0
2013,number,<u>time series of the indicator:</u> locations of organisation registered with emas,,hamburg,code02,34.0
2014,number,<u>time series of the indicator:</u> locations of organisation registered with emas,,hamburg,code02,38.0
2015,number,<u>time series of the indicator:</u> locations of organisation registered with emas,,hamburg,code02,37.0
2016,number,<u>time series of the indicator:</u> locations of organisation registered with emas,,hamburg,code02,37.0
2017,number,<u>time series of the indicator:</u> locations of organisation registered with emas,,hamburg,code02,51.0
2018,number,<u>time series of the indicator:</u> locations of organisation registered with emas,,hamburg,code02,58.0
2019,number,<u>time series of the indicator:</u> locations of organisation registered with emas,,hamburg,code02,58.0
2020,number,<u>time series of the indicator:</u> locations of organisation registered with emas,,hamburg,code02,59.0
2021,number,<u>time series of the indicator:</u> locations of organisation registered with emas,,hamburg,code02,62.0
2022,number,<u>time series of the indicator:</u> locations of organisation registered with emas,,hamburg,code02,64.0
2023,number,<u>time series of the indicator:</u> locations of organisation registered with emas,,hamburg,code02,67.0
2024,number,<u>time series of the indicator:</u> locations of organisation registered with emas,,hamburg,code02,67.0
2030,number,<u>time series of the indicator:</u> locations of organisation registered with emas,…,hamburg,code02,
2005,number,<u>time series of the indicator:</u> locations of organisation registered with emas,.,hesse,code06,
2006,number,<u>time series of the indicator:</u> locations of organisation registered with emas,.,hesse,code06,
2007,number,<u>time series of the indicator:</u> locations of organisation registered with emas,.,hesse,code06,
2008,number,<u>time series of the indicator:</u> locations of organisation registered with emas,.,hesse,code06,
2009,number,<u>time series of the indicator:</u> locations of organisation registered with emas,.,hesse,code06,
2010,number,<u>time series of the indicator:</u> locations of organisation registered with emas,,hesse,code06,138.0
2011,number,<u>time series of the indicator:</u> locations of organisation registered with emas,,hesse,code06,139.0
2012,number,<u>time series of the indicator:</u> locations of organisation registered with emas,,hesse,code06,140.0
2013,number,<u>time series of the indicator:</u> locations of organisation registered with emas,,hesse,code06,132.0
2014,number,<u>time series of the indicator:</u> locations of organisation registered with emas,,hesse,code06,134.0
2015,number,<u>time series of the indicator:</u> locations of organisation registered with emas,,hesse,code06,144.0
2016,number,<u>time series of the indicator:</u> locations of organisation registered with emas,,hesse,code06,159.0
2017,number,<u>time series of the indicator:</u> locations of organisation registered with emas,,hesse,code06,159.0
2018,number,<u>time series of the indicator:</u> locations of organisation registered with emas,,hesse,code06,142.0
2019,number,<u>time series of the indicator:</u> locations of organisation registered with emas,,hesse,code06,126.0
2020,number,<u>time series of the indicator:</u> locations of organisation registered with emas,,hesse,code06,132.0
2021,number,<u>time series of the indicator:</u> locations of organisation registered with emas,,hesse,code06,148.0
2022,number,<u>time series of the indicator:</u> locations of organisation registered with emas,,hesse,code06,145.0
2023,number,<u>time series of the indicator:</u> locations of organisation registered with emas,,hesse,code06,146.0
2024,number,<u>time series of the indicator:</u> locations of organisation registered with emas,,hesse,code06,361.0
2030,number,<u>time series of the indicator:</u> locations of organisation registered with emas,…,hesse,code06,
2005,number,<u>time series of the indicator:</u> locations of organisation registered with emas,.,mecklenburg western pomerania,code13,
2006,number,<u>time series of the indicator:</u> locations of organisation registered with emas,.,mecklenburg western pomerania,code13,
2007,number,<u>time series of the indicator:</u> locations of organisation registered with emas,.,mecklenburg western pomerania,code13,
2008,number,<u>time series of the indicator:</u> locations of organisation registered with emas,.,mecklenburg western pomerania,code13,
2009,number,<u>time series of the indicator:</u> locations of organisation registered with emas,.,mecklenburg western pomerania,code13,
2010,number,<u>time series of the indicator:</u> locations of organisation registered with emas,,mecklenburg western pomerania,code13,10.0
2011,number,<u>time series of the indicator:</u> locations of organisation registered with emas,,mecklenburg western pomerania,code13,10.0
2012,number,<u>time series of the indicator:</u> locations of organisation registered with emas,,mecklenburg western pomerania,code13,10.0
2013,number,<u>time series of the indicator:</u> locations of organisation registered with emas,,mecklenburg western pomerania,code13,10.0
2014,number,<u>time series of the indicator:</u> locations of organisation registered with emas,,mecklenburg western pomerania,code13,10.0
2015,number,<u>time series of the indicator:</u> locations of organisation registered with emas,,mecklenburg western pomerania,code13,7.0
2016,number,<u>time series of the indicator:</u> locations of organisation registered with emas,,mecklenburg western pomerania,code13,8.0
2017,number,<u>time series of the indicator:</u> locations of organisation registered with emas,,mecklenburg western pomerania,code13,8.0
2018,number,<u>time series of the indicator:</u> locations of organisation registered with emas,,mecklenburg western pomerania,code13,6.0
2019,number,<u>time series of the indicator:</u> locations of organisation registered with emas,,mecklenburg western pomerania,code13,3.0
2020,number,<u>time series of the indicator:</u> locations of organisation registered with emas,,mecklenburg western pomerania,code13,3.0
2021,number,<u>time series of the indicator:</u> locations of organisation registered with emas,,mecklenburg western pomerania,code13,2.0
2022,number,<u>time series of the indicator:</u> locations of organisation registered with emas,,mecklenburg western pomerania,code13,2.0
2023,number,<u>time series of the indicator:</u> locations of organisation registered with emas,,mecklenburg western pomerania,code13,4.0
2024,number,<u>time series of the indicator:</u> locations of organisation registered with emas,,mecklenburg western pomerania,code13,7.0
2030,number,<u>time series of the indicator:</u> locations of organisation registered with emas,…,mecklenburg western pomerania,code13,
2005,number,<u>time series of the indicator:</u> locations of organisation registered with emas,.,lower saxony,code03,
2006,number,<u>time series of the indicator:</u> locations of organisation registered with emas,.,lower saxony,code03,
2007,number,<u>time series of the indicator:</u> locations of organisation registered with emas,.,lower saxony,code03,
2008,number,<u>time series of the indicator:</u> locations of organisation registered with emas,.,lower saxony,code03,
2009,number,<u>time series of the indicator:</u> locations of organisation registered with emas,.,lower saxony,code03,
2010,number,<u>time series of the indicator:</u> locations of organisation registered with emas,,lower saxony,code03,91.0
2011,number,<u>time series of the indicator:</u> locations of organisation registered with emas,,lower saxony,code03,95.0
2012,number,<u>time series of the indicator:</u> locations of organisation registered with emas,,lower saxony,code03,82.0
2013,number,<u>time series of the indicator:</u> locations of organisation registered with emas,,lower saxony,code03,82.0
2014,number,<u>time series of the indicator:</u> locations of organisation registered with emas,,lower saxony,code03,84.0
2015,number,<u>time series of the indicator:</u> locations of organisation registered with emas,,lower saxony,code03,85.0
2016,number,<u>time series of the indicator:</u> locations of organisation registered with emas,,lower saxony,code03,80.0
2017,number,<u>time series of the indicator:</u> locations of organisation registered with emas,,lower saxony,code03,93.0
2018,number,<u>time series of the indicator:</u> locations of organisation registered with emas,,lower saxony,code03,88.0
2019,number,<u>time series of the indicator:</u> locations of organisation registered with emas,,lower saxony,code03,87.0
2020,number,<u>time series of the indicator:</u> locations of organisation registered with emas,,lower saxony,code03,85.0
2021,number,<u>time series of the indicator:</u> locations of organisation registered with emas,,lower saxony,code03,89.0
2022,number,<u>time series of the indicator:</u> locations of organisation registered with emas,,lower saxony,code03,90.0
2023,number,<u>time series of the indicator:</u> locations of organisation registered with emas,,lower saxony,code03,82.0
2024,number,<u>time series of the indicator:</u> locations of organisation registered with emas,,lower saxony,code03,84.0
2030,number,<u>time series of the indicator:</u> locations of organisation registered with emas,…,lower saxony,code03,
2005,number,<u>time series of the indicator:</u> locations of organisation registered with emas,.,north rhine-westphalia,code05,
2006,number,<u>time series of the indicator:</u> locations of organisation registered with emas,.,north rhine-westphalia,code05,
2007,number,<u>time series of the indicator:</u> locations of organisation registered with emas,.,north rhine-westphalia,code05,
2008,number,<u>time series of the indicator:</u> locations of organisation registered with emas,.,north rhine-westphalia,code05,
2009,number,<u>time series of the indicator:</u> locations of organisation registered with emas,.,north rhine-westphalia,code05,
2010,number,<u>time series of the indicator:</u> locations of organisation registered with emas,,north rhine-westphalia,code05,262.0
2011,number,<u>time series of the indicator:</u> locations of organisation registered with emas,,north rhine-westphalia,code05,263.0
2012,number,<u>time series of the indicator:</u> locations of organisation registered with emas,,north rhine-westphalia,code05,232.0
2013,number,<u>time series of the indicator:</u> locations of organisation registered with emas,,north rhine-westphalia,code05,231.0
2014,number,<u>time series of the indicator:</u> locations of organisation registered with emas,,north rhine-westphalia,code05,222.0
2015,number,<u>time series of the indicator:</u> locations of organisation registered with emas,,north rhine-westphalia,code05,229.0
2016,number,<u>time series of the indicator:</u> locations of organisation registered with emas,,north rhine-westphalia,code05,236.0
2017,number,<u>time series of the indicator:</u> locations of organisation registered with emas,,north rhine-westphalia,code05,232.0
2018,number,<u>time series of the indicator:</u> locations of organisation registered with emas,,north rhine-westphalia,code05,229.0
2019,number,<u>time series of the indicator:</u> locations of organisation registered with emas,,north rhine-westphalia,code05,236.0
2020,number,<u>time series of the indicator:</u> locations of organisation registered with emas,,north rhine-westphalia,code05,232.0
2021,number,<u>time series of the indicator:</u> locations of organisation registered with emas,,north rhine-westphalia,code05,233.0
2022,number,<u>time series of the indicator:</u> locations of organisation registered with emas,,north rhine-westphalia,code05,255.0
2023,number,<u>time series of the indicator:</u> locations of organisation registered with emas,,north rhine-westphalia,code05,227.0
2024,number,<u>time series of the indicator:</u> locations of organisation registered with emas,,north rhine-westphalia,code05,773.0
2030,number,<u>time series of the indicator:</u> locations of organisation registered with emas,…,north rhine-westphalia,code05,
2005,number,<u>time series of the indicator:</u> locations of organisation registered with emas,.,rhineland palatinate,code07,
2006,number,<u>time series of the indicator:</u> locations of organisation registered with emas,.,rhineland palatinate,code07,
2007,number,<u>time series of the indicator:</u> locations of organisation registered with emas,.,rhineland palatinate,code07,
2008,number,<u>time series of the indicator:</u> locations of organisation registered with emas,.,rhineland palatinate,code07,
2009,number,<u>time series of the indicator:</u> locations of organisation registered with emas,.,rhineland palatinate,code07,
2010,number,<u>time series of the indicator:</u> locations of organisation registered with emas,,rhineland palatinate,code07,53.0
2011,number,<u>time series of the indicator:</u> locations of organisation registered with emas,,rhineland palatinate,code07,48.0
2012,number,<u>time series of the indicator:</u> locations of organisation registered with emas,,rhineland palatinate,code07,49.0
2013,number,<u>time series of the indicator:</u> locations of organisation registered with emas,,rhineland palatinate,code07,53.0
2014,number,<u>time series of the indicator:</u> locations of organisation registered with emas,,rhineland palatinate,code07,51.0
2015,number,<u>time series of the indicator:</u> locations of organisation registered with emas,,rhineland palatinate,code07,45.0
2016,number,<u>time series of the indicator:</u> locations of organisation registered with emas,,rhineland palatinate,code07,51.0
2017,number,<u>time series of the indicator:</u> locations of organisation registered with emas,,rhineland palatinate,code07,53.0
2018,number,<u>time series of the indicator:</u> locations of organisation registered with emas,,rhineland palatinate,code07,54.0
2019,number,<u>time series of the indicator:</u> locations of organisation registered with emas,,rhineland palatinate,code07,66.0
2020,number,<u>time series of the indicator:</u> locations of organisation registered with emas,,rhineland palatinate,code07,50.0
2021,number,<u>time series of the indicator:</u> locations of organisation registered with emas,,rhineland palatinate,code07,49.0
2022,number,<u>time series of the indicator:</u> locations of organisation registered with emas,,rhineland palatinate,code07,55.0
2023,number,<u>time series of the indicator:</u> locations of organisation registered with emas,,rhineland palatinate,code07,54.0
2024,number,<u>time series of the indicator:</u> locations of organisation registered with emas,,rhineland palatinate,code07,271.0
2030,number,<u>time series of the indicator:</u> locations of organisation registered with emas,…,rhineland palatinate,code07,
2005,number,<u>time series of the indicator:</u> locations of organisation registered with emas,.,saarland,code10,
2006,number,<u>time series of the indicator:</u> locations of organisation registered with emas,.,saarland,code10,
2007,number,<u>time series of the indicator:</u> locations of organisation registered with emas,.,saarland,code10,
2008,number,<u>time series of the indicator:</u> locations of organisation registered with emas,.,saarland,code10,
2009,number,<u>time series of the indicator:</u> locations of organisation registered with emas,.,saarland,code10,
2010,number,<u>time series of the indicator:</u> locations of organisation registered with emas,,saarland,code10,60.0
2011,number,<u>time series of the indicator:</u> locations of organisation registered with emas,,saarland,code10,55.0
2012,number,<u>time series of the indicator:</u> locations of organisation registered with emas,,saarland,code10,55.0
2013,number,<u>time series of the indicator:</u> locations of organisation registered with emas,,saarland,code10,57.0
2014,number,<u>time series of the indicator:</u> locations of organisation registered with emas,,saarland,code10,63.0
2015,number,<u>time series of the indicator:</u> locations of organisation registered with emas,,saarland,code10,61.0
2016,number,<u>time series of the indicator:</u> locations of organisation registered with emas,,saarland,code10,62.0
2017,number,<u>time series of the indicator:</u> locations of organisation registered with emas,,saarland,code10,64.0
2018,number,<u>time series of the indicator:</u> locations of organisation registered with emas,,saarland,code10,59.0
2019,number,<u>time series of the indicator:</u> locations of organisation registered with emas,,saarland,code10,59.0
2020,number,<u>time series of the indicator:</u> locations of organisation registered with emas,,saarland,code10,60.0
2021,number,<u>time series of the indicator:</u> locations of organisation registered with emas,,saarland,code10,56.0
2022,number,<u>time series of the indicator:</u> locations of organisation registered with emas,,saarland,code10,54.0
2023,number,<u>time series of the indicator:</u> locations of organisation registered with emas,,saarland,code10,53.0
2024,number,<u>time series of the indicator:</u> locations of organisation registered with emas,,saarland,code10,106.0
2030,number,<u>time series of the indicator:</u> locations of organisation registered with emas,…,saarland,code10,
2005,number,<u>time series of the indicator:</u> locations of organisation registered with emas,.,saxony,code14,
2006,number,<u>time series of the indicator:</u> locations of organisation registered with emas,.,saxony,code14,
2007,number,<u>time series of the indicator:</u> locations of organisation registered with emas,.,saxony,code14,
2008,number,<u>time series of the indicator:</u> locations of organisation registered with emas,.,saxony,code14,
2009,number,<u>time series of the indicator:</u> locations of organisation registered with emas,.,saxony,code14,
2010,number,<u>time series of the indicator:</u> locations of organisation registered with emas,,saxony,code14,63.0
2011,number,<u>time series of the indicator:</u> locations of organisation registered with emas,,saxony,code14,62.0
2012,number,<u>time series of the indicator:</u> locations of organisation registered with emas,,saxony,code14,66.0
2013,number,<u>time series of the indicator:</u> locations of organisation registered with emas,,saxony,code14,63.0
2014,number,<u>time series of the indicator:</u> locations of organisation registered with emas,,saxony,code14,65.0
2015,number,<u>time series of the indicator:</u> locations of organisation registered with emas,,saxony,code14,64.0
2016,number,<u>time series of the indicator:</u> locations of organisation registered with emas,,saxony,code14,74.0
2017,number,<u>time series of the indicator:</u> locations of organisation registered with emas,,saxony,code14,89.0
2018,number,<u>time series of the indicator:</u> locations of organisation registered with emas,,saxony,code14,112.0
2019,number,<u>time series of the indicator:</u> locations of organisation registered with emas,,saxony,code14,113.0
2020,number,<u>time series of the indicator:</u> locations of organisation registered with emas,,saxony,code14,106.0
2021,number,<u>time series of the indicator:</u> locations of organisation registered with emas,,saxony,code14,107.0
2022,number,<u>time series of the indicator:</u> locations of organisation registered with emas,,saxony,code14,110.0
2023,number,<u>time series of the indicator:</u> locations of organisation registered with emas,,saxony,code14,99.0
2024,number,<u>time series of the indicator:</u> locations of organisation registered with emas,,saxony,code14,111.0
2030,number,<u>time series of the indicator:</u> locations of organisation registered with emas,…,saxony,code14,
2005,number,<u>time series of the indicator:</u> locations of organisation registered with emas,.,saxony-anhalt,code15,
2006,number,<u>time series of the indicator:</u> locations of organisation registered with emas,.,saxony-anhalt,code15,
2007,number,<u>time series of the indicator:</u> locations of organisation registered with emas,.,saxony-anhalt,code15,
2008,number,<u>time series of the indicator:</u> locations of organisation registered with emas,.,saxony-anhalt,code15,
2009,number,<u>time series of the indicator:</u> locations of organisation registered with emas,.,saxony-anhalt,code15,
2010,number,<u>time series of the indicator:</u> locations of organisation registered with emas,,saxony-anhalt,code15,53.0
2011,number,<u>time series of the indicator:</u> locations of organisation registered with emas,,saxony-anhalt,code15,50.0
2012,number,<u>time series of the indicator:</u> locations of organisation registered with emas,,saxony-anhalt,code15,40.0
2013,number,<u>time series of the indicator:</u> locations of organisation registered with emas,,saxony-anhalt,code15,41.0
2014,number,<u>time series of the indicator:</u> locations of organisation registered with emas,,saxony-anhalt,code15,39.0
2015,number,<u>time series of the indicator:</u> locations of organisation registered with emas,,saxony-anhalt,code15,39.0
2016,number,<u>time series of the indicator:</u> locations of organisation registered with emas,,saxony-anhalt,code15,44.0
2017,number,<u>time series of the indicator:</u> locations of organisation registered with emas,,saxony-anhalt,code15,44.0
2018,number,<u>time series of the indicator:</u> locations of organisation registered with emas,,saxony-anhalt,code15,45.0
2019,number,<u>time series of the indicator:</u> locations of organisation registered with emas,,saxony-anhalt,code15,66.0
2020,number,<u>time series of the indicator:</u> locations of organisation registered with emas,,saxony-anhalt,code15,65.0
2021,number,<u>time series of the indicator:</u> locations of organisation registered with emas,,saxony-anhalt,code15,64.0
2022,number,<u>time series of the indicator:</u> locations of organisation registered with emas,,saxony-anhalt,code15,67.0
2023,number,<u>time series of the indicator:</u> locations of organisation registered with emas,,saxony-anhalt,code15,63.0
2024,number,<u>time series of the indicator:</u> locations of organisation registered with emas,,saxony-anhalt,code15,61.0
2030,number,<u>time series of the indicator:</u> locations of organisation registered with emas,…,saxony-anhalt,code15,
2005,number,<u>time series of the indicator:</u> locations of organisation registered with emas,.,schleswig-holstein,code01,
2006,number,<u>time series of the indicator:</u> locations of organisation registered with emas,.,schleswig-holstein,code01,
2007,number,<u>time series of the indicator:</u> locations of organisation registered with emas,.,schleswig-holstein,code01,
2008,number,<u>time series of the indicator:</u> locations of organisation registered with emas,.,schleswig-holstein,code01,
2009,number,<u>time series of the indicator:</u> locations of organisation registered with emas,.,schleswig-holstein,code01,
2010,number,<u>time series of the indicator:</u> locations of organisation registered with emas,,schleswig-holstein,code01,59.0
2011,number,<u>time series of the indicator:</u> locations of organisation registered with emas,,schleswig-holstein,code01,59.0
2012,number,<u>time series of the indicator:</u> locations of organisation registered with emas,,schleswig-holstein,code01,45.0
2013,number,<u>time series of the indicator:</u> locations of organisation registered with emas,,schleswig-holstein,code01,43.0
2014,number,<u>time series of the indicator:</u> locations of organisation registered with emas,,schleswig-holstein,code01,41.0
2015,number,<u>time series of the indicator:</u> locations of organisation registered with emas,,schleswig-holstein,code01,32.0
2016,number,<u>time series of the indicator:</u> locations of organisation registered with emas,,schleswig-holstein,code01,33.0
2017,number,<u>time series of the indicator:</u> locations of organisation registered with emas,,schleswig-holstein,code01,45.0
2018,number,<u>time series of the indicator:</u> locations of organisation registered with emas,,schleswig-holstein,code01,39.0
2019,number,<u>time series of the indicator:</u> locations of organisation registered with emas,,schleswig-holstein,code01,37.0
2020,number,<u>time series of the indicator:</u> locations of organisation registered with emas,,schleswig-holstein,code01,40.0
2021,number,<u>time series of the indicator:</u> locations of organisation registered with emas,,schleswig-holstein,code01,39.0
2022,number,<u>time series of the indicator:</u> locations of organisation registered with emas,,schleswig-holstein,code01,40.0
2023,number,<u>time series of the indicator:</u> locations of organisation registered with emas,,schleswig-holstein,code01,33.0
2024,number,<u>time series of the indicator:</u> locations of organisation registered with emas,,schleswig-holstein,code01,33.0
2030,number,<u>time series of the indicator:</u> locations of organisation registered with emas,…,schleswig-holstein,code01,
2005,number,<u>time series of the indicator:</u> locations of organisation registered with emas,.,thuringia,code16,
2006,number,<u>time series of the indicator:</u> locations of organisation registered with emas,.,thuringia,code16,
2007,number,<u>time series of the indicator:</u> locations of organisation registered with emas,.,thuringia,code16,
2008,number,<u>time series of the indicator:</u> locations of organisation registered with emas,.,thuringia,code16,
2009,number,<u>time series of the indicator:</u> locations of organisation registered with emas,.,thuringia,code16,
2010,number,<u>time series of the indicator:</u> locations of organisation registered with emas,,thuringia,code16,78.0
2011,number,<u>time series of the indicator:</u> locations of organisation registered with emas,,thuringia,code16,71.0
2012,number,<u>time series of the indicator:</u> locations of organisation registered with emas,,thuringia,code16,62.0
2013,number,<u>time series of the indicator:</u> locations of organisation registered with emas,,thuringia,code16,72.0
2014,number,<u>time series of the indicator:</u> locations of organisation registered with emas,,thuringia,code16,77.0
2015,number,<u>time series of the indicator:</u> locations of organisation registered with emas,,thuringia,code16,90.0
2016,number,<u>time series of the indicator:</u> locations of organisation registered with emas,,thuringia,code16,93.0
2017,number,<u>time series of the indicator:</u> locations of organisation registered with emas,,thuringia,code16,89.0
2018,number,<u>time series of the indicator:</u> locations of organisation registered with emas,,thuringia,code16,81.0
2019,number,<u>time series of the indicator:</u> locations of organisation registered with emas,,thuringia,code16,87.0
2020,number,<u>time series of the indicator:</u> locations of organisation registered with emas,,thuringia,code16,85.0
2021,number,<u>time series of the indicator:</u> locations of organisation registered with emas,,thuringia,code16,84.0
2022,number,<u>time series of the indicator:</u> locations of organisation registered with emas,,thuringia,code16,86.0
2023,number,<u>time series of the indicator:</u> locations of organisation registered with emas,,thuringia,code16,91.0
2024,number,<u>time series of the indicator:</u> locations of organisation registered with emas,,thuringia,code16,90.0
2030,number,<u>time series of the indicator:</u> locations of organisation registered with emas,…,thuringia,code16,
2005,"1,000",<u>additional time series:</u> employees in emas organisations,,,,961.0
2006,"1,000",<u>additional time series:</u> employees in emas organisations,,,,926.0
2007,"1,000",<u>additional time series:</u> employees in emas organisations,,,,860.0
2008,"1,000",<u>additional time series:</u> employees in emas organisations,,,,840.0
2009,"1,000",<u>additional time series:</u> employees in emas organisations,,,,803.0
2010,"1,000",<u>additional time series:</u> employees in emas organisations,,,,781.0
2011,"1,000",<u>additional time series:</u> employees in emas organisations,,,,765.0
2012,"1,000",<u>additional time series:</u> employees in emas organisations,,,,773.0
2013,"1,000",<u>additional time series:</u> employees in emas organisations,,,,788.0
2014,"1,000",<u>additional time series:</u> employees in emas organisations,,,,785.0
2015,"1,000",<u>additional time series:</u> employees in emas organisations,,,,801.0
2016,"1,000",<u>additional time series:</u> employees in emas organisations,,,,842.0
2017,"1,000",<u>additional time series:</u> employees in emas organisations,,,,985.0
2018,"1,000",<u>additional time series:</u> employees in emas organisations,,,,929.0
2019,"1,000",<u>additional time series:</u> employees in emas organisations,,,,988.0
2020,"1,000",<u>additional time series:</u> employees in emas organisations,,,,860.0
2021,"1,000",<u>additional time series:</u> employees in emas organisations,,,,911.0
2022,"1,000",<u>additional time series:</u> employees in emas organisations,,,,915.0
2023,"1,000",<u>additional time series:</u> employees in emas organisations,,,,1180.0
2024,"1,000",<u>additional time series:</u> employees in emas organisations,,,,1258.0
2030,"1,000",<u>additional time series:</u> employees in emas organisations,…,,,
2005,number,<u>additional time series:</u> emas organisations,,,,1491.0
2006,number,<u>additional time series:</u> emas organisations,,,,1490.0
2007,number,<u>additional time series:</u> emas organisations,,,,1466.0
2008,number,<u>additional time series:</u> emas organisations,,,,1408.0
2009,number,<u>additional time series:</u> emas organisations,,,,1354.0
2010,number,<u>additional time series:</u> emas organisations,,,,1332.0
2011,number,<u>additional time series:</u> emas organisations,,,,1269.0
2012,number,<u>additional time series:</u> emas organisations,,,,1212.0
2013,number,<u>additional time series:</u> emas organisations,,,,1228.0
2014,number,<u>additional time series:</u> emas organisations,,,,1223.0
2015,number,<u>additional time series:</u> emas organisations,,,,1216.0
2016,number,<u>additional time series:</u> emas organisations,,,,1225.0
2017,number,<u>additional time series:</u> emas organisations,,,,1240.0
2018,number,<u>additional time series:</u> emas organisations,,,,1183.0
2019,number,<u>additional time series:</u> emas organisations,,,,1150.0
2020,number,<u>additional time series:</u> emas organisations,,,,1113.0
2021,number,<u>additional time series:</u> emas organisations,,,,1115.0
2022,number,<u>additional time series:</u> emas organisations,,,,1117.0
2023,number,<u>additional time series:</u> emas organisations,,,,1115.0
2024,number,<u>additional time series:</u> emas organisations,,,,1122.0
2030,number,<u>additional time series:</u> emas organisations,…,,,
2005,number,<u>additional time series:</u> emas organisations,,baden-wuerttemberg,code08,313.0
2006,number,<u>additional time series:</u> emas organisations,,baden-wuerttemberg,code08,358.0
2007,number,<u>additional time series:</u> emas organisations,,baden-wuerttemberg,code08,353.0
2008,number,<u>additional time series:</u> emas organisations,,baden-wuerttemberg,code08,363.0
2009,number,<u>additional time series:</u> emas organisations,,baden-wuerttemberg,code08,366.0
2010,number,<u>additional time series:</u> emas organisations,,baden-wuerttemberg,code08,403.0
2011,number,<u>additional time series:</u> emas organisations,,baden-wuerttemberg,code08,408.0
2012,number,<u>additional time series:</u> emas organisations,,baden-wuerttemberg,code08,410.0
2013,number,<u>additional time series:</u> emas organisations,,baden-wuerttemberg,code08,420.0
2014,number,<u>additional time series:</u> emas organisations,,baden-wuerttemberg,code08,415.0
2015,number,<u>additional time series:</u> emas organisations,,baden-wuerttemberg,code08,422.0
2016,number,<u>additional time series:</u> emas organisations,,baden-wuerttemberg,code08,408.0
2017,number,<u>additional time series:</u> emas organisations,,baden-wuerttemberg,code08,396.0
2018,number,<u>additional time series:</u> emas organisations,,baden-wuerttemberg,code08,371.0
2019,number,<u>additional time series:</u> emas organisations,,baden-wuerttemberg,code08,347.0
2020,number,<u>additional time series:</u> emas organisations,,baden-wuerttemberg,code08,339.0
2021,number,<u>additional time series:</u> emas organisations,,baden-wuerttemberg,code08,330.0
2022,number,<u>additional time series:</u> emas organisations,,baden-wuerttemberg,code08,321.0
2023,number,<u>additional time series:</u> emas organisations,,baden-wuerttemberg,code08,315.0
2024,number,<u>additional time series:</u> emas organisations,,baden-wuerttemberg,code08,307.0
2030,number,<u>additional time series:</u> emas organisations,…,baden-wuerttemberg,code08,
2005,number,<u>additional time series:</u> emas organisations,,bavaria,code09,320.0
2006,number,<u>additional time series:</u> emas organisations,,bavaria,code09,302.0
2007,number,<u>additional time series:</u> emas organisations,,bavaria,code09,298.0
2008,number,<u>additional time series:</u> emas organisations,,bavaria,code09,287.0
2009,number,<u>additional time series:</u> emas organisations,,bavaria,code09,282.0
2010,number,<u>additional time series:</u> emas organisations,,bavaria,code09,275.0
2011,number,<u>additional time series:</u> emas organisations,,bavaria,code09,250.0
2012,number,<u>additional time series:</u> emas organisations,,bavaria,code09,247.0
2013,number,<u>additional time series:</u> emas organisations,,bavaria,code09,244.0
2014,number,<u>additional time series:</u> emas organisations,,bavaria,code09,257.0
2015,number,<u>additional time series:</u> emas organisations,,bavaria,code09,269.0
2016,number,<u>additional time series:</u> emas organisations,,bavaria,code09,274.0
2017,number,<u>additional time series:</u> emas organisations,,bavaria,code09,288.0
2018,number,<u>additional time series:</u> emas organisations,,bavaria,code09,283.0
2019,number,<u>additional time series:</u> emas organisations,,bavaria,code09,288.0
2020,number,<u>additional time series:</u> emas organisations,,bavaria,code09,287.0
2021,number,<u>additional time series:</u> emas organisations,,bavaria,code09,296.0
2022,number,<u>additional time series:</u> emas organisations,,bavaria,code09,298.0
2023,number,<u>additional time series:</u> emas organisations,,bavaria,code09,297.0
2024,number,<u>additional time series:</u> emas organisations,,bavaria,code09,285.0
2030,number,<u>additional time series:</u> emas organisations,…,bavaria,code09,
2005,number,<u>additional time series:</u> emas organisations,,berlin,code11,56.0
2006,number,<u>additional time series:</u> emas organisations,,berlin,code11,55.0
2007,number,<u>additional time series:</u> emas organisations,,berlin,code11,57.0
2008,number,<u>additional time series:</u> emas organisations,,berlin,code11,51.0
2009,number,<u>additional time series:</u> emas organisations,,berlin,code11,43.0
2010,number,<u>additional time series:</u> emas organisations,,berlin,code11,39.0
2011,number,<u>additional time series:</u> emas organisations,,berlin,code11,39.0
2012,number,<u>additional time series:</u> emas organisations,,berlin,code11,34.0
2013,number,<u>additional time series:</u> emas organisations,,berlin,code11,41.0
2014,number,<u>additional time series:</u> emas organisations,,berlin,code11,35.0
2015,number,<u>additional time series:</u> emas organisations,,berlin,code11,26.0
2016,number,<u>additional time series:</u> emas organisations,,berlin,code11,30.0
2017,number,<u>additional time series:</u> emas organisations,,berlin,code11,32.0
2018,number,<u>additional time series:</u> emas organisations,,berlin,code11,30.0
2019,number,<u>additional time series:</u> emas organisations,,berlin,code11,30.0
2020,number,<u>additional time series:</u> emas organisations,,berlin,code11,28.0
2021,number,<u>additional time series:</u> emas organisations,,berlin,code11,32.0
2022,number,<u>additional time series:</u> emas organisations,,berlin,code11,35.0
2023,number,<u>additional time series:</u> emas organisations,,berlin,code11,39.0
2024,number,<u>additional time series:</u> emas organisations,,berlin,code11,48.0
2030,number,<u>additional time series:</u> emas organisations,…,berlin,code11,
2005,number,<u>additional time series:</u> emas organisations,,brandenburg,code12,42.0
2006,number,<u>additional time series:</u> emas organisations,,brandenburg,code12,38.0
2007,number,<u>additional time series:</u> emas organisations,,brandenburg,code12,34.0
2008,number,<u>additional time series:</u> emas organisations,,brandenburg,code12,33.0
2009,number,<u>additional time series:</u> emas organisations,,brandenburg,code12,34.0
2010,number,<u>additional time series:</u> emas organisations,,brandenburg,code12,38.0
2011,number,<u>additional time series:</u> emas organisations,,brandenburg,code12,30.0
2012,number,<u>additional time series:</u> emas organisations,,brandenburg,code12,26.0
2013,number,<u>additional time series:</u> emas organisations,,brandenburg,code12,30.0
2014,number,<u>additional time series:</u> emas organisations,,brandenburg,code12,29.0
2015,number,<u>additional time series:</u> emas organisations,,brandenburg,code12,27.0
2016,number,<u>additional time series:</u> emas organisations,,brandenburg,code12,30.0
2017,number,<u>additional time series:</u> emas organisations,,brandenburg,code12,36.0
2018,number,<u>additional time series:</u> emas organisations,,brandenburg,code12,37.0
2019,number,<u>additional time series:</u> emas organisations,,brandenburg,code12,35.0
2020,number,<u>additional time series:</u> emas organisations,,brandenburg,code12,34.0
2021,number,<u>additional time series:</u> emas organisations,,brandenburg,code12,36.0
2022,number,<u>additional time series:</u> emas organisations,,brandenburg,code12,36.0
2023,number,<u>additional time series:</u> emas organisations,,brandenburg,code12,36.0
2024,number,<u>additional time series:</u> emas organisations,,brandenburg,code12,34.0
2030,number,<u>additional time series:</u> emas organisations,…,brandenburg,code12,
2005,number,<u>additional time series:</u> emas organisations,,bremen,code04,20.0
2006,number,<u>additional time series:</u> emas organisations,,bremen,code04,20.0
2007,number,<u>additional time series:</u> emas organisations,,bremen,code04,19.0
2008,number,<u>additional time series:</u> emas organisations,,bremen,code04,24.0
2009,number,<u>additional time series:</u> emas organisations,,bremen,code04,24.0
2010,number,<u>additional time series:</u> emas organisations,,bremen,code04,21.0
2011,number,<u>additional time series:</u> emas organisations,,bremen,code04,20.0
2012,number,<u>additional time series:</u> emas organisations,,bremen,code04,17.0
2013,number,<u>additional time series:</u> emas organisations,,bremen,code04,16.0
2014,number,<u>additional time series:</u> emas organisations,,bremen,code04,14.0
2015,number,<u>additional time series:</u> emas organisations,,bremen,code04,12.0
2016,number,<u>additional time series:</u> emas organisations,,bremen,code04,11.0
2017,number,<u>additional time series:</u> emas organisations,,bremen,code04,12.0
2018,number,<u>additional time series:</u> emas organisations,,bremen,code04,11.0
2019,number,<u>additional time series:</u> emas organisations,,bremen,code04,11.0
2020,number,<u>additional time series:</u> emas organisations,,bremen,code04,10.0
2021,number,<u>additional time series:</u> emas organisations,,bremen,code04,9.0
2022,number,<u>additional time series:</u> emas organisations,,bremen,code04,10.0
2023,number,<u>additional time series:</u> emas organisations,,bremen,code04,9.0
2024,number,<u>additional time series:</u> emas organisations,,bremen,code04,9.0
2030,number,<u>additional time series:</u> emas organisations,…,bremen,code04,
2005,number,<u>additional time series:</u> emas organisations,,hamburg,code02,20.0
2006,number,<u>additional time series:</u> emas organisations,,hamburg,code02,20.0
2007,number,<u>additional time series:</u> emas organisations,,hamburg,code02,21.0
2008,number,<u>additional time series:</u> emas organisations,,hamburg,code02,14.0
2009,number,<u>additional time series:</u> emas organisations,,hamburg,code02,13.0
2010,number,<u>additional time series:</u> emas organisations,,hamburg,code02,12.0
2011,number,<u>additional time series:</u> emas organisations,,hamburg,code02,12.0
2012,number,<u>additional time series:</u> emas organisations,,hamburg,code02,10.0
2013,number,<u>additional time series:</u> emas organisations,,hamburg,code02,9.0
2014,number,<u>additional time series:</u> emas organisations,,hamburg,code02,11.0
2015,number,<u>additional time series:</u> emas organisations,,hamburg,code02,11.0
2016,number,<u>additional time series:</u> emas organisations,,hamburg,code02,10.0
2017,number,<u>additional time series:</u> emas organisations,,hamburg,code02,12.0
2018,number,<u>additional time series:</u> emas organisations,,hamburg,code02,14.0
2019,number,<u>additional time series:</u> emas organisations,,hamburg,code02,14.0
2020,number,<u>additional time series:</u> emas organisations,,hamburg,code02,14.0
2021,number,<u>additional time series:</u> emas organisations,,hamburg,code02,15.0
2022,number,<u>additional time series:</u> emas organisations,,hamburg,code02,16.0
2023,number,<u>additional time series:</u> emas organisations,,hamburg,code02,18.0
2024,number,<u>additional time series:</u> emas organisations,,hamburg,code02,19.0
2030,number,<u>additional time series:</u> emas organisations,…,hamburg,code02,
2005,number,<u>additional time series:</u> emas organisations,,hesse,code06,103.0
2006,number,<u>additional time series:</u> emas organisations,,hesse,code06,102.0
2007,number,<u>additional time series:</u> emas organisations,,hesse,code06,98.0
2008,number,<u>additional time series:</u> emas organisations,,hesse,code06,69.0
2009,number,<u>additional time series:</u> emas organisations,,hesse,code06,67.0
2010,number,<u>additional time series:</u> emas organisations,,hesse,code06,73.0
2011,number,<u>additional time series:</u> emas organisations,,hesse,code06,74.0
2012,number,<u>additional time series:</u> emas organisations,,hesse,code06,72.0
2013,number,<u>additional time series:</u> emas organisations,,hesse,code06,70.0
2014,number,<u>additional time series:</u> emas organisations,,hesse,code06,73.0
2015,number,<u>additional time series:</u> emas organisations,,hesse,code06,76.0
2016,number,<u>additional time series:</u> emas organisations,,hesse,code06,80.0
2017,number,<u>additional time series:</u> emas organisations,,hesse,code06,78.0
2018,number,<u>additional time series:</u> emas organisations,,hesse,code06,71.0
2019,number,<u>additional time series:</u> emas organisations,,hesse,code06,63.0
2020,number,<u>additional time series:</u> emas organisations,,hesse,code06,63.0
2021,number,<u>additional time series:</u> emas organisations,,hesse,code06,68.0
2022,number,<u>additional time series:</u> emas organisations,,hesse,code06,69.0
2023,number,<u>additional time series:</u> emas organisations,,hesse,code06,71.0
2024,number,<u>additional time series:</u> emas organisations,,hesse,code06,71.0
2030,number,<u>additional time series:</u> emas organisations,…,hesse,code06,
2005,number,<u>additional time series:</u> emas organisations,,mecklenburg western pomerania,code13,24.0
2006,number,<u>additional time series:</u> emas organisations,,mecklenburg western pomerania,code13,25.0
2007,number,<u>additional time series:</u> emas organisations,,mecklenburg western pomerania,code13,24.0
2008,number,<u>additional time series:</u> emas organisations,,mecklenburg western pomerania,code13,23.0
2009,number,<u>additional time series:</u> emas organisations,,mecklenburg western pomerania,code13,16.0
2010,number,<u>additional time series:</u> emas organisations,,mecklenburg western pomerania,code13,8.0
2011,number,<u>additional time series:</u> emas organisations,,mecklenburg western pomerania,code13,8.0
2012,number,<u>additional time series:</u> emas organisations,,mecklenburg western pomerania,code13,6.0
2013,number,<u>additional time series:</u> emas organisations,,mecklenburg western pomerania,code13,6.0
2014,number,<u>additional time series:</u> emas organisations,,mecklenburg western pomerania,code13,6.0
2015,number,<u>additional time series:</u> emas organisations,,mecklenburg western pomerania,code13,5.0
2016,number,<u>additional time series:</u> emas organisations,,mecklenburg western pomerania,code13,6.0
2017,number,<u>additional time series:</u> emas organisations,,mecklenburg western pomerania,code13,5.0
2018,number,<u>additional time series:</u> emas organisations,,mecklenburg western pomerania,code13,4.0
2019,number,<u>additional time series:</u> emas organisations,,mecklenburg western pomerania,code13,2.0
2020,number,<u>additional time series:</u> emas organisations,,mecklenburg western pomerania,code13,2.0
2021,number,<u>additional time series:</u> emas organisations,,mecklenburg western pomerania,code13,1.0
2022,number,<u>additional time series:</u> emas organisations,,mecklenburg western pomerania,code13,1.0
2023,number,<u>additional time series:</u> emas organisations,,mecklenburg western pomerania,code13,1.0
2024,number,<u>additional time series:</u> emas organisations,,mecklenburg western pomerania,code13,2.0
2030,number,<u>additional time series:</u> emas organisations,…,mecklenburg western pomerania,code13,
2005,number,<u>additional time series:</u> emas organisations,,lower saxony,code03,56.0
2006,number,<u>additional time series:</u> emas organisations,,lower saxony,code03,58.0
2007,number,<u>additional time series:</u> emas organisations,,lower saxony,code03,61.0
2008,number,<u>additional time series:</u> emas organisations,,lower saxony,code03,61.0
2009,number,<u>additional time series:</u> emas organisations,,lower saxony,code03,67.0
2010,number,<u>additional time series:</u> emas organisations,,lower saxony,code03,72.0
2011,number,<u>additional time series:</u> emas organisations,,lower saxony,code03,76.0
2012,number,<u>additional time series:</u> emas organisations,,lower saxony,code03,62.0
2013,number,<u>additional time series:</u> emas organisations,,lower saxony,code03,64.0
2014,number,<u>additional time series:</u> emas organisations,,lower saxony,code03,60.0
2015,number,<u>additional time series:</u> emas organisations,,lower saxony,code03,56.0
2016,number,<u>additional time series:</u> emas organisations,,lower saxony,code03,55.0
2017,number,<u>additional time series:</u> emas organisations,,lower saxony,code03,59.0
2018,number,<u>additional time series:</u> emas organisations,,lower saxony,code03,55.0
2019,number,<u>additional time series:</u> emas organisations,,lower saxony,code03,54.0
2020,number,<u>additional time series:</u> emas organisations,,lower saxony,code03,51.0
2021,number,<u>additional time series:</u> emas organisations,,lower saxony,code03,51.0
2022,number,<u>additional time series:</u> emas organisations,,lower saxony,code03,51.0
2023,number,<u>additional time series:</u> emas organisations,,lower saxony,code03,50.0
2024,number,<u>additional time series:</u> emas organisations,,lower saxony,code03,50.0
2030,number,<u>additional time series:</u> emas organisations,…,lower saxony,code03,
2005,number,<u>additional time series:</u> emas organisations,,north rhine-westphalia,code05,164.0
2006,number,<u>additional time series:</u> emas organisations,,north rhine-westphalia,code05,156.0
2007,number,<u>additional time series:</u> emas organisations,,north rhine-westphalia,code05,168.0
2008,number,<u>additional time series:</u> emas organisations,,north rhine-westphalia,code05,164.0
2009,number,<u>additional time series:</u> emas organisations,,north rhine-westphalia,code05,157.0
2010,number,<u>additional time series:</u> emas organisations,,north rhine-westphalia,code05,140.0
2011,number,<u>additional time series:</u> emas organisations,,north rhine-westphalia,code05,131.0
2012,number,<u>additional time series:</u> emas organisations,,north rhine-westphalia,code05,121.0
2013,number,<u>additional time series:</u> emas organisations,,north rhine-westphalia,code05,118.0
2014,number,<u>additional time series:</u> emas organisations,,north rhine-westphalia,code05,113.0
2015,number,<u>additional time series:</u> emas organisations,,north rhine-westphalia,code05,114.0
2016,number,<u>additional time series:</u> emas organisations,,north rhine-westphalia,code05,117.0
2017,number,<u>additional time series:</u> emas organisations,,north rhine-westphalia,code05,115.0
2018,number,<u>additional time series:</u> emas organisations,,north rhine-westphalia,code05,111.0
2019,number,<u>additional time series:</u> emas organisations,,north rhine-westphalia,code05,105.0
2020,number,<u>additional time series:</u> emas organisations,,north rhine-westphalia,code05,100.0
2021,number,<u>additional time series:</u> emas organisations,,north rhine-westphalia,code05,99.0
2022,number,<u>additional time series:</u> emas organisations,,north rhine-westphalia,code05,103.0
2023,number,<u>additional time series:</u> emas organisations,,north rhine-westphalia,code05,106.0
2024,number,<u>additional time series:</u> emas organisations,,north rhine-westphalia,code05,129.0
2030,number,<u>additional time series:</u> emas organisations,…,north rhine-westphalia,code05,
2005,number,<u>additional time series:</u> emas organisations,,rhineland palatinate,code07,53.0
2006,number,<u>additional time series:</u> emas organisations,,rhineland palatinate,code07,49.0
2007,number,<u>additional time series:</u> emas organisations,,rhineland palatinate,code07,49.0
2008,number,<u>additional time series:</u> emas organisations,,rhineland palatinate,code07,44.0
2009,number,<u>additional time series:</u> emas organisations,,rhineland palatinate,code07,46.0
2010,number,<u>additional time series:</u> emas organisations,,rhineland palatinate,code07,44.0
2011,number,<u>additional time series:</u> emas organisations,,rhineland palatinate,code07,37.0
2012,number,<u>additional time series:</u> emas organisations,,rhineland palatinate,code07,35.0
2013,number,<u>additional time series:</u> emas organisations,,rhineland palatinate,code07,36.0
2014,number,<u>additional time series:</u> emas organisations,,rhineland palatinate,code07,37.0
2015,number,<u>additional time series:</u> emas organisations,,rhineland palatinate,code07,31.0
2016,number,<u>additional time series:</u> emas organisations,,rhineland palatinate,code07,33.0
2017,number,<u>additional time series:</u> emas organisations,,rhineland palatinate,code07,33.0
2018,number,<u>additional time series:</u> emas organisations,,rhineland palatinate,code07,34.0
2019,number,<u>additional time series:</u> emas organisations,,rhineland palatinate,code07,34.0
2020,number,<u>additional time series:</u> emas organisations,,rhineland palatinate,code07,24.0
2021,number,<u>additional time series:</u> emas organisations,,rhineland palatinate,code07,23.0
2022,number,<u>additional time series:</u> emas organisations,,rhineland palatinate,code07,22.0
2023,number,<u>additional time series:</u> emas organisations,,rhineland palatinate,code07,23.0
2024,number,<u>additional time series:</u> emas organisations,,rhineland palatinate,code07,24.0
2030,number,<u>additional time series:</u> emas organisations,…,rhineland palatinate,code07,
2005,number,<u>additional time series:</u> emas organisations,,saarland,code10,49.0
2006,number,<u>additional time series:</u> emas organisations,,saarland,code10,47.0
2007,number,<u>additional time series:</u> emas organisations,,saarland,code10,50.0
2008,number,<u>additional time series:</u> emas organisations,,saarland,code10,52.0
2009,number,<u>additional time series:</u> emas organisations,,saarland,code10,51.0
2010,number,<u>additional time series:</u> emas organisations,,saarland,code10,49.0
2011,number,<u>additional time series:</u> emas organisations,,saarland,code10,44.0
2012,number,<u>additional time series:</u> emas organisations,,saarland,code10,43.0
2013,number,<u>additional time series:</u> emas organisations,,saarland,code10,44.0
2014,number,<u>additional time series:</u> emas organisations,,saarland,code10,51.0
2015,number,<u>additional time series:</u> emas organisations,,saarland,code10,50.0
2016,number,<u>additional time series:</u> emas organisations,,saarland,code10,51.0
2017,number,<u>additional time series:</u> emas organisations,,saarland,code10,53.0
2018,number,<u>additional time series:</u> emas organisations,,saarland,code10,48.0
2019,number,<u>additional time series:</u> emas organisations,,saarland,code10,49.0
2020,number,<u>additional time series:</u> emas organisations,,saarland,code10,49.0
2021,number,<u>additional time series:</u> emas organisations,,saarland,code10,46.0
2022,number,<u>additional time series:</u> emas organisations,,saarland,code10,44.0
2023,number,<u>additional time series:</u> emas organisations,,saarland,code10,43.0
2024,number,<u>additional time series:</u> emas organisations,,saarland,code10,33.0
2030,number,<u>additional time series:</u> emas organisations,…,saarland,code10,
2005,number,<u>additional time series:</u> emas organisations,,saxony,code14,53.0
2006,number,<u>additional time series:</u> emas organisations,,saxony,code14,47.0
2007,number,<u>additional time series:</u> emas organisations,,saxony,code14,46.0
2008,number,<u>additional time series:</u> emas organisations,,saxony,code14,42.0
2009,number,<u>additional time series:</u> emas organisations,,saxony,code14,40.0
2010,number,<u>additional time series:</u> emas organisations,,saxony,code14,36.0
2011,number,<u>additional time series:</u> emas organisations,,saxony,code14,35.0
2012,number,<u>additional time series:</u> emas organisations,,saxony,code14,35.0
2013,number,<u>additional time series:</u> emas organisations,,saxony,code14,33.0
2014,number,<u>additional time series:</u> emas organisations,,saxony,code14,33.0
2015,number,<u>additional time series:</u> emas organisations,,saxony,code14,32.0
2016,number,<u>additional time series:</u> emas organisations,,saxony,code14,32.0
2017,number,<u>additional time series:</u> emas organisations,,saxony,code14,33.0
2018,number,<u>additional time series:</u> emas organisations,,saxony,code14,30.0
2019,number,<u>additional time series:</u> emas organisations,,saxony,code14,29.0
2020,number,<u>additional time series:</u> emas organisations,,saxony,code14,25.0
2021,number,<u>additional time series:</u> emas organisations,,saxony,code14,23.0
2022,number,<u>additional time series:</u> emas organisations,,saxony,code14,23.0
2023,number,<u>additional time series:</u> emas organisations,,saxony,code14,22.0
2024,number,<u>additional time series:</u> emas organisations,,saxony,code14,24.0
2030,number,<u>additional time series:</u> emas organisations,…,saxony,code14,
2005,number,<u>additional time series:</u> emas organisations,,saxony-anhalt,code15,34.0
2006,number,<u>additional time series:</u> emas organisations,,saxony-anhalt,code15,34.0
2007,number,<u>additional time series:</u> emas organisations,,saxony-anhalt,code15,37.0
2008,number,<u>additional time series:</u> emas organisations,,saxony-anhalt,code15,38.0
2009,number,<u>additional time series:</u> emas organisations,,saxony-anhalt,code15,35.0
2010,number,<u>additional time series:</u> emas organisations,,saxony-anhalt,code15,35.0
2011,number,<u>additional time series:</u> emas organisations,,saxony-anhalt,code15,28.0
2012,number,<u>additional time series:</u> emas organisations,,saxony-anhalt,code15,28.0
2013,number,<u>additional time series:</u> emas organisations,,saxony-anhalt,code15,28.0
2014,number,<u>additional time series:</u> emas organisations,,saxony-anhalt,code15,24.0
2015,number,<u>additional time series:</u> emas organisations,,saxony-anhalt,code15,21.0
2016,number,<u>additional time series:</u> emas organisations,,saxony-anhalt,code15,21.0
2017,number,<u>additional time series:</u> emas organisations,,saxony-anhalt,code15,22.0
2018,number,<u>additional time series:</u> emas organisations,,saxony-anhalt,code15,22.0
2019,number,<u>additional time series:</u> emas organisations,,saxony-anhalt,code15,23.0
2020,number,<u>additional time series:</u> emas organisations,,saxony-anhalt,code15,21.0
2021,number,<u>additional time series:</u> emas organisations,,saxony-anhalt,code15,20.0
2022,number,<u>additional time series:</u> emas organisations,,saxony-anhalt,code15,21.0
2023,number,<u>additional time series:</u> emas organisations,,saxony-anhalt,code15,22.0
2024,number,<u>additional time series:</u> emas organisations,,saxony-anhalt,code15,24.0
2030,number,<u>additional time series:</u> emas organisations,…,saxony-anhalt,code15,
2005,number,<u>additional time series:</u> emas organisations,,schleswig-holstein,code01,72.0
2006,number,<u>additional time series:</u> emas organisations,,schleswig-holstein,code01,72.0
2007,number,<u>additional time series:</u> emas organisations,,schleswig-holstein,code01,66.0
2008,number,<u>additional time series:</u> emas organisations,,schleswig-holstein,code01,59.0
2009,number,<u>additional time series:</u> emas organisations,,schleswig-holstein,code01,50.0
2010,number,<u>additional time series:</u> emas organisations,,schleswig-holstein,code01,36.0
2011,number,<u>additional time series:</u> emas organisations,,schleswig-holstein,code01,34.0
2012,number,<u>additional time series:</u> emas organisations,,schleswig-holstein,code01,26.0
2013,number,<u>additional time series:</u> emas organisations,,schleswig-holstein,code01,26.0
2014,number,<u>additional time series:</u> emas organisations,,schleswig-holstein,code01,22.0
2015,number,<u>additional time series:</u> emas organisations,,schleswig-holstein,code01,17.0
2016,number,<u>additional time series:</u> emas organisations,,schleswig-holstein,code01,18.0
2017,number,<u>additional time series:</u> emas organisations,,schleswig-holstein,code01,18.0
2018,number,<u>additional time series:</u> emas organisations,,schleswig-holstein,code01,15.0
2019,number,<u>additional time series:</u> emas organisations,,schleswig-holstein,code01,15.0
2020,number,<u>additional time series:</u> emas organisations,,schleswig-holstein,code01,16.0
2021,number,<u>additional time series:</u> emas organisations,,schleswig-holstein,code01,16.0
2022,number,<u>additional time series:</u> emas organisations,,schleswig-holstein,code01,16.0
2023,number,<u>additional time series:</u> emas organisations,,schleswig-holstein,code01,15.0
2024,number,<u>additional time series:</u> emas organisations,,schleswig-holstein,code01,16.0
2030,number,<u>additional time series:</u> emas organisations,…,schleswig-holstein,code01,
2005,number,<u>additional time series:</u> emas organisations,,thuringia,code16,112.0
2006,number,<u>additional time series:</u> emas organisations,,thuringia,code16,107.0
2007,number,<u>additional time series:</u> emas organisations,,thuringia,code16,85.0
2008,number,<u>additional time series:</u> emas organisations,,thuringia,code16,84.0
2009,number,<u>additional time series:</u> emas organisations,,thuringia,code16,63.0
2010,number,<u>additional time series:</u> emas organisations,,thuringia,code16,51.0
2011,number,<u>additional time series:</u> emas organisations,,thuringia,code16,43.0
2012,number,<u>additional time series:</u> emas organisations,,thuringia,code16,40.0
2013,number,<u>additional time series:</u> emas organisations,,thuringia,code16,43.0
2014,number,<u>additional time series:</u> emas organisations,,thuringia,code16,43.0
2015,number,<u>additional time series:</u> emas organisations,,thuringia,code16,47.0
2016,number,<u>additional time series:</u> emas organisations,,thuringia,code16,49.0
2017,number,<u>additional time series:</u> emas organisations,,thuringia,code16,48.0
2018,number,<u>additional time series:</u> emas organisations,,thuringia,code16,47.0
2019,number,<u>additional time series:</u> emas organisations,,thuringia,code16,51.0
2020,number,<u>additional time series:</u> emas organisations,,thuringia,code16,50.0
2021,number,<u>additional time series:</u> emas organisations,,thuringia,code16,50.0
2022,number,<u>additional time series:</u> emas organisations,,thuringia,code16,51.0
2023,number,<u>additional time series:</u> emas organisations,,thuringia,code16,48.0
2024,number,<u>additional time series:</u> emas organisations,,thuringia,code16,47.0
2030,number,<u>additional time series:</u> emas organisations,…,thuringia,code16,
