Year,Units,sex,federal state,GeoCode,Value
1999,percentage,,,,14.9
2000,percentage,,,,14.9
2001,percentage,,,,12.5
2002,percentage,,,,12.6
2003,percentage,,,,12.8
2004,percentage,,,,12.1
2005,percentage,,,,13.83
2006,percentage,,,,14.09
2007,percentage,,,,12.73
2008,percentage,,,,11.8
2009,percentage,,,,11.1
2010,percentage,,,,11.86
2011,percentage,,,,11.56
2012,percentage,,,,10.37
2013,percentage,,,,9.81
2014,percentage,,,,9.53
2015,percentage,,,,9.82
2016,percentage,,,,10.3
2017,percentage,,,,10.11
2018,percentage,,,,10.34
2019,percentage,,,,10.34
2020,percentage,,,,10.1
2021,percentage,,,,11.6
2030,percentage,,,,
1999,percentage,female,,,15.6
2000,percentage,female,,,15.2
2001,percentage,female,,,12.8
2002,percentage,female,,,12.6
2003,percentage,female,,,12.8
2004,percentage,female,,,11.9
2005,percentage,female,,,14.18
2006,percentage,female,,,13.8
2007,percentage,female,,,11.97
2008,percentage,female,,,11.21
2009,percentage,female,,,10.8
2010,percentage,female,,,11.02
2011,percentage,female,,,10.62
2012,percentage,female,,,9.73
2013,percentage,female,,,9.28
2014,percentage,female,,,8.99
2015,percentage,female,,,9.49
2016,percentage,female,,,9.6
2017,percentage,female,,,9.04
2018,percentage,female,,,9.13
2019,percentage,female,,,8.73
2020,percentage,female,,,8.4
2021,percentage,female,,,9.6
2030,percentage,,,,
1999,percentage,male,,,14.2
2000,percentage,male,,,14.6
2001,percentage,male,,,12.2
2002,percentage,male,,,12.6
2003,percentage,male,,,12.9
2004,percentage,male,,,12.2
2005,percentage,male,,,13.49
2006,percentage,male,,,14.37
2007,percentage,male,,,13.48
2008,percentage,male,,,12.37
2009,percentage,male,,,11.5
2010,percentage,male,,,12.68
2011,percentage,male,,,12.47
2012,percentage,male,,,10.97
2013,percentage,male,,,10.3
2014,percentage,male,,,10.03
2015,percentage,male,,,10.12
2016,percentage,male,,,11.0
2017,percentage,male,,,11.09
2018,percentage,male,,,11.42
2019,percentage,male,,,11.8
2020,percentage,male,,,11.7
2021,percentage,male,,,13.5
2030,percentage,,,,
2005,percentage,,baden-wuerttemberg,code08,12.5
2006,percentage,,baden-wuerttemberg,code08,12.4
2007,percentage,,baden-wuerttemberg,code08,12.1
2008,percentage,,baden-wuerttemberg,code08,10.1
2009,percentage,,baden-wuerttemberg,code08,9.5
2010,percentage,,baden-wuerttemberg,code08,9.8
2011,percentage,,baden-wuerttemberg,code08,9.93
2012,percentage,,baden-wuerttemberg,code08,8.26
2013,percentage,,baden-wuerttemberg,code08,7.6
2014,percentage,,baden-wuerttemberg,code08,7.9
2015,percentage,,baden-wuerttemberg,code08,8.3
2016,percentage,,baden-wuerttemberg,code08,9.35
2017,percentage,,baden-wuerttemberg,code08,8.71
2018,percentage,,baden-wuerttemberg,code08,9.71
2019,percentage,,baden-wuerttemberg,code08,9.18
2020,percentage,,baden-wuerttemberg,code08,9.1
2021,percentage,,baden-wuerttemberg,code08,11.1
2030,percentage,,,,
2005,percentage,female,baden-wuerttemberg,code08,14.3
2006,percentage,female,baden-wuerttemberg,code08,13.4
2007,percentage,female,baden-wuerttemberg,code08,11.9
2008,percentage,female,baden-wuerttemberg,code08,10.4
2009,percentage,female,baden-wuerttemberg,code08,9.5
2010,percentage,female,baden-wuerttemberg,code08,10.0
2011,percentage,female,baden-wuerttemberg,code08,9.92
2012,percentage,female,baden-wuerttemberg,code08,8.27
2013,percentage,female,baden-wuerttemberg,code08,7.3
2014,percentage,female,baden-wuerttemberg,code08,7.32
2015,percentage,female,baden-wuerttemberg,code08,8.48
2016,percentage,female,baden-wuerttemberg,code08,8.78
2017,percentage,female,baden-wuerttemberg,code08,7.76
2018,percentage,female,baden-wuerttemberg,code08,8.52
2019,percentage,female,baden-wuerttemberg,code08,7.55
2020,percentage,female,baden-wuerttemberg,code08,8.5
2021,percentage,female,baden-wuerttemberg,code08,9.4
2030,percentage,,,,
2005,percentage,male,baden-wuerttemberg,code08,10.7
2006,percentage,male,baden-wuerttemberg,code08,11.3
2007,percentage,male,baden-wuerttemberg,code08,12.3
2008,percentage,male,baden-wuerttemberg,code08,9.8
2009,percentage,male,baden-wuerttemberg,code08,9.5
2010,percentage,male,baden-wuerttemberg,code08,9.7
2011,percentage,male,baden-wuerttemberg,code08,9.94
2012,percentage,male,baden-wuerttemberg,code08,8.26
2013,percentage,male,baden-wuerttemberg,code08,7.9
2014,percentage,male,baden-wuerttemberg,code08,8.45
2015,percentage,male,baden-wuerttemberg,code08,8.13
2016,percentage,male,baden-wuerttemberg,code08,9.87
2017,percentage,male,baden-wuerttemberg,code08,9.55
2018,percentage,male,baden-wuerttemberg,code08,10.75
2019,percentage,male,baden-wuerttemberg,code08,10.67
2020,percentage,male,baden-wuerttemberg,code08,9.6
2021,percentage,male,baden-wuerttemberg,code08,12.7
2030,percentage,,,,
2005,percentage,,bavaria,code09,11.2
2006,percentage,,bavaria,code09,12.6
2007,percentage,,bavaria,code09,11.2
2008,percentage,,bavaria,code09,9.6
2009,percentage,,bavaria,code09,8.8
2010,percentage,,bavaria,code09,9.4
2011,percentage,,bavaria,code09,9.09
2012,percentage,,bavaria,code09,7.36
2013,percentage,,bavaria,code09,7.3
2014,percentage,,bavaria,code09,6.39
2015,percentage,,bavaria,code09,6.16
2016,percentage,,bavaria,code09,7.63
2017,percentage,,bavaria,code09,7.2
2018,percentage,,bavaria,code09,7.23
2019,percentage,,bavaria,code09,7.62
2020,percentage,,bavaria,code09,8.3
2021,percentage,,bavaria,code09,9.8
2030,percentage,,,,
2005,percentage,female,bavaria,code09,11.5
2006,percentage,female,bavaria,code09,12.5
2007,percentage,female,bavaria,code09,9.9
2008,percentage,female,bavaria,code09,9.0
2009,percentage,female,bavaria,code09,8.2
2010,percentage,female,bavaria,code09,9.1
2011,percentage,female,bavaria,code09,7.96
2012,percentage,female,bavaria,code09,6.84
2013,percentage,female,bavaria,code09,7.0
2014,percentage,female,bavaria,code09,6.18
2015,percentage,female,bavaria,code09,5.62
2016,percentage,female,bavaria,code09,6.83
2017,percentage,female,bavaria,code09,6.5
2018,percentage,female,bavaria,code09,6.43
2019,percentage,female,bavaria,code09,6.52
2020,percentage,female,bavaria,code09,7.2
2021,percentage,female,bavaria,code09,7.9
2030,percentage,,,,
2005,percentage,male,bavaria,code09,10.8
2006,percentage,male,bavaria,code09,12.6
2007,percentage,male,bavaria,code09,12.6
2008,percentage,male,bavaria,code09,10.1
2009,percentage,male,bavaria,code09,9.5
2010,percentage,male,bavaria,code09,9.7
2011,percentage,male,bavaria,code09,10.18
2012,percentage,male,bavaria,code09,7.84
2013,percentage,male,bavaria,code09,7.6
2014,percentage,male,bavaria,code09,6.6
2015,percentage,male,bavaria,code09,6.65
2016,percentage,male,bavaria,code09,8.36
2017,percentage,male,bavaria,code09,7.84
2018,percentage,male,bavaria,code09,7.98
2019,percentage,male,bavaria,code09,8.63
2020,percentage,male,bavaria,code09,9.3
2021,percentage,male,bavaria,code09,11.4
2030,percentage,,,,
2005,percentage,,berlin,code11,18.7
2006,percentage,,berlin,code11,18.2
2007,percentage,,berlin,code11,13.0
2008,percentage,,berlin,code11,15.7
2009,percentage,,berlin,code11,14.2
2010,percentage,,berlin,code11,14.6
2011,percentage,,berlin,code11,13.05
2012,percentage,,berlin,code11,12.98
2013,percentage,,berlin,code11,11.9
2014,percentage,,berlin,code11,13.52
2015,percentage,,berlin,code11,13.68
2016,percentage,,berlin,code11,11.7
2017,percentage,,berlin,code11,13.17
2018,percentage,,berlin,code11,13.55
2019,percentage,,berlin,code11,11.6
2020,percentage,,berlin,code11,9.8
2021,percentage,,berlin,code11,9.5
2030,percentage,,,,
2005,percentage,female,berlin,code11,17.0
2006,percentage,female,berlin,code11,16.7
2007,percentage,female,berlin,code11,11.5
2008,percentage,female,berlin,code11,14.0
2009,percentage,female,berlin,code11,13.0
2010,percentage,female,berlin,code11,12.4
2011,percentage,female,berlin,code11,11.25
2012,percentage,female,berlin,code11,10.81
2013,percentage,female,berlin,code11,9.1
2014,percentage,female,berlin,code11,11.92
2015,percentage,female,berlin,code11,10.67
2016,percentage,female,berlin,code11,10.89
2017,percentage,female,berlin,code11,10.99
2018,percentage,female,berlin,code11,10.41
2019,percentage,female,berlin,code11,7.99
2030,percentage,,,,
2005,percentage,male,berlin,code11,20.5
2006,percentage,male,berlin,code11,19.7
2007,percentage,male,berlin,code11,14.4
2008,percentage,male,berlin,code11,17.4
2009,percentage,male,berlin,code11,15.5
2010,percentage,male,berlin,code11,17.0
2011,percentage,male,berlin,code11,15.04
2012,percentage,male,berlin,code11,15.22
2013,percentage,male,berlin,code11,14.8
2014,percentage,male,berlin,code11,15.28
2015,percentage,male,berlin,code11,16.96
2016,percentage,male,berlin,code11,12.54
2017,percentage,male,berlin,code11,15.47
2018,percentage,male,berlin,code11,16.89
2019,percentage,male,berlin,code11,15.05
2021,percentage,male,berlin,code11,11.8
2030,percentage,,,,
2005,percentage,,brandenburg,code12,10.2
2006,percentage,,brandenburg,code12,11.1
2007,percentage,,brandenburg,code12,9.0
2008,percentage,,brandenburg,code12,9.3
2009,percentage,,brandenburg,code12,9.0
2010,percentage,,brandenburg,code12,9.6
2011,percentage,,brandenburg,code12,10.18
2012,percentage,,brandenburg,code12,9.95
2013,percentage,,brandenburg,code12,10.6
2014,percentage,,brandenburg,code12,9.0
2015,percentage,,brandenburg,code12,11.56
2016,percentage,,brandenburg,code12,10.97
2017,percentage,,brandenburg,code12,12.32
2018,percentage,,brandenburg,code12,11.52
2019,percentage,,brandenburg,code12,10.78
2021,percentage,,brandenburg,code12,12.6
2030,percentage,,,,
2005,percentage,female,brandenburg,code12,10.1
2006,percentage,female,brandenburg,code12,9.7
2007,percentage,female,brandenburg,code12,6.2
2008,percentage,female,brandenburg,code12,7.1
2009,percentage,female,brandenburg,code12,7.5
2010,percentage,female,brandenburg,code12,7.1
2011,percentage,female,brandenburg,code12,8.37
2012,percentage,female,brandenburg,code12,10.26
2013,percentage,female,brandenburg,code12,10.1
2015,percentage,female,brandenburg,code12,11.1
2018,percentage,female,brandenburg,code12,10.41
2030,percentage,,,,
2005,percentage,male,brandenburg,code12,10.3
2006,percentage,male,brandenburg,code12,12.4
2007,percentage,male,brandenburg,code12,11.5
2008,percentage,male,brandenburg,code12,11.3
2009,percentage,male,brandenburg,code12,10.4
2010,percentage,male,brandenburg,code12,11.7
2011,percentage,male,brandenburg,code12,11.84
2012,percentage,male,brandenburg,code12,9.69
2013,percentage,male,brandenburg,code12,11.0
2014,percentage,male,brandenburg,code12,9.17
2015,percentage,male,brandenburg,code12,11.9
2016,percentage,male,brandenburg,code12,12.61
2017,percentage,male,brandenburg,code12,15.0
2018,percentage,male,brandenburg,code12,12.43
2019,percentage,male,brandenburg,code12,13.55
2021,percentage,male,brandenburg,code12,15.9
2030,percentage,,,,
2005,percentage,,bremen,code04,19.1
2006,percentage,,bremen,code04,17.5
2007,percentage,,bremen,code04,15.0
2008,percentage,,bremen,code04,14.4
2009,percentage,,bremen,code04,14.5
2010,percentage,,bremen,code04,14.3
2011,percentage,,bremen,code04,17.22
2012,percentage,,bremen,code04,13.34
2013,percentage,,bremen,code04,14.9
2014,percentage,,bremen,code04,14.01
2015,percentage,,bremen,code04,11.54
2016,percentage,,bremen,code04,11.08
2017,percentage,,bremen,code04,10.91
2018,percentage,,bremen,code04,14.64
2019,percentage,,bremen,code04,16.04
2020,percentage,,bremen,code04,15.3
2021,percentage,,bremen,code04,14.4
2030,percentage,,,,
2005,percentage,female,bremen,code04,19.8
2006,percentage,female,bremen,code04,20.0
2030,percentage,,,,
2005,percentage,male,bremen,code04,18.2
2006,percentage,male,bremen,code04,14.8
2007,percentage,male,bremen,code04,19.2
2018,percentage,male,bremen,code04,17.71
2019,percentage,male,bremen,code04,17.71
2030,percentage,,,,
2005,percentage,,hamburg,code02,21.2
2006,percentage,,hamburg,code02,16.7
2007,percentage,,hamburg,code02,15.5
2008,percentage,,hamburg,code02,14.7
2009,percentage,,hamburg,code02,12.1
2010,percentage,,hamburg,code02,13.2
2011,percentage,,hamburg,code02,13.16
2012,percentage,,hamburg,code02,12.47
2013,percentage,,hamburg,code02,11.6
2014,percentage,,hamburg,code02,11.79
2015,percentage,,hamburg,code02,12.57
2016,percentage,,hamburg,code02,12.81
2017,percentage,,hamburg,code02,11.41
2018,percentage,,hamburg,code02,11.56
2019,percentage,,hamburg,code02,13.96
2020,percentage,,hamburg,code02,11.3
2021,percentage,,hamburg,code02,13.1
2030,percentage,,,,
2005,percentage,female,hamburg,code02,21.9
2006,percentage,female,hamburg,code02,15.9
2007,percentage,female,hamburg,code02,14.1
2008,percentage,female,hamburg,code02,11.9
2009,percentage,female,hamburg,code02,10.2
2010,percentage,female,hamburg,code02,11.7
2011,percentage,female,hamburg,code02,11.02
2012,percentage,female,hamburg,code02,11.12
2013,percentage,female,hamburg,code02,11.9
2014,percentage,female,hamburg,code02,9.7
2015,percentage,female,hamburg,code02,10.99
2016,percentage,female,hamburg,code02,12.4
2017,percentage,female,hamburg,code02,10.75
2018,percentage,female,hamburg,code02,12.17
2019,percentage,female,hamburg,code02,13.45
2030,percentage,,,,
2005,percentage,male,hamburg,code02,20.4
2006,percentage,male,hamburg,code02,17.7
2007,percentage,male,hamburg,code02,16.7
2008,percentage,male,hamburg,code02,17.5
2009,percentage,male,hamburg,code02,14.1
2010,percentage,male,hamburg,code02,14.9
2011,percentage,male,hamburg,code02,15.42
2012,percentage,male,hamburg,code02,13.94
2013,percentage,male,hamburg,code02,11.4
2014,percentage,male,hamburg,code02,13.88
2015,percentage,male,hamburg,code02,14.09
2016,percentage,male,hamburg,code02,13.23
2017,percentage,male,hamburg,code02,12.11
2018,percentage,male,hamburg,code02,10.97
2019,percentage,male,hamburg,code02,14.44
2030,percentage,,,,
2005,percentage,,hesse,code06,13.3
2006,percentage,,hesse,code06,14.7
2007,percentage,,hesse,code06,12.1
2008,percentage,,hesse,code06,12.4
2009,percentage,,hesse,code06,11.4
2010,percentage,,hesse,code06,11.8
2011,percentage,,hesse,code06,10.58
2012,percentage,,hesse,code06,9.07
2013,percentage,,hesse,code06,10.0
2014,percentage,,hesse,code06,9.67
2015,percentage,,hesse,code06,9.52
2016,percentage,,hesse,code06,10.48
2017,percentage,,hesse,code06,10.15
2018,percentage,,hesse,code06,10.7
2019,percentage,,hesse,code06,10.33
2020,percentage,,hesse,code06,12.3
2021,percentage,,hesse,code06,13.6
2030,percentage,,,,
2005,percentage,female,hesse,code06,12.7
2006,percentage,female,hesse,code06,13.8
2007,percentage,female,hesse,code06,13.7
2008,percentage,female,hesse,code06,11.7
2009,percentage,female,hesse,code06,10.4
2010,percentage,female,hesse,code06,10.6
2011,percentage,female,hesse,code06,9.5
2012,percentage,female,hesse,code06,8.43
2013,percentage,female,hesse,code06,9.2
2014,percentage,female,hesse,code06,8.87
2015,percentage,female,hesse,code06,9.42
2016,percentage,female,hesse,code06,9.45
2017,percentage,female,hesse,code06,8.27
2018,percentage,female,hesse,code06,8.91
2019,percentage,female,hesse,code06,8.75
2020,percentage,female,hesse,code06,9.4
2021,percentage,female,hesse,code06,10.6
2030,percentage,,,,
2005,percentage,male,hesse,code06,13.9
2006,percentage,male,hesse,code06,15.6
2007,percentage,male,hesse,code06,10.5
2008,percentage,male,hesse,code06,13.0
2009,percentage,male,hesse,code06,12.4
2010,percentage,male,hesse,code06,13.1
2011,percentage,male,hesse,code06,11.67
2012,percentage,male,hesse,code06,9.69
2013,percentage,male,hesse,code06,10.7
2014,percentage,male,hesse,code06,10.43
2015,percentage,male,hesse,code06,9.61
2016,percentage,male,hesse,code06,11.41
2017,percentage,male,hesse,code06,11.79
2018,percentage,male,hesse,code06,12.35
2019,percentage,male,hesse,code06,11.78
2020,percentage,male,hesse,code06,14.8
2021,percentage,male,hesse,code06,16.3
2030,percentage,,,,
2005,percentage,,mecklenburg western pomerania,code13,14.0
2006,percentage,,mecklenburg western pomerania,code13,12.9
2007,percentage,,mecklenburg western pomerania,code13,13.1
2008,percentage,,mecklenburg western pomerania,code13,8.9
2009,percentage,,mecklenburg western pomerania,code13,9.3
2010,percentage,,mecklenburg western pomerania,code13,9.2
2011,percentage,,mecklenburg western pomerania,code13,9.86
2012,percentage,,mecklenburg western pomerania,code13,10.95
2013,percentage,,mecklenburg western pomerania,code13,9.6
2014,percentage,,mecklenburg western pomerania,code13,9.95
2015,percentage,,mecklenburg western pomerania,code13,10.58
2016,percentage,,mecklenburg western pomerania,code13,13.64
2017,percentage,,mecklenburg western pomerania,code13,9.83
2018,percentage,,mecklenburg western pomerania,code13,11.13
2019,percentage,,mecklenburg western pomerania,code13,11.4
2020,percentage,,mecklenburg western pomerania,code13,13.7
2021,percentage,,mecklenburg western pomerania,code13,13.6
2030,percentage,,,,
2005,percentage,female,mecklenburg western pomerania,code13,12.7
2006,percentage,female,mecklenburg western pomerania,code13,12.7
2007,percentage,female,mecklenburg western pomerania,code13,12.1
2008,percentage,female,mecklenburg western pomerania,code13,8.3
2009,percentage,female,mecklenburg western pomerania,code13,8.9
2011,percentage,female,mecklenburg western pomerania,code13,8.77
2012,percentage,female,mecklenburg western pomerania,code13,10.89
2030,percentage,,,,
2005,percentage,male,mecklenburg western pomerania,code13,15.0
2006,percentage,male,mecklenburg western pomerania,code13,13.1
2007,percentage,male,mecklenburg western pomerania,code13,14.0
2008,percentage,male,mecklenburg western pomerania,code13,9.4
2009,percentage,male,mecklenburg western pomerania,code13,9.6
2010,percentage,male,mecklenburg western pomerania,code13,11.6
2011,percentage,male,mecklenburg western pomerania,code13,10.85
2012,percentage,male,mecklenburg western pomerania,code13,10.99
2016,percentage,male,mecklenburg western pomerania,code13,14.3
2018,percentage,male,mecklenburg western pomerania,code13,12.6
2019,percentage,male,mecklenburg western pomerania,code13,11.75
2021,percentage,male,mecklenburg western pomerania,code13,11.7
2030,percentage,,,,
2005,percentage,,lower saxony,code03,16.0
2006,percentage,,lower saxony,code03,14.6
2007,percentage,,lower saxony,code03,14.0
2008,percentage,,lower saxony,code03,13.0
2009,percentage,,lower saxony,code03,12.6
2010,percentage,,lower saxony,code03,13.9
2011,percentage,,lower saxony,code03,14.09
2012,percentage,,lower saxony,code03,11.8
2013,percentage,,lower saxony,code03,10.8
2014,percentage,,lower saxony,code03,10.69
2015,percentage,,lower saxony,code03,10.67
2016,percentage,,lower saxony,code03,12.05
2017,percentage,,lower saxony,code03,11.33
2018,percentage,,lower saxony,code03,11.0
2019,percentage,,lower saxony,code03,11.91
2020,percentage,,lower saxony,code03,10.4
2021,percentage,,lower saxony,code03,12.2
2030,percentage,,,,
2005,percentage,female,lower saxony,code03,18.5
2006,percentage,female,lower saxony,code03,14.3
2007,percentage,female,lower saxony,code03,13.6
2008,percentage,female,lower saxony,code03,12.1
2009,percentage,female,lower saxony,code03,12.4
2010,percentage,female,lower saxony,code03,12.8
2011,percentage,female,lower saxony,code03,13.71
2012,percentage,female,lower saxony,code03,9.97
2013,percentage,female,lower saxony,code03,10.4
2014,percentage,female,lower saxony,code03,9.88
2015,percentage,female,lower saxony,code03,10.48
2016,percentage,female,lower saxony,code03,11.55
2017,percentage,female,lower saxony,code03,10.35
2018,percentage,female,lower saxony,code03,9.74
2019,percentage,female,lower saxony,code03,10.67
2020,percentage,female,lower saxony,code03,8.7
2021,percentage,female,lower saxony,code03,10.8
2030,percentage,,,,
2005,percentage,male,lower saxony,code03,13.7
2006,percentage,male,lower saxony,code03,14.9
2007,percentage,male,lower saxony,code03,14.3
2008,percentage,male,lower saxony,code03,13.8
2009,percentage,male,lower saxony,code03,12.7
2010,percentage,male,lower saxony,code03,15.0
2011,percentage,male,lower saxony,code03,14.45
2012,percentage,male,lower saxony,code03,13.46
2013,percentage,male,lower saxony,code03,11.1
2014,percentage,male,lower saxony,code03,11.45
2015,percentage,male,lower saxony,code03,10.84
2016,percentage,male,lower saxony,code03,12.51
2017,percentage,male,lower saxony,code03,12.21
2018,percentage,male,lower saxony,code03,12.13
2019,percentage,male,lower saxony,code03,13.06
2020,percentage,male,lower saxony,code03,11.9
2021,percentage,male,lower saxony,code03,13.5
2030,percentage,,,,
2005,percentage,,north rhine-westphalia,code05,15.8
2006,percentage,,north rhine-westphalia,code05,16.7
2007,percentage,,north rhine-westphalia,code05,15.0
2008,percentage,,north rhine-westphalia,code05,14.5
2009,percentage,,north rhine-westphalia,code05,13.7
2010,percentage,,north rhine-westphalia,code05,14.6
2011,percentage,,north rhine-westphalia,code05,13.56
2012,percentage,,north rhine-westphalia,code05,12.77
2013,percentage,,north rhine-westphalia,code05,11.6
2014,percentage,,north rhine-westphalia,code05,11.25
2015,percentage,,north rhine-westphalia,code05,11.42
2016,percentage,,north rhine-westphalia,code05,11.41
2017,percentage,,north rhine-westphalia,code05,11.58
2018,percentage,,north rhine-westphalia,code05,11.98
2019,percentage,,north rhine-westphalia,code05,11.17
2020,percentage,,north rhine-westphalia,code05,10.8
2021,percentage,,north rhine-westphalia,code05,11.8
2030,percentage,,,,
2005,percentage,female,north rhine-westphalia,code05,15.6
2006,percentage,female,north rhine-westphalia,code05,16.0
2007,percentage,female,north rhine-westphalia,code05,13.9
2008,percentage,female,north rhine-westphalia,code05,14.5
2009,percentage,female,north rhine-westphalia,code05,13.5
2010,percentage,female,north rhine-westphalia,code05,13.5
2011,percentage,female,north rhine-westphalia,code05,12.34
2012,percentage,female,north rhine-westphalia,code05,12.12
2013,percentage,female,north rhine-westphalia,code05,10.8
2014,percentage,female,north rhine-westphalia,code05,11.05
2015,percentage,female,north rhine-westphalia,code05,11.46
2016,percentage,female,north rhine-westphalia,code05,10.69
2017,percentage,female,north rhine-westphalia,code05,10.59
2018,percentage,female,north rhine-westphalia,code05,11.15
2019,percentage,female,north rhine-westphalia,code05,9.39
2020,percentage,female,north rhine-westphalia,code05,9.0
2021,percentage,female,north rhine-westphalia,code05,9.8
2030,percentage,,,,
2005,percentage,male,north rhine-westphalia,code05,16.0
2006,percentage,male,north rhine-westphalia,code05,17.4
2007,percentage,male,north rhine-westphalia,code05,16.1
2008,percentage,male,north rhine-westphalia,code05,14.6
2009,percentage,male,north rhine-westphalia,code05,14.0
2010,percentage,male,north rhine-westphalia,code05,15.7
2011,percentage,male,north rhine-westphalia,code05,14.76
2012,percentage,male,north rhine-westphalia,code05,13.39
2013,percentage,male,north rhine-westphalia,code05,12.3
2014,percentage,male,north rhine-westphalia,code05,11.43
2015,percentage,male,north rhine-westphalia,code05,11.38
2016,percentage,male,north rhine-westphalia,code05,12.08
2017,percentage,male,north rhine-westphalia,code05,12.47
2018,percentage,male,north rhine-westphalia,code05,12.72
2019,percentage,male,north rhine-westphalia,code05,12.79
2020,percentage,male,north rhine-westphalia,code05,12.4
2021,percentage,male,north rhine-westphalia,code05,13.6
2030,percentage,,,,
2005,percentage,,rhineland palatinate,code07,16.4
2006,percentage,,rhineland palatinate,code07,15.3
2007,percentage,,rhineland palatinate,code07,15.5
2008,percentage,,rhineland palatinate,code07,12.4
2009,percentage,,rhineland palatinate,code07,13.7
2010,percentage,,rhineland palatinate,code07,15.5
2011,percentage,,rhineland palatinate,code07,13.52
2012,percentage,,rhineland palatinate,code07,12.5
2013,percentage,,rhineland palatinate,code07,13.1
2014,percentage,,rhineland palatinate,code07,10.4
2015,percentage,,rhineland palatinate,code07,12.18
2016,percentage,,rhineland palatinate,code07,11.83
2017,percentage,,rhineland palatinate,code07,11.74
2018,percentage,,rhineland palatinate,code07,11.53
2019,percentage,,rhineland palatinate,code07,11.62
2020,percentage,,rhineland palatinate,code07,10.1
2021,percentage,,rhineland palatinate,code07,13.0
2030,percentage,,,,
2005,percentage,female,rhineland palatinate,code07,17.6
2006,percentage,female,rhineland palatinate,code07,16.5
2007,percentage,female,rhineland palatinate,code07,13.0
2008,percentage,female,rhineland palatinate,code07,11.7
2009,percentage,female,rhineland palatinate,code07,13.5
2010,percentage,female,rhineland palatinate,code07,14.5
2011,percentage,female,rhineland palatinate,code07,12.2
2012,percentage,female,rhineland palatinate,code07,13.23
2013,percentage,female,rhineland palatinate,code07,12.7
2014,percentage,female,rhineland palatinate,code07,9.92
2015,percentage,female,rhineland palatinate,code07,12.22
2016,percentage,female,rhineland palatinate,code07,10.38
2017,percentage,female,rhineland palatinate,code07,10.04
2018,percentage,female,rhineland palatinate,code07,9.59
2019,percentage,female,rhineland palatinate,code07,10.51
2020,percentage,female,rhineland palatinate,code07,7.9
2021,percentage,female,rhineland palatinate,code07,10.8
2030,percentage,,,,
2005,percentage,male,rhineland palatinate,code07,15.1
2006,percentage,male,rhineland palatinate,code07,14.2
2007,percentage,male,rhineland palatinate,code07,17.7
2008,percentage,male,rhineland palatinate,code07,13.1
2009,percentage,male,rhineland palatinate,code07,13.9
2010,percentage,male,rhineland palatinate,code07,16.6
2011,percentage,male,rhineland palatinate,code07,14.79
2012,percentage,male,rhineland palatinate,code07,11.78
2013,percentage,male,rhineland palatinate,code07,13.4
2014,percentage,male,rhineland palatinate,code07,10.89
2015,percentage,male,rhineland palatinate,code07,12.14
2016,percentage,male,rhineland palatinate,code07,13.17
2017,percentage,male,rhineland palatinate,code07,13.28
2018,percentage,male,rhineland palatinate,code07,13.21
2019,percentage,male,rhineland palatinate,code07,12.61
2020,percentage,male,rhineland palatinate,code07,12.1
2021,percentage,male,rhineland palatinate,code07,14.9
2030,percentage,,,,
2005,percentage,,saarland,code10,20.6
2006,percentage,,saarland,code10,20.8
2007,percentage,,saarland,code10,16.3
2008,percentage,,saarland,code10,14.1
2009,percentage,,saarland,code10,14.4
2010,percentage,,saarland,code10,13.2
2011,percentage,,saarland,code10,15.44
2012,percentage,,saarland,code10,12.86
2013,percentage,,saarland,code10,14.1
2014,percentage,,saarland,code10,11.88
2015,percentage,,saarland,code10,12.23
2016,percentage,,saarland,code10,10.32
2017,percentage,,saarland,code10,11.68
2018,percentage,,saarland,code10,11.78
2019,percentage,,saarland,code10,11.52
2030,percentage,,,,
2005,percentage,female,saarland,code10,15.5
2006,percentage,female,saarland,code10,18.8
2007,percentage,female,saarland,code10,15.9
2009,percentage,female,saarland,code10,14.0
2013,percentage,female,saarland,code10,14.2
2015,percentage,female,saarland,code10,15.93
2030,percentage,,,,
2005,percentage,male,saarland,code10,26.4
2006,percentage,male,saarland,code10,22.9
2007,percentage,male,saarland,code10,16.8
2008,percentage,male,saarland,code10,13.9
2009,percentage,male,saarland,code10,14.8
2010,percentage,male,saarland,code10,14.8
2011,percentage,male,saarland,code10,18.44
2012,percentage,male,saarland,code10,14.72
2013,percentage,male,saarland,code10,14.0
2017,percentage,male,saarland,code10,13.0
2030,percentage,,,,
2005,percentage,,saxony,code14,9.8
2006,percentage,,saxony,code14,8.9
2007,percentage,,saxony,code14,8.4
2008,percentage,,saxony,code14,7.4
2009,percentage,,saxony,code14,6.7
2010,percentage,,saxony,code14,7.6
2011,percentage,,saxony,code14,7.68
2012,percentage,,saxony,code14,7.71
2013,percentage,,saxony,code14,6.5
2014,percentage,,saxony,code14,6.82
2015,percentage,,saxony,code14,8.44
2016,percentage,,saxony,code14,7.74
2017,percentage,,saxony,code14,8.57
2018,percentage,,saxony,code14,7.51
2019,percentage,,saxony,code14,8.29
2020,percentage,,saxony,code14,8.0
2021,percentage,,saxony,code14,9.3
2030,percentage,,,,
2005,percentage,female,saxony,code14,10.5
2006,percentage,female,saxony,code14,7.8
2007,percentage,female,saxony,code14,8.6
2008,percentage,female,saxony,code14,5.8
2009,percentage,female,saxony,code14,6.6
2010,percentage,female,saxony,code14,7.6
2011,percentage,female,saxony,code14,7.46
2012,percentage,female,saxony,code14,7.23
2013,percentage,female,saxony,code14,6.7
2014,percentage,female,saxony,code14,6.64
2015,percentage,female,saxony,code14,7.14
2016,percentage,female,saxony,code14,7.03
2017,percentage,female,saxony,code14,9.81
2018,percentage,female,saxony,code14,7.0
2019,percentage,female,saxony,code14,6.97
2021,percentage,female,saxony,code14,8.0
2030,percentage,,,,
2005,percentage,male,saxony,code14,9.1
2006,percentage,male,saxony,code14,9.9
2007,percentage,male,saxony,code14,8.2
2008,percentage,male,saxony,code14,8.8
2009,percentage,male,saxony,code14,6.7
2010,percentage,male,saxony,code14,7.6
2011,percentage,male,saxony,code14,7.89
2012,percentage,male,saxony,code14,8.15
2013,percentage,male,saxony,code14,6.3
2014,percentage,male,saxony,code14,7.0
2015,percentage,male,saxony,code14,9.62
2016,percentage,male,saxony,code14,8.33
2017,percentage,male,saxony,code14,7.46
2018,percentage,male,saxony,code14,7.95
2019,percentage,male,saxony,code14,9.39
2020,percentage,male,saxony,code14,8.9
2021,percentage,male,saxony,code14,10.5
2030,percentage,,,,
2005,percentage,,saxony-anhalt,code15,12.4
2006,percentage,,saxony-anhalt,code15,12.2
2007,percentage,,saxony-anhalt,code15,11.8
2008,percentage,,saxony-anhalt,code15,12.1
2009,percentage,,saxony-anhalt,code15,10.8
2010,percentage,,saxony-anhalt,code15,11.7
2011,percentage,,saxony-anhalt,code15,12.92
2012,percentage,,saxony-anhalt,code15,11.05
2013,percentage,,saxony-anhalt,code15,9.7
2014,percentage,,saxony-anhalt,code15,9.3
2015,percentage,,saxony-anhalt,code15,12.17
2016,percentage,,saxony-anhalt,code15,11.17
2017,percentage,,saxony-anhalt,code15,13.56
2018,percentage,,saxony-anhalt,code15,9.07
2019,percentage,,saxony-anhalt,code15,12.68
2020,percentage,,saxony-anhalt,code15,13.2
2021,percentage,,saxony-anhalt,code15,17.0
2030,percentage,,,,
2005,percentage,female,saxony-anhalt,code15,9.8
2006,percentage,female,saxony-anhalt,code15,11.0
2007,percentage,female,saxony-anhalt,code15,9.5
2008,percentage,female,saxony-anhalt,code15,11.2
2009,percentage,female,saxony-anhalt,code15,9.8
2010,percentage,female,saxony-anhalt,code15,9.1
2011,percentage,female,saxony-anhalt,code15,11.65
2012,percentage,female,saxony-anhalt,code15,10.08
2015,percentage,female,saxony-anhalt,code15,11.66
2017,percentage,female,saxony-anhalt,code15,11.9
2019,percentage,female,saxony-anhalt,code15,9.99
2021,percentage,female,saxony-anhalt,code15,15.5
2030,percentage,,,,
2005,percentage,male,saxony-anhalt,code15,14.7
2006,percentage,male,saxony-anhalt,code15,13.3
2007,percentage,male,saxony-anhalt,code15,14.0
2008,percentage,male,saxony-anhalt,code15,13.0
2009,percentage,male,saxony-anhalt,code15,11.7
2010,percentage,male,saxony-anhalt,code15,13.9
2011,percentage,male,saxony-anhalt,code15,13.98
2012,percentage,male,saxony-anhalt,code15,11.83
2013,percentage,male,saxony-anhalt,code15,10.5
2014,percentage,male,saxony-anhalt,code15,9.37
2015,percentage,male,saxony-anhalt,code15,12.61
2016,percentage,male,saxony-anhalt,code15,13.31
2017,percentage,male,saxony-anhalt,code15,14.98
2018,percentage,male,saxony-anhalt,code15,9.99
2019,percentage,male,saxony-anhalt,code15,14.82
2021,percentage,male,saxony-anhalt,code15,18.2
2030,percentage,,,,
2005,percentage,,schleswig-holstein,code01,15.1
2006,percentage,,schleswig-holstein,code01,17.1
2007,percentage,,schleswig-holstein,code01,11.8
2008,percentage,,schleswig-holstein,code01,13.6
2009,percentage,,schleswig-holstein,code01,12.1
2010,percentage,,schleswig-holstein,code01,12.6
2011,percentage,,schleswig-holstein,code01,12.86
2012,percentage,,schleswig-holstein,code01,12.28
2013,percentage,,schleswig-holstein,code01,10.3
2014,percentage,,schleswig-holstein,code01,12.81
2015,percentage,,schleswig-holstein,code01,10.56
2016,percentage,,schleswig-holstein,code01,10.73
2017,percentage,,schleswig-holstein,code01,9.07
2018,percentage,,schleswig-holstein,code01,10.09
2019,percentage,,schleswig-holstein,code01,10.97
2020,percentage,,schleswig-holstein,code01,11.8
2021,percentage,,schleswig-holstein,code01,12.5
2030,percentage,,,,
2005,percentage,female,schleswig-holstein,code01,14.2
2006,percentage,female,schleswig-holstein,code01,16.1
2007,percentage,female,schleswig-holstein,code01,11.6
2008,percentage,female,schleswig-holstein,code01,13.5
2009,percentage,female,schleswig-holstein,code01,13.1
2010,percentage,female,schleswig-holstein,code01,12.8
2011,percentage,female,schleswig-holstein,code01,11.99
2012,percentage,female,schleswig-holstein,code01,11.61
2013,percentage,female,schleswig-holstein,code01,10.3
2014,percentage,female,schleswig-holstein,code01,12.51
2015,percentage,female,schleswig-holstein,code01,8.94
2016,percentage,female,schleswig-holstein,code01,10.64
2017,percentage,female,schleswig-holstein,code01,7.62
2018,percentage,female,schleswig-holstein,code01,8.93
2019,percentage,female,schleswig-holstein,code01,8.66
2021,percentage,female,schleswig-holstein,code01,11.0
2030,percentage,,,,
2005,percentage,male,schleswig-holstein,code01,16.1
2006,percentage,male,schleswig-holstein,code01,18.2
2007,percentage,male,schleswig-holstein,code01,11.9
2008,percentage,male,schleswig-holstein,code01,13.8
2009,percentage,male,schleswig-holstein,code01,11.2
2010,percentage,male,schleswig-holstein,code01,12.5
2011,percentage,male,schleswig-holstein,code01,13.62
2012,percentage,male,schleswig-holstein,code01,12.87
2013,percentage,male,schleswig-holstein,code01,10.4
2014,percentage,male,schleswig-holstein,code01,13.09
2015,percentage,male,schleswig-holstein,code01,12.06
2016,percentage,male,schleswig-holstein,code01,10.82
2017,percentage,male,schleswig-holstein,code01,10.38
2018,percentage,male,schleswig-holstein,code01,11.18
2019,percentage,male,schleswig-holstein,code01,13.23
2020,percentage,male,schleswig-holstein,code01,14.2
2021,percentage,male,schleswig-holstein,code01,13.9
2030,percentage,,,,
2005,percentage,,thuringia,code16,6.6
2006,percentage,,thuringia,code16,8.8
2007,percentage,,thuringia,code16,10.2
2008,percentage,,thuringia,code16,7.4
2009,percentage,,thuringia,code16,5.4
2010,percentage,,thuringia,code16,6.3
2011,percentage,,thuringia,code16,7.65
2012,percentage,,thuringia,code16,6.99
2013,percentage,,thuringia,code16,7.7
2014,percentage,,thuringia,code16,6.12
2015,percentage,,thuringia,code16,8.33
2016,percentage,,thuringia,code16,8.8
2017,percentage,,thuringia,code16,8.71
2018,percentage,,thuringia,code16,8.46
2019,percentage,,thuringia,code16,9.6
2020,percentage,,thuringia,code16,9.1
2021,percentage,,thuringia,code16,10.8
2030,percentage,,,,
2005,percentage,female,thuringia,code16,7.2
2006,percentage,female,thuringia,code16,8.6
2007,percentage,female,thuringia,code16,11.6
2008,percentage,female,thuringia,code16,7.1
2009,percentage,female,thuringia,code16,6.0
2010,percentage,female,thuringia,code16,6.4
2011,percentage,female,thuringia,code16,6.67
2030,percentage,,,,
2005,percentage,male,thuringia,code16,6.1
2006,percentage,male,thuringia,code16,9.0
2007,percentage,male,thuringia,code16,8.8
2008,percentage,male,thuringia,code16,7.7
2009,percentage,male,thuringia,code16,4.8
2010,percentage,male,thuringia,code16,6.2
2011,percentage,male,thuringia,code16,8.49
2012,percentage,male,thuringia,code16,8.04
2013,percentage,male,thuringia,code16,8.3
2015,percentage,male,thuringia,code16,9.13
2016,percentage,male,thuringia,code16,10.02
2017,percentage,male,thuringia,code16,10.56
2018,percentage,male,thuringia,code16,10.1
2019,percentage,male,thuringia,code16,10.48
2021,percentage,male,thuringia,code16,12.2
2030,percentage,,,,
