Year,Units,Series,COMMENT_OBS_0,federal state,GeoCode,Value
2008,percentage,<u>time series of the indicator:</u> children whose fathers have received parental allowance,,,,21.2
2009,percentage,<u>time series of the indicator:</u> children whose fathers have received parental allowance,,,,24.0
2010,percentage,<u>time series of the indicator:</u> children whose fathers have received parental allowance,,,,25.9
2011,percentage,<u>time series of the indicator:</u> children whose fathers have received parental allowance,,,,28.0
2012,percentage,<u>time series of the indicator:</u> children whose fathers have received parental allowance,,,,30.0
2013,percentage,<u>time series of the indicator:</u> children whose fathers have received parental allowance,,,,32.6
2014,percentage,<u>time series of the indicator:</u> children whose fathers have received parental allowance,,,,34.8
2015,percentage,<u>time series of the indicator:</u> children whose fathers have received parental allowance,,,,36.9
2016,percentage,<u>time series of the indicator:</u> children whose fathers have received parental allowance,,,,38.8
2017,percentage,<u>time series of the indicator:</u> children whose fathers have received parental allowance,,,,40.4
2018,percentage,<u>time series of the indicator:</u> children whose fathers have received parental allowance,,,,42.1
2019,percentage,<u>time series of the indicator:</u> children whose fathers have received parental allowance,,,,43.5
2020,percentage,<u>time series of the indicator:</u> children whose fathers have received parental allowance,,,,43.7
2021,percentage,<u>time series of the indicator:</u> children whose fathers have received parental allowance,,,,46.2
2022,percentage,<u>time series of the indicator:</u> children whose fathers have received parental allowance,,,,46.3
2030,percentage,<u>time series of the indicator:</u> children whose fathers have received parental allowance,…,,,
2008,percentage,<u>additional time series:</u> male recipients of all parental allowance months taken,.,,,
2009,percentage,<u>additional time series:</u> male recipients of all parental allowance months taken,,,,6.8
2010,percentage,<u>additional time series:</u> male recipients of all parental allowance months taken,,,,7.0
2011,percentage,<u>additional time series:</u> male recipients of all parental allowance months taken,,,,7.4
2012,percentage,<u>additional time series:</u> male recipients of all parental allowance months taken,,,,7.7
2013,percentage,<u>additional time series:</u> male recipients of all parental allowance months taken,,,,8.2
2014,percentage,<u>additional time series:</u> male recipients of all parental allowance months taken,,,,8.6
2015,percentage,<u>additional time series:</u> male recipients of all parental allowance months taken,,,,8.8
2016,percentage,<u>additional time series:</u> male recipients of all parental allowance months taken,,,,9.1
2017,percentage,<u>additional time series:</u> male recipients of all parental allowance months taken,,,,9.3
2018,percentage,<u>additional time series:</u> male recipients of all parental allowance months taken,,,,9.5
2019,percentage,<u>additional time series:</u> male recipients of all parental allowance months taken,,,,9.6
2020,percentage,<u>additional time series:</u> male recipients of all parental allowance months taken,,,,9.6
2021,percentage,<u>additional time series:</u> male recipients of all parental allowance months taken,,,,10.0
2022,percentage,<u>additional time series:</u> male recipients of all parental allowance months taken,,,,10.0
2030,percentage,<u>additional time series:</u> male recipients of all parental allowance months taken,…,,,
2008,percentage,<u>time series of the indicator:</u> children whose fathers have received parental allowance,,baden-wuerttemberg,code08,20.6
2009,percentage,<u>time series of the indicator:</u> children whose fathers have received parental allowance,,baden-wuerttemberg,code08,24.6
2010,percentage,<u>time series of the indicator:</u> children whose fathers have received parental allowance,,baden-wuerttemberg,code08,27.4
2011,percentage,<u>time series of the indicator:</u> children whose fathers have received parental allowance,,baden-wuerttemberg,code08,30.5
2012,percentage,<u>time series of the indicator:</u> children whose fathers have received parental allowance,,baden-wuerttemberg,code08,33.4
2013,percentage,<u>time series of the indicator:</u> children whose fathers have received parental allowance,,baden-wuerttemberg,code08,36.7
2014,percentage,<u>time series of the indicator:</u> children whose fathers have received parental allowance,,baden-wuerttemberg,code08,39.2
2015,percentage,<u>time series of the indicator:</u> children whose fathers have received parental allowance,,baden-wuerttemberg,code08,40.9
2016,percentage,<u>time series of the indicator:</u> children whose fathers have received parental allowance,,baden-wuerttemberg,code08,42.2
2017,percentage,<u>time series of the indicator:</u> children whose fathers have received parental allowance,,baden-wuerttemberg,code08,43.7
2018,percentage,<u>time series of the indicator:</u> children whose fathers have received parental allowance,,baden-wuerttemberg,code08,45.4
2019,percentage,<u>time series of the indicator:</u> children whose fathers have received parental allowance,,baden-wuerttemberg,code08,46.7
2020,percentage,<u>time series of the indicator:</u> children whose fathers have received parental allowance,,baden-wuerttemberg,code08,47.3
2021,percentage,<u>time series of the indicator:</u> children whose fathers have received parental allowance,,baden-wuerttemberg,code08,50.2
2022,percentage,<u>time series of the indicator:</u> children whose fathers have received parental allowance,,baden-wuerttemberg,code08,50.4
2030,percentage,<u>time series of the indicator:</u> children whose fathers have received parental allowance,…,baden-wuerttemberg,code08,
2008,percentage,<u>time series of the indicator:</u> children whose fathers have received parental allowance,,bavaria,code09,27.4
2009,percentage,<u>time series of the indicator:</u> children whose fathers have received parental allowance,,bavaria,code09,30.7
2010,percentage,<u>time series of the indicator:</u> children whose fathers have received parental allowance,,bavaria,code09,33.5
2011,percentage,<u>time series of the indicator:</u> children whose fathers have received parental allowance,,bavaria,code09,36.5
2012,percentage,<u>time series of the indicator:</u> children whose fathers have received parental allowance,,bavaria,code09,38.6
2013,percentage,<u>time series of the indicator:</u> children whose fathers have received parental allowance,,bavaria,code09,40.5
2014,percentage,<u>time series of the indicator:</u> children whose fathers have received parental allowance,,bavaria,code09,42.2
2015,percentage,<u>time series of the indicator:</u> children whose fathers have received parental allowance,,bavaria,code09,44.8
2016,percentage,<u>time series of the indicator:</u> children whose fathers have received parental allowance,,bavaria,code09,46.5
2017,percentage,<u>time series of the indicator:</u> children whose fathers have received parental allowance,,bavaria,code09,47.7
2018,percentage,<u>time series of the indicator:</u> children whose fathers have received parental allowance,,bavaria,code09,49.3
2019,percentage,<u>time series of the indicator:</u> children whose fathers have received parental allowance,,bavaria,code09,50.7
2020,percentage,<u>time series of the indicator:</u> children whose fathers have received parental allowance,,bavaria,code09,50.9
2021,percentage,<u>time series of the indicator:</u> children whose fathers have received parental allowance,,bavaria,code09,53.5
2022,percentage,<u>time series of the indicator:</u> children whose fathers have received parental allowance,,bavaria,code09,53.8
2030,percentage,<u>time series of the indicator:</u> children whose fathers have received parental allowance,…,bavaria,code09,
2008,percentage,<u>time series of the indicator:</u> children whose fathers have received parental allowance,,berlin,code11,27.5
2009,percentage,<u>time series of the indicator:</u> children whose fathers have received parental allowance,,berlin,code11,30.7
2010,percentage,<u>time series of the indicator:</u> children whose fathers have received parental allowance,,berlin,code11,32.2
2011,percentage,<u>time series of the indicator:</u> children whose fathers have received parental allowance,,berlin,code11,33.7
2012,percentage,<u>time series of the indicator:</u> children whose fathers have received parental allowance,,berlin,code11,35.5
2013,percentage,<u>time series of the indicator:</u> children whose fathers have received parental allowance,,berlin,code11,37.9
2014,percentage,<u>time series of the indicator:</u> children whose fathers have received parental allowance,,berlin,code11,39.7
2015,percentage,<u>time series of the indicator:</u> children whose fathers have received parental allowance,,berlin,code11,40.9
2016,percentage,<u>time series of the indicator:</u> children whose fathers have received parental allowance,,berlin,code11,42.9
2017,percentage,<u>time series of the indicator:</u> children whose fathers have received parental allowance,,berlin,code11,43.8
2018,percentage,<u>time series of the indicator:</u> children whose fathers have received parental allowance,,berlin,code11,45.2
2019,percentage,<u>time series of the indicator:</u> children whose fathers have received parental allowance,,berlin,code11,46.1
2020,percentage,<u>time series of the indicator:</u> children whose fathers have received parental allowance,,berlin,code11,45.6
2021,percentage,<u>time series of the indicator:</u> children whose fathers have received parental allowance,,berlin,code11,46.6
2022,percentage,<u>time series of the indicator:</u> children whose fathers have received parental allowance,,berlin,code11,45.5
2030,percentage,<u>time series of the indicator:</u> children whose fathers have received parental allowance,…,berlin,code11,
2008,percentage,<u>time series of the indicator:</u> children whose fathers have received parental allowance,,brandenburg,code12,25.5
2009,percentage,<u>time series of the indicator:</u> children whose fathers have received parental allowance,,brandenburg,code12,27.3
2010,percentage,<u>time series of the indicator:</u> children whose fathers have received parental allowance,,brandenburg,code12,28.1
2011,percentage,<u>time series of the indicator:</u> children whose fathers have received parental allowance,,brandenburg,code12,30.2
2012,percentage,<u>time series of the indicator:</u> children whose fathers have received parental allowance,,brandenburg,code12,32.4
2013,percentage,<u>time series of the indicator:</u> children whose fathers have received parental allowance,,brandenburg,code12,34.8
2014,percentage,<u>time series of the indicator:</u> children whose fathers have received parental allowance,,brandenburg,code12,36.6
2015,percentage,<u>time series of the indicator:</u> children whose fathers have received parental allowance,,brandenburg,code12,40.0
2016,percentage,<u>time series of the indicator:</u> children whose fathers have received parental allowance,,brandenburg,code12,42.5
2017,percentage,<u>time series of the indicator:</u> children whose fathers have received parental allowance,,brandenburg,code12,44.9
2018,percentage,<u>time series of the indicator:</u> children whose fathers have received parental allowance,,brandenburg,code12,45.8
2019,percentage,<u>time series of the indicator:</u> children whose fathers have received parental allowance,,brandenburg,code12,48.4
2020,percentage,<u>time series of the indicator:</u> children whose fathers have received parental allowance,,brandenburg,code12,48.2
2021,percentage,<u>time series of the indicator:</u> children whose fathers have received parental allowance,,brandenburg,code12,50.5
2022,percentage,<u>time series of the indicator:</u> children whose fathers have received parental allowance,,brandenburg,code12,50.2
2030,percentage,<u>time series of the indicator:</u> children whose fathers have received parental allowance,…,brandenburg,code12,
2008,percentage,<u>time series of the indicator:</u> children whose fathers have received parental allowance,,bremen,code04,18.3
2009,percentage,<u>time series of the indicator:</u> children whose fathers have received parental allowance,,bremen,code04,19.9
2010,percentage,<u>time series of the indicator:</u> children whose fathers have received parental allowance,,bremen,code04,19.3
2011,percentage,<u>time series of the indicator:</u> children whose fathers have received parental allowance,,bremen,code04,21.7
2012,percentage,<u>time series of the indicator:</u> children whose fathers have received parental allowance,,bremen,code04,22.9
2013,percentage,<u>time series of the indicator:</u> children whose fathers have received parental allowance,,bremen,code04,25.8
2014,percentage,<u>time series of the indicator:</u> children whose fathers have received parental allowance,,bremen,code04,27.1
2015,percentage,<u>time series of the indicator:</u> children whose fathers have received parental allowance,,bremen,code04,28.1
2016,percentage,<u>time series of the indicator:</u> children whose fathers have received parental allowance,,bremen,code04,31.0
2017,percentage,<u>time series of the indicator:</u> children whose fathers have received parental allowance,,bremen,code04,33.4
2018,percentage,<u>time series of the indicator:</u> children whose fathers have received parental allowance,,bremen,code04,35.0
2019,percentage,<u>time series of the indicator:</u> children whose fathers have received parental allowance,,bremen,code04,36.3
2020,percentage,<u>time series of the indicator:</u> children whose fathers have received parental allowance,,bremen,code04,33.9
2021,percentage,<u>time series of the indicator:</u> children whose fathers have received parental allowance,,bremen,code04,37.6
2022,percentage,<u>time series of the indicator:</u> children whose fathers have received parental allowance,,bremen,code04,35.0
2030,percentage,<u>time series of the indicator:</u> children whose fathers have received parental allowance,…,bremen,code04,
2008,percentage,<u>time series of the indicator:</u> children whose fathers have received parental allowance,,hamburg,code02,22.9
2009,percentage,<u>time series of the indicator:</u> children whose fathers have received parental allowance,,hamburg,code02,27.4
2010,percentage,<u>time series of the indicator:</u> children whose fathers have received parental allowance,,hamburg,code02,28.5
2011,percentage,<u>time series of the indicator:</u> children whose fathers have received parental allowance,,hamburg,code02,31.1
2012,percentage,<u>time series of the indicator:</u> children whose fathers have received parental allowance,,hamburg,code02,33.7
2013,percentage,<u>time series of the indicator:</u> children whose fathers have received parental allowance,,hamburg,code02,36.2
2014,percentage,<u>time series of the indicator:</u> children whose fathers have received parental allowance,,hamburg,code02,38.0
2015,percentage,<u>time series of the indicator:</u> children whose fathers have received parental allowance,,hamburg,code02,40.2
2016,percentage,<u>time series of the indicator:</u> children whose fathers have received parental allowance,,hamburg,code02,41.0
2017,percentage,<u>time series of the indicator:</u> children whose fathers have received parental allowance,,hamburg,code02,42.5
2018,percentage,<u>time series of the indicator:</u> children whose fathers have received parental allowance,,hamburg,code02,44.8
2019,percentage,<u>time series of the indicator:</u> children whose fathers have received parental allowance,,hamburg,code02,45.9
2020,percentage,<u>time series of the indicator:</u> children whose fathers have received parental allowance,,hamburg,code02,44.9
2021,percentage,<u>time series of the indicator:</u> children whose fathers have received parental allowance,,hamburg,code02,47.1
2022,percentage,<u>time series of the indicator:</u> children whose fathers have received parental allowance,,hamburg,code02,46.3
2030,percentage,<u>time series of the indicator:</u> children whose fathers have received parental allowance,…,hamburg,code02,
2008,percentage,<u>time series of the indicator:</u> children whose fathers have received parental allowance,,hesse,code06,20.3
2009,percentage,<u>time series of the indicator:</u> children whose fathers have received parental allowance,,hesse,code06,23.3
2010,percentage,<u>time series of the indicator:</u> children whose fathers have received parental allowance,,hesse,code06,25.3
2011,percentage,<u>time series of the indicator:</u> children whose fathers have received parental allowance,,hesse,code06,27.2
2012,percentage,<u>time series of the indicator:</u> children whose fathers have received parental allowance,,hesse,code06,29.4
2013,percentage,<u>time series of the indicator:</u> children whose fathers have received parental allowance,,hesse,code06,30.8
2014,percentage,<u>time series of the indicator:</u> children whose fathers have received parental allowance,,hesse,code06,33.1
2015,percentage,<u>time series of the indicator:</u> children whose fathers have received parental allowance,,hesse,code06,34.4
2016,percentage,<u>time series of the indicator:</u> children whose fathers have received parental allowance,,hesse,code06,35.8
2017,percentage,<u>time series of the indicator:</u> children whose fathers have received parental allowance,,hesse,code06,37.3
2018,percentage,<u>time series of the indicator:</u> children whose fathers have received parental allowance,,hesse,code06,38.5
2019,percentage,<u>time series of the indicator:</u> children whose fathers have received parental allowance,,hesse,code06,38.9
2020,percentage,<u>time series of the indicator:</u> children whose fathers have received parental allowance,,hesse,code06,39.3
2021,percentage,<u>time series of the indicator:</u> children whose fathers have received parental allowance,,hesse,code06,41.7
2022,percentage,<u>time series of the indicator:</u> children whose fathers have received parental allowance,,hesse,code06,42.2
2030,percentage,<u>time series of the indicator:</u> children whose fathers have received parental allowance,…,hesse,code06,
2008,percentage,<u>time series of the indicator:</u> children whose fathers have received parental allowance,,mecklenburg western pomerania,code13,20.5
2009,percentage,<u>time series of the indicator:</u> children whose fathers have received parental allowance,,mecklenburg western pomerania,code13,23.3
2010,percentage,<u>time series of the indicator:</u> children whose fathers have received parental allowance,,mecklenburg western pomerania,code13,23.5
2011,percentage,<u>time series of the indicator:</u> children whose fathers have received parental allowance,,mecklenburg western pomerania,code13,21.3
2012,percentage,<u>time series of the indicator:</u> children whose fathers have received parental allowance,,mecklenburg western pomerania,code13,25.3
2013,percentage,<u>time series of the indicator:</u> children whose fathers have received parental allowance,,mecklenburg western pomerania,code13,26.5
2014,percentage,<u>time series of the indicator:</u> children whose fathers have received parental allowance,,mecklenburg western pomerania,code13,28.0
2015,percentage,<u>time series of the indicator:</u> children whose fathers have received parental allowance,,mecklenburg western pomerania,code13,31.2
2016,percentage,<u>time series of the indicator:</u> children whose fathers have received parental allowance,,mecklenburg western pomerania,code13,35.2
2017,percentage,<u>time series of the indicator:</u> children whose fathers have received parental allowance,,mecklenburg western pomerania,code13,36.5
2018,percentage,<u>time series of the indicator:</u> children whose fathers have received parental allowance,,mecklenburg western pomerania,code13,38.4
2019,percentage,<u>time series of the indicator:</u> children whose fathers have received parental allowance,,mecklenburg western pomerania,code13,39.9
2020,percentage,<u>time series of the indicator:</u> children whose fathers have received parental allowance,,mecklenburg western pomerania,code13,41.3
2021,percentage,<u>time series of the indicator:</u> children whose fathers have received parental allowance,,mecklenburg western pomerania,code13,43.9
2022,percentage,<u>time series of the indicator:</u> children whose fathers have received parental allowance,,mecklenburg western pomerania,code13,42.7
2030,percentage,<u>time series of the indicator:</u> children whose fathers have received parental allowance,…,mecklenburg western pomerania,code13,
2008,percentage,<u>time series of the indicator:</u> children whose fathers have received parental allowance,,lower saxony,code03,19.5
2009,percentage,<u>time series of the indicator:</u> children whose fathers have received parental allowance,,lower saxony,code03,21.6
2010,percentage,<u>time series of the indicator:</u> children whose fathers have received parental allowance,,lower saxony,code03,23.2
2011,percentage,<u>time series of the indicator:</u> children whose fathers have received parental allowance,,lower saxony,code03,25.3
2012,percentage,<u>time series of the indicator:</u> children whose fathers have received parental allowance,,lower saxony,code03,26.9
2013,percentage,<u>time series of the indicator:</u> children whose fathers have received parental allowance,,lower saxony,code03,29.3
2014,percentage,<u>time series of the indicator:</u> children whose fathers have received parental allowance,,lower saxony,code03,31.5
2015,percentage,<u>time series of the indicator:</u> children whose fathers have received parental allowance,,lower saxony,code03,34.5
2016,percentage,<u>time series of the indicator:</u> children whose fathers have received parental allowance,,lower saxony,code03,36.7
2017,percentage,<u>time series of the indicator:</u> children whose fathers have received parental allowance,,lower saxony,code03,38.4
2018,percentage,<u>time series of the indicator:</u> children whose fathers have received parental allowance,,lower saxony,code03,40.6
2019,percentage,<u>time series of the indicator:</u> children whose fathers have received parental allowance,,lower saxony,code03,42.9
2020,percentage,<u>time series of the indicator:</u> children whose fathers have received parental allowance,,lower saxony,code03,42.8
2021,percentage,<u>time series of the indicator:</u> children whose fathers have received parental allowance,,lower saxony,code03,45.8
2022,percentage,<u>time series of the indicator:</u> children whose fathers have received parental allowance,,lower saxony,code03,45.6
2030,percentage,<u>time series of the indicator:</u> children whose fathers have received parental allowance,…,lower saxony,code03,
2008,percentage,<u>time series of the indicator:</u> children whose fathers have received parental allowance,,north rhine-westphalia,code05,16.8
2009,percentage,<u>time series of the indicator:</u> children whose fathers have received parental allowance,,north rhine-westphalia,code05,18.5
2010,percentage,<u>time series of the indicator:</u> children whose fathers have received parental allowance,,north rhine-westphalia,code05,19.7
2011,percentage,<u>time series of the indicator:</u> children whose fathers have received parental allowance,,north rhine-westphalia,code05,20.9
2012,percentage,<u>time series of the indicator:</u> children whose fathers have received parental allowance,,north rhine-westphalia,code05,22.0
2013,percentage,<u>time series of the indicator:</u> children whose fathers have received parental allowance,,north rhine-westphalia,code05,25.6
2014,percentage,<u>time series of the indicator:</u> children whose fathers have received parental allowance,,north rhine-westphalia,code05,27.5
2015,percentage,<u>time series of the indicator:</u> children whose fathers have received parental allowance,,north rhine-westphalia,code05,29.4
2016,percentage,<u>time series of the indicator:</u> children whose fathers have received parental allowance,,north rhine-westphalia,code05,31.7
2017,percentage,<u>time series of the indicator:</u> children whose fathers have received parental allowance,,north rhine-westphalia,code05,33.4
2018,percentage,<u>time series of the indicator:</u> children whose fathers have received parental allowance,,north rhine-westphalia,code05,35.3
2019,percentage,<u>time series of the indicator:</u> children whose fathers have received parental allowance,,north rhine-westphalia,code05,36.7
2020,percentage,<u>time series of the indicator:</u> children whose fathers have received parental allowance,,north rhine-westphalia,code05,37.3
2021,percentage,<u>time series of the indicator:</u> children whose fathers have received parental allowance,,north rhine-westphalia,code05,40.0
2022,percentage,<u>time series of the indicator:</u> children whose fathers have received parental allowance,,north rhine-westphalia,code05,40.6
2030,percentage,<u>time series of the indicator:</u> children whose fathers have received parental allowance,…,north rhine-westphalia,code05,
2008,percentage,<u>time series of the indicator:</u> children whose fathers have received parental allowance,,rhineland palatinate,code07,17.5
2009,percentage,<u>time series of the indicator:</u> children whose fathers have received parental allowance,,rhineland palatinate,code07,20.1
2010,percentage,<u>time series of the indicator:</u> children whose fathers have received parental allowance,,rhineland palatinate,code07,21.7
2011,percentage,<u>time series of the indicator:</u> children whose fathers have received parental allowance,,rhineland palatinate,code07,23.6
2012,percentage,<u>time series of the indicator:</u> children whose fathers have received parental allowance,,rhineland palatinate,code07,25.0
2013,percentage,<u>time series of the indicator:</u> children whose fathers have received parental allowance,,rhineland palatinate,code07,27.3
2014,percentage,<u>time series of the indicator:</u> children whose fathers have received parental allowance,,rhineland palatinate,code07,30.3
2015,percentage,<u>time series of the indicator:</u> children whose fathers have received parental allowance,,rhineland palatinate,code07,31.9
2016,percentage,<u>time series of the indicator:</u> children whose fathers have received parental allowance,,rhineland palatinate,code07,33.5
2017,percentage,<u>time series of the indicator:</u> children whose fathers have received parental allowance,,rhineland palatinate,code07,35.0
2018,percentage,<u>time series of the indicator:</u> children whose fathers have received parental allowance,,rhineland palatinate,code07,37.0
2019,percentage,<u>time series of the indicator:</u> children whose fathers have received parental allowance,,rhineland palatinate,code07,39.4
2020,percentage,<u>time series of the indicator:</u> children whose fathers have received parental allowance,,rhineland palatinate,code07,39.4
2021,percentage,<u>time series of the indicator:</u> children whose fathers have received parental allowance,,rhineland palatinate,code07,41.6
2022,percentage,<u>time series of the indicator:</u> children whose fathers have received parental allowance,,rhineland palatinate,code07,42.0
2030,percentage,<u>time series of the indicator:</u> children whose fathers have received parental allowance,…,rhineland palatinate,code07,
2008,percentage,<u>time series of the indicator:</u> children whose fathers have received parental allowance,,saarland,code10,12.9
2009,percentage,<u>time series of the indicator:</u> children whose fathers have received parental allowance,,saarland,code10,14.6
2010,percentage,<u>time series of the indicator:</u> children whose fathers have received parental allowance,,saarland,code10,16.4
2011,percentage,<u>time series of the indicator:</u> children whose fathers have received parental allowance,,saarland,code10,18.8
2012,percentage,<u>time series of the indicator:</u> children whose fathers have received parental allowance,,saarland,code10,19.1
2013,percentage,<u>time series of the indicator:</u> children whose fathers have received parental allowance,,saarland,code10,21.0
2014,percentage,<u>time series of the indicator:</u> children whose fathers have received parental allowance,,saarland,code10,24.1
2015,percentage,<u>time series of the indicator:</u> children whose fathers have received parental allowance,,saarland,code10,25.3
2016,percentage,<u>time series of the indicator:</u> children whose fathers have received parental allowance,,saarland,code10,28.5
2017,percentage,<u>time series of the indicator:</u> children whose fathers have received parental allowance,,saarland,code10,28.4
2018,percentage,<u>time series of the indicator:</u> children whose fathers have received parental allowance,,saarland,code10,29.2
2019,percentage,<u>time series of the indicator:</u> children whose fathers have received parental allowance,,saarland,code10,32.2
2020,percentage,<u>time series of the indicator:</u> children whose fathers have received parental allowance,,saarland,code10,33.8
2021,percentage,<u>time series of the indicator:</u> children whose fathers have received parental allowance,,saarland,code10,34.7
2022,percentage,<u>time series of the indicator:</u> children whose fathers have received parental allowance,,saarland,code10,34.8
2030,percentage,<u>time series of the indicator:</u> children whose fathers have received parental allowance,…,saarland,code10,
2008,percentage,<u>time series of the indicator:</u> children whose fathers have received parental allowance,,saxony,code14,26.9
2009,percentage,<u>time series of the indicator:</u> children whose fathers have received parental allowance,,saxony,code14,31.0
2010,percentage,<u>time series of the indicator:</u> children whose fathers have received parental allowance,,saxony,code14,33.0
2011,percentage,<u>time series of the indicator:</u> children whose fathers have received parental allowance,,saxony,code14,36.0
2012,percentage,<u>time series of the indicator:</u> children whose fathers have received parental allowance,,saxony,code14,38.5
2013,percentage,<u>time series of the indicator:</u> children whose fathers have received parental allowance,,saxony,code14,41.1
2014,percentage,<u>time series of the indicator:</u> children whose fathers have received parental allowance,,saxony,code14,44.7
2015,percentage,<u>time series of the indicator:</u> children whose fathers have received parental allowance,,saxony,code14,47.5
2016,percentage,<u>time series of the indicator:</u> children whose fathers have received parental allowance,,saxony,code14,49.1
2017,percentage,<u>time series of the indicator:</u> children whose fathers have received parental allowance,,saxony,code14,51.9
2018,percentage,<u>time series of the indicator:</u> children whose fathers have received parental allowance,,saxony,code14,53.5
2019,percentage,<u>time series of the indicator:</u> children whose fathers have received parental allowance,,saxony,code14,54.8
2020,percentage,<u>time series of the indicator:</u> children whose fathers have received parental allowance,,saxony,code14,54.7
2021,percentage,<u>time series of the indicator:</u> children whose fathers have received parental allowance,,saxony,code14,56.3
2022,percentage,<u>time series of the indicator:</u> children whose fathers have received parental allowance,,saxony,code14,55.4
2030,percentage,<u>time series of the indicator:</u> children whose fathers have received parental allowance,…,saxony,code14,
2008,percentage,<u>time series of the indicator:</u> children whose fathers have received parental allowance,,saxony-anhalt,code15,17.6
2009,percentage,<u>time series of the indicator:</u> children whose fathers have received parental allowance,,saxony-anhalt,code15,17.9
2010,percentage,<u>time series of the indicator:</u> children whose fathers have received parental allowance,,saxony-anhalt,code15,20.1
2011,percentage,<u>time series of the indicator:</u> children whose fathers have received parental allowance,,saxony-anhalt,code15,22.2
2012,percentage,<u>time series of the indicator:</u> children whose fathers have received parental allowance,,saxony-anhalt,code15,23.2
2013,percentage,<u>time series of the indicator:</u> children whose fathers have received parental allowance,,saxony-anhalt,code15,25.9
2014,percentage,<u>time series of the indicator:</u> children whose fathers have received parental allowance,,saxony-anhalt,code15,28.6
2015,percentage,<u>time series of the indicator:</u> children whose fathers have received parental allowance,,saxony-anhalt,code15,31.7
2016,percentage,<u>time series of the indicator:</u> children whose fathers have received parental allowance,,saxony-anhalt,code15,35.1
2017,percentage,<u>time series of the indicator:</u> children whose fathers have received parental allowance,,saxony-anhalt,code15,36.8
2018,percentage,<u>time series of the indicator:</u> children whose fathers have received parental allowance,,saxony-anhalt,code15,38.8
2019,percentage,<u>time series of the indicator:</u> children whose fathers have received parental allowance,,saxony-anhalt,code15,40.1
2020,percentage,<u>time series of the indicator:</u> children whose fathers have received parental allowance,,saxony-anhalt,code15,40.5
2021,percentage,<u>time series of the indicator:</u> children whose fathers have received parental allowance,,saxony-anhalt,code15,42.4
2022,percentage,<u>time series of the indicator:</u> children whose fathers have received parental allowance,,saxony-anhalt,code15,42.2
2030,percentage,<u>time series of the indicator:</u> children whose fathers have received parental allowance,…,saxony-anhalt,code15,
2008,percentage,<u>time series of the indicator:</u> children whose fathers have received parental allowance,,schleswig-holstein,code01,18.4
2009,percentage,<u>time series of the indicator:</u> children whose fathers have received parental allowance,,schleswig-holstein,code01,19.9
2010,percentage,<u>time series of the indicator:</u> children whose fathers have received parental allowance,,schleswig-holstein,code01,22.0
2011,percentage,<u>time series of the indicator:</u> children whose fathers have received parental allowance,,schleswig-holstein,code01,24.0
2012,percentage,<u>time series of the indicator:</u> children whose fathers have received parental allowance,,schleswig-holstein,code01,24.7
2013,percentage,<u>time series of the indicator:</u> children whose fathers have received parental allowance,,schleswig-holstein,code01,27.0
2014,percentage,<u>time series of the indicator:</u> children whose fathers have received parental allowance,,schleswig-holstein,code01,29.4
2015,percentage,<u>time series of the indicator:</u> children whose fathers have received parental allowance,,schleswig-holstein,code01,30.8
2016,percentage,<u>time series of the indicator:</u> children whose fathers have received parental allowance,,schleswig-holstein,code01,33.4
2017,percentage,<u>time series of the indicator:</u> children whose fathers have received parental allowance,,schleswig-holstein,code01,34.6
2018,percentage,<u>time series of the indicator:</u> children whose fathers have received parental allowance,,schleswig-holstein,code01,36.5
2019,percentage,<u>time series of the indicator:</u> children whose fathers have received parental allowance,,schleswig-holstein,code01,37.9
2020,percentage,<u>time series of the indicator:</u> children whose fathers have received parental allowance,,schleswig-holstein,code01,37.8
2021,percentage,<u>time series of the indicator:</u> children whose fathers have received parental allowance,,schleswig-holstein,code01,40.6
2022,percentage,<u>time series of the indicator:</u> children whose fathers have received parental allowance,,schleswig-holstein,code01,41.5
2030,percentage,<u>time series of the indicator:</u> children whose fathers have received parental allowance,…,schleswig-holstein,code01,
2008,percentage,<u>time series of the indicator:</u> children whose fathers have received parental allowance,,thuringia,code16,25.0
2009,percentage,<u>time series of the indicator:</u> children whose fathers have received parental allowance,,thuringia,code16,28.4
2010,percentage,<u>time series of the indicator:</u> children whose fathers have received parental allowance,,thuringia,code16,29.4
2011,percentage,<u>time series of the indicator:</u> children whose fathers have received parental allowance,,thuringia,code16,32.1
2012,percentage,<u>time series of the indicator:</u> children whose fathers have received parental allowance,,thuringia,code16,34.6
2013,percentage,<u>time series of the indicator:</u> children whose fathers have received parental allowance,,thuringia,code16,37.0
2014,percentage,<u>time series of the indicator:</u> children whose fathers have received parental allowance,,thuringia,code16,40.6
2015,percentage,<u>time series of the indicator:</u> children whose fathers have received parental allowance,,thuringia,code16,43.3
2016,percentage,<u>time series of the indicator:</u> children whose fathers have received parental allowance,,thuringia,code16,45.2
2017,percentage,<u>time series of the indicator:</u> children whose fathers have received parental allowance,,thuringia,code16,47.6
2018,percentage,<u>time series of the indicator:</u> children whose fathers have received parental allowance,,thuringia,code16,49.1
2019,percentage,<u>time series of the indicator:</u> children whose fathers have received parental allowance,,thuringia,code16,50.2
2020,percentage,<u>time series of the indicator:</u> children whose fathers have received parental allowance,,thuringia,code16,49.6
2021,percentage,<u>time series of the indicator:</u> children whose fathers have received parental allowance,,thuringia,code16,51.8
2022,percentage,<u>time series of the indicator:</u> children whose fathers have received parental allowance,,thuringia,code16,51.5
2030,percentage,<u>time series of the indicator:</u> children whose fathers have received parental allowance,…,thuringia,code16,
