Year,Units,COMMENT_OBS_0,länder,GeoCode,Value
2005,percentage,,,,7.2
2006,percentage,,,,8.5
2007,percentage,,,,10.0
2008,percentage,,,,10.1
2009,percentage,,,,10.9
2010,percentage,,,,11.7
2011,percentage,,,,12.5
2012,percentage,,,,13.5
2013,percentage,,,,13.8
2014,percentage,,,,14.4
2015,percentage,,,,14.9
2016,percentage,,,,14.9
2017,percentage,,,,15.5
2018,percentage,,,,16.7
2019,percentage,,,,17.3
2020,percentage,,,,19.1
2021,percentage,,,,19.3
2022,percentage,,,,20.9
2023,percentage,p,,,21.6
2024,percentage,p,,,22.4
2030,percentage,…,,,
2040,percentage,…,,,
2050,percentage,…,,,
2005,percentage,,baden-wuerttemberg,code08,8.241
2006,percentage,,baden-wuerttemberg,code08,10.011
2007,percentage,,baden-wuerttemberg,code08,11.893
2008,percentage,,baden-wuerttemberg,code08,11.474
2009,percentage,,baden-wuerttemberg,code08,11.988
2010,percentage,,baden-wuerttemberg,code08,13.486
2011,percentage,,baden-wuerttemberg,code08,13.485
2012,percentage,,baden-wuerttemberg,code08,14.964
2013,percentage,,baden-wuerttemberg,code08,14.871
2014,percentage,,baden-wuerttemberg,code08,15.266
2015,percentage,,baden-wuerttemberg,code08,15.044
2016,percentage,,baden-wuerttemberg,code08,15.244
2017,percentage,,baden-wuerttemberg,code08,15.617
2018,percentage,,baden-wuerttemberg,code08,16.262
2019,percentage,,baden-wuerttemberg,code08,16.38
2020,percentage,…,baden-wuerttemberg,code08,
2021,percentage,…,baden-wuerttemberg,code08,
2022,percentage,…,baden-wuerttemberg,code08,
2023,percentage,…,baden-wuerttemberg,code08,
2024,percentage,…,baden-wuerttemberg,code08,
2030,percentage,…,baden-wuerttemberg,code08,
2040,percentage,…,baden-wuerttemberg,code08,
2050,percentage,…,baden-wuerttemberg,code08,
2005,percentage,,bavaria,code09,8.586
2006,percentage,,bavaria,code09,9.501
2007,percentage,,bavaria,code09,10.465
2008,percentage,,bavaria,code09,10.121
2009,percentage,,bavaria,code09,10.803
2010,percentage,,bavaria,code09,14.617
2011,percentage,,bavaria,code09,15.509
2012,percentage,,bavaria,code09,17.796
2013,percentage,,bavaria,code09,18.342
2014,percentage,,bavaria,code09,18.407
2015,percentage,,bavaria,code09,19.1
2016,percentage,,bavaria,code09,19.828
2017,percentage,,bavaria,code09,20.312
2018,percentage,,bavaria,code09,21.17
2019,percentage,,bavaria,code09,21.748
2020,percentage,,bavaria,code09,24.227
2021,percentage,,bavaria,code09,24.498
2022,percentage,,bavaria,code09,25.04
2023,percentage,…,bavaria,code09,
2024,percentage,…,bavaria,code09,
2030,percentage,…,bavaria,code09,
2040,percentage,…,bavaria,code09,
2050,percentage,…,bavaria,code09,
2005,percentage,,berlin,code11,1.248
2006,percentage,,berlin,code11,1.934
2007,percentage,,berlin,code11,2.346
2008,percentage,,berlin,code11,1.636
2009,percentage,,berlin,code11,2.173
2010,percentage,,berlin,code11,2.842
2011,percentage,,berlin,code11,3.284
2012,percentage,,berlin,code11,3.359
2013,percentage,,berlin,code11,3.559
2014,percentage,,berlin,code11,3.361
2015,percentage,,berlin,code11,3.583
2016,percentage,,berlin,code11,3.482
2017,percentage,,berlin,code11,3.735
2018,percentage,,berlin,code11,4.202
2019,percentage,,berlin,code11,4.555
2020,percentage,,berlin,code11,5.191
2021,percentage,…,berlin,code11,
2022,percentage,…,berlin,code11,
2023,percentage,…,berlin,code11,
2024,percentage,…,berlin,code11,
2030,percentage,…,berlin,code11,
2040,percentage,…,berlin,code11,
2050,percentage,…,berlin,code11,
2005,percentage,,brandenburg,code12,9.768
2006,percentage,,brandenburg,code12,13.837
2007,percentage,,brandenburg,code12,16.672
2008,percentage,,brandenburg,code12,15.262
2009,percentage,,brandenburg,code12,16.482
2010,percentage,,brandenburg,code12,17.366
2011,percentage,,brandenburg,code12,21.765
2012,percentage,,brandenburg,code12,22.172
2013,percentage,,brandenburg,code12,22.868
2014,percentage,,brandenburg,code12,23.657
2015,percentage,,brandenburg,code12,25.901
2016,percentage,,brandenburg,code12,24.377
2017,percentage,,brandenburg,code12,27.202
2018,percentage,,brandenburg,code12,28.218
2019,percentage,,brandenburg,code12,30.67
2020,percentage,…,brandenburg,code12,
2021,percentage,…,brandenburg,code12,
2022,percentage,…,brandenburg,code12,
2023,percentage,…,brandenburg,code12,
2024,percentage,…,brandenburg,code12,
2030,percentage,…,brandenburg,code12,
2040,percentage,…,brandenburg,code12,
2050,percentage,…,brandenburg,code12,
2005,percentage,,bremen,code04,2.08
2006,percentage,,bremen,code04,2.586
2007,percentage,,bremen,code04,2.724
2008,percentage,,bremen,code04,2.724
2009,percentage,,bremen,code04,2.926
2010,percentage,,bremen,code04,3.235
2011,percentage,,bremen,code04,3.544
2012,percentage,,bremen,code04,3.718
2013,percentage,,bremen,code04,4.321
2014,percentage,,bremen,code04,5.058
2015,percentage,,bremen,code04,4.603
2016,percentage,,bremen,code04,4.213
2017,percentage,,bremen,code04,4.482
2018,percentage,,bremen,code04,5.23
2019,percentage,,bremen,code04,5.365
2020,percentage,…,bremen,code04,
2021,percentage,…,bremen,code04,
2022,percentage,…,bremen,code04,
2023,percentage,…,bremen,code04,
2024,percentage,…,bremen,code04,
2030,percentage,…,bremen,code04,
2040,percentage,…,bremen,code04,
2050,percentage,…,bremen,code04,
2005,percentage,,hamburg,code02,2.748
2006,percentage,,hamburg,code02,3.898
2007,percentage,,hamburg,code02,4.569
2008,percentage,,hamburg,code02,4.068
2009,percentage,,hamburg,code02,4.628
2010,percentage,,hamburg,code02,4.184
2011,percentage,,hamburg,code02,4.515
2012,percentage,,hamburg,code02,4.614
2013,percentage,,hamburg,code02,4.481
2014,percentage,,hamburg,code02,4.871
2015,percentage,,hamburg,code02,4.919
2016,percentage,,hamburg,code02,4.695
2017,percentage,,hamburg,code02,4.936
2018,percentage,r,hamburg,code02,5.557
2019,percentage,,hamburg,code02,5.596
2020,percentage,r,hamburg,code02,6.378
2021,percentage,r,hamburg,code02,6.299
2022,percentage,r,hamburg,code02,6.449
2023,percentage,,hamburg,code02,6.585
2024,percentage,…,hamburg,code02,
2030,percentage,…,hamburg,code02,
2040,percentage,…,hamburg,code02,
2050,percentage,…,hamburg,code02,
2005,percentage,,hesse,code06,4.264
2006,percentage,,hesse,code06,5.286
2007,percentage,,hesse,code06,6.082
2008,percentage,,hesse,code06,5.838
2009,percentage,,hesse,code06,6.331
2010,percentage,,hesse,code06,7.506
2011,percentage,,hesse,code06,8.099
2012,percentage,,hesse,code06,8.259
2013,percentage,,hesse,code06,8.68
2014,percentage,,hesse,code06,8.742
2015,percentage,,hesse,code06,9.491
2016,percentage,,hesse,code06,9.609
2017,percentage,,hesse,code06,10.2
2018,percentage,,hesse,code06,11.532
2019,percentage,p,hesse,code06,11.527
2020,percentage,…,hesse,code06,
2021,percentage,…,hesse,code06,
2022,percentage,…,hesse,code06,
2023,percentage,…,hesse,code06,
2024,percentage,…,hesse,code06,
2030,percentage,…,hesse,code06,
2040,percentage,…,hesse,code06,
2050,percentage,…,hesse,code06,
2005,percentage,.,mecklenburg western pomerania,code13,
2006,percentage,.,mecklenburg western pomerania,code13,
2007,percentage,.,mecklenburg western pomerania,code13,
2008,percentage,.,mecklenburg western pomerania,code13,
2009,percentage,.,mecklenburg western pomerania,code13,
2010,percentage,.,mecklenburg western pomerania,code13,
2011,percentage,.,mecklenburg western pomerania,code13,
2012,percentage,.,mecklenburg western pomerania,code13,
2013,percentage,.,mecklenburg western pomerania,code13,
2014,percentage,.,mecklenburg western pomerania,code13,
2015,percentage,.,mecklenburg western pomerania,code13,
2016,percentage,.,mecklenburg western pomerania,code13,
2017,percentage,.,mecklenburg western pomerania,code13,
2018,percentage,.,mecklenburg western pomerania,code13,
2019,percentage,.,mecklenburg western pomerania,code13,
2020,percentage,.,mecklenburg western pomerania,code13,
2021,percentage,.,mecklenburg western pomerania,code13,
2022,percentage,.,mecklenburg western pomerania,code13,
2023,percentage,.,mecklenburg western pomerania,code13,
2024,percentage,.,mecklenburg western pomerania,code13,
2030,percentage,…,mecklenburg western pomerania,code13,
2040,percentage,…,mecklenburg western pomerania,code13,
2050,percentage,…,mecklenburg western pomerania,code13,
2005,percentage,.,lower saxony,code03,
2006,percentage,,lower saxony,code03,8.704
2007,percentage,.,lower saxony,code03,
2008,percentage,,lower saxony,code03,10.888
2009,percentage,,lower saxony,code03,11.365
2010,percentage,,lower saxony,code03,12.26
2011,percentage,,lower saxony,code03,13.766
2012,percentage,,lower saxony,code03,15.581
2013,percentage,,lower saxony,code03,15.598
2014,percentage,,lower saxony,code03,16.179
2015,percentage,,lower saxony,code03,18.543
2016,percentage,,lower saxony,code03,18.575
2017,percentage,,lower saxony,code03,20.922
2018,percentage,,lower saxony,code03,22.324
2019,percentage,,lower saxony,code03,24.27
2020,percentage,,lower saxony,code03,26.952
2021,percentage,,lower saxony,code03,24.496
2022,percentage,r,lower saxony,code03,26.856
2023,percentage,p,lower saxony,code03,28.884
2024,percentage,…,lower saxony,code03,
2030,percentage,…,lower saxony,code03,
2040,percentage,…,lower saxony,code03,
2050,percentage,…,lower saxony,code03,
2005,percentage,,north rhine-westphalia,code05,3.177
2006,percentage,,north rhine-westphalia,code05,4.068
2007,percentage,,north rhine-westphalia,code05,4.63
2008,percentage,,north rhine-westphalia,code05,3.948
2009,percentage,,north rhine-westphalia,code05,4.896
2010,percentage,,north rhine-westphalia,code05,4.992
2011,percentage,,north rhine-westphalia,code05,5.345
2012,percentage,,north rhine-westphalia,code05,5.819
2013,percentage,,north rhine-westphalia,code05,5.751
2014,percentage,,north rhine-westphalia,code05,5.763
2015,percentage,,north rhine-westphalia,code05,6.331
2016,percentage,,north rhine-westphalia,code05,6.422
2017,percentage,,north rhine-westphalia,code05,6.841
2018,percentage,r,north rhine-westphalia,code05,7.287
2019,percentage,,north rhine-westphalia,code05,7.931
2020,percentage,,north rhine-westphalia,code05,8.772
2021,percentage,r,north rhine-westphalia,code05,8.487
2022,percentage,,north rhine-westphalia,code05,9.691
2023,percentage,…,north rhine-westphalia,code05,
2024,percentage,…,north rhine-westphalia,code05,
2030,percentage,…,north rhine-westphalia,code05,
2040,percentage,…,north rhine-westphalia,code05,
2050,percentage,…,north rhine-westphalia,code05,
2005,percentage,,rhineland palatinate,code07,5.863
2006,percentage,,rhineland palatinate,code07,7.9
2007,percentage,,rhineland palatinate,code07,9.58
2008,percentage,,rhineland palatinate,code07,9.22
2009,percentage,,rhineland palatinate,code07,9.789
2010,percentage,,rhineland palatinate,code07,10.749
2011,percentage,,rhineland palatinate,code07,11.357
2012,percentage,,rhineland palatinate,code07,12.91
2013,percentage,,rhineland palatinate,code07,13.435
2014,percentage,,rhineland palatinate,code07,13.543
2015,percentage,,rhineland palatinate,code07,14.801
2016,percentage,,rhineland palatinate,code07,14.602
2017,percentage,,rhineland palatinate,code07,15.192
2018,percentage,,rhineland palatinate,code07,15.488
2019,percentage,…,rhineland palatinate,code07,
2020,percentage,…,rhineland palatinate,code07,
2021,percentage,…,rhineland palatinate,code07,
2022,percentage,…,rhineland palatinate,code07,
2023,percentage,…,rhineland palatinate,code07,
2024,percentage,…,rhineland palatinate,code07,
2030,percentage,…,rhineland palatinate,code07,
2040,percentage,…,rhineland palatinate,code07,
2050,percentage,…,rhineland palatinate,code07,
2005,percentage,,saarland,code10,1.83
2006,percentage,,saarland,code10,2.212
2007,percentage,,saarland,code10,2.704
2008,percentage,,saarland,code10,2.45
2009,percentage,,saarland,code10,2.977
2010,percentage,,saarland,code10,3.403
2011,percentage,,saarland,code10,3.338
2012,percentage,,saarland,code10,3.296
2013,percentage,,saarland,code10,3.651
2014,percentage,,saarland,code10,3.938
2015,percentage,,saarland,code10,4.439
2016,percentage,…,saarland,code10,
2017,percentage,…,saarland,code10,
2018,percentage,…,saarland,code10,
2019,percentage,…,saarland,code10,
2020,percentage,…,saarland,code10,
2021,percentage,…,saarland,code10,
2022,percentage,…,saarland,code10,
2023,percentage,…,saarland,code10,
2024,percentage,…,saarland,code10,
2030,percentage,…,saarland,code10,
2040,percentage,…,saarland,code10,
2050,percentage,…,saarland,code10,
2005,percentage,,saxony,code14,4.923
2006,percentage,,saxony,code14,6.111
2007,percentage,,saxony,code14,7.587
2008,percentage,,saxony,code14,7.312
2009,percentage,,saxony,code14,7.847
2010,percentage,,saxony,code14,8.45
2011,percentage,,saxony,code14,9.628
2012,percentage,,saxony,code14,10.239
2013,percentage,,saxony,code14,10.657
2014,percentage,,saxony,code14,11.305
2015,percentage,,saxony,code14,12.102
2016,percentage,,saxony,code14,11.53
2017,percentage,,saxony,code14,11.887
2018,percentage,,saxony,code14,12.137
2019,percentage,,saxony,code14,12.638
2020,percentage,…,saxony,code14,
2021,percentage,…,saxony,code14,
2022,percentage,…,saxony,code14,
2023,percentage,…,saxony,code14,
2024,percentage,…,saxony,code14,
2030,percentage,…,saxony,code14,
2040,percentage,…,saxony,code14,
2050,percentage,…,saxony,code14,
2005,percentage,,saxony-anhalt,code15,8.595
2006,percentage,,saxony-anhalt,code15,10.852
2007,percentage,,saxony-anhalt,code15,14.71
2008,percentage,,saxony-anhalt,code15,15.35
2009,percentage,,saxony-anhalt,code15,16.371
2010,percentage,,saxony-anhalt,code15,16.237
2011,percentage,,saxony-anhalt,code15,18.804
2012,percentage,,saxony-anhalt,code15,19.43
2013,percentage,,saxony-anhalt,code15,20.384
2014,percentage,,saxony-anhalt,code15,21.568
2015,percentage,,saxony-anhalt,code15,24.163
2016,percentage,,saxony-anhalt,code15,22.093
2017,percentage,,saxony-anhalt,code15,24.943
2018,percentage,,saxony-anhalt,code15,23.752
2019,percentage,,saxony-anhalt,code15,25.995
2020,percentage,,saxony-anhalt,code15,18.961
2021,percentage,,saxony-anhalt,code15,25.434
2022,percentage,,saxony-anhalt,code15,26.927
2023,percentage,…,saxony-anhalt,code15,
2024,percentage,…,saxony-anhalt,code15,
2030,percentage,…,saxony-anhalt,code15,
2040,percentage,…,saxony-anhalt,code15,
2050,percentage,…,saxony-anhalt,code15,
2005,percentage,,schleswig-holstein,code01,9.253
2006,percentage,,schleswig-holstein,code01,10.516
2007,percentage,,schleswig-holstein,code01,13.925
2008,percentage,,schleswig-holstein,code01,14.399
2009,percentage,,schleswig-holstein,code01,15.047
2010,percentage,,schleswig-holstein,code01,17.187
2011,percentage,,schleswig-holstein,code01,19.771
2012,percentage,,schleswig-holstein,code01,20.891
2013,percentage,,schleswig-holstein,code01,20.585
2014,percentage,,schleswig-holstein,code01,23.477
2015,percentage,r,schleswig-holstein,code01,30.578
2016,percentage,,schleswig-holstein,code01,31.916
2017,percentage,,schleswig-holstein,code01,36.152
2018,percentage,r,schleswig-holstein,code01,37.229
2019,percentage,r,schleswig-holstein,code01,40.474
2020,percentage,r,schleswig-holstein,code01,41.788
2021,percentage,r,schleswig-holstein,code01,39.35
2022,percentage,,schleswig-holstein,code01,44.98
2023,percentage,,schleswig-holstein,code01,47.926
2024,percentage,…,schleswig-holstein,code01,
2030,percentage,…,schleswig-holstein,code01,
2040,percentage,…,schleswig-holstein,code01,
2050,percentage,…,schleswig-holstein,code01,
2005,percentage,,thuringia,code16,12.43
2006,percentage,,thuringia,code16,13.675
2007,percentage,,thuringia,code16,16.69
2008,percentage,,thuringia,code16,15.39
2009,percentage,,thuringia,code16,15.007
2010,percentage,,thuringia,code16,16.466
2011,percentage,,thuringia,code16,17.062
2012,percentage,,thuringia,code16,16.932
2013,percentage,,thuringia,code16,18.048
2014,percentage,,thuringia,code16,18.685
2015,percentage,,thuringia,code16,19.946
2016,percentage,,thuringia,code16,20.213
2017,percentage,,thuringia,code16,21.184
2018,percentage,,thuringia,code16,21.055
2019,percentage,,thuringia,code16,21.566
2020,percentage,…,thuringia,code16,
2021,percentage,…,thuringia,code16,
2022,percentage,…,thuringia,code16,
2023,percentage,…,thuringia,code16,
2024,percentage,…,thuringia,code16,
2030,percentage,…,thuringia,code16,
2040,percentage,…,thuringia,code16,
2050,percentage,…,thuringia,code16,
