Year,Units,time series,COMMENT_OBS_0,COMMENT_OBS_1,federal state,GeoCode,Value
2005,percentage,a) government deficit,,,,,-3.371
2006,percentage,a) government deficit,,,,,-1.755
2007,percentage,a) government deficit,,,,,0.155
2008,percentage,a) government deficit,,,,,-0.263
2009,percentage,a) government deficit,,,,,-3.175
2010,percentage,a) government deficit,,,,,-4.42
2011,percentage,a) government deficit,,,,,-0.84
2012,percentage,a) government deficit,,,,,-0.054
2013,percentage,a) government deficit,,,,,0.122
2014,percentage,a) government deficit,,,,,0.731
2015,percentage,a) government deficit,,,,,0.915
2016,percentage,a) government deficit,,,,,1.134
2017,percentage,a) government deficit,,,,,1.338
2018,percentage,a) government deficit,,,,,1.885
2019,percentage,a) government deficit,,,,,1.328
2020,percentage,a) government deficit,,,,,-4.381
2021,percentage,a) government deficit,p,,,,-3.167
2022,percentage,a) government deficit,p,,,,-2.147
2023,percentage,a) government deficit,p,,,,-2.48
2024,percentage,a) government deficit,p,,,,-2.686
2005,percentage,b) structural deficit,r,,,,-2.33
2006,percentage,b) structural deficit,r,,,,-2.001
2007,percentage,b) structural deficit,r,,,,-0.848
2008,percentage,b) structural deficit,r,,,,-0.789
2009,percentage,b) structural deficit,r,,,,-0.613
2010,percentage,b) structural deficit,r,,,,-2.258
2011,percentage,b) structural deficit,r,,,,-1.128
2012,percentage,b) structural deficit,r,,,,0.068
2013,percentage,b) structural deficit,r,,,,0.741
2014,percentage,b) structural deficit,r,,,,1.123
2015,percentage,b) structural deficit,r,,,,1.066
2016,percentage,b) structural deficit,r,,,,0.938
2017,percentage,b) structural deficit,r,,,,0.628
2018,percentage,b) structural deficit,r,,,,1.092
2019,percentage,b) structural deficit,r,,,,0.466
2020,percentage,b) structural deficit,r,,,,-2.689
2021,percentage,b) structural deficit,r,p,,,-2.832
2022,percentage,b) structural deficit,r,p,,,-1.729
2023,percentage,b) structural deficit,r,p,,,-2.106
2024,percentage,b) structural deficit,p,,,,-1.886
2005,percentage,gross domestic product (price-adjusted),,,,,0.9
2006,percentage,gross domestic product (price-adjusted),,,,,3.9
2007,percentage,gross domestic product (price-adjusted),,,,,2.9
2008,percentage,gross domestic product (price-adjusted),,,,,0.9
2009,percentage,gross domestic product (price-adjusted),,,,,-5.5
2010,percentage,gross domestic product (price-adjusted),,,,,4.1
2011,percentage,gross domestic product (price-adjusted),,,,,3.8
2012,percentage,gross domestic product (price-adjusted),,,,,0.5
2013,percentage,gross domestic product (price-adjusted),,,,,0.4
2014,percentage,gross domestic product (price-adjusted),,,,,2.2
2015,percentage,gross domestic product (price-adjusted),,,,,1.7
2016,percentage,gross domestic product (price-adjusted),,,,,2.3
2017,percentage,gross domestic product (price-adjusted),,,,,2.7
2018,percentage,gross domestic product (price-adjusted),,,,,1.1
2019,percentage,gross domestic product (price-adjusted),,,,,1.0
2020,percentage,gross domestic product (price-adjusted),r,,,,-4.1
2021,percentage,gross domestic product (price-adjusted),r,p,,,3.7
2022,percentage,gross domestic product (price-adjusted),p,,,,1.4
2023,percentage,gross domestic product (price-adjusted),p,,,,-0.3
2024,percentage,gross domestic product (price-adjusted),p,,,,-0.2
2005,percentage,b) structural deficit,.,,baden-wuerttemberg,code08,
2006,percentage,b) structural deficit,.,,baden-wuerttemberg,code08,
2007,percentage,b) structural deficit,.,,baden-wuerttemberg,code08,
2008,percentage,b) structural deficit,.,,baden-wuerttemberg,code08,
2009,percentage,b) structural deficit,.,,baden-wuerttemberg,code08,
2010,percentage,b) structural deficit,,,baden-wuerttemberg,code08,-0.396
2011,percentage,b) structural deficit,,,baden-wuerttemberg,code08,0.25
2012,percentage,b) structural deficit,,,baden-wuerttemberg,code08,0.386
2013,percentage,b) structural deficit,,,baden-wuerttemberg,code08,-0.117
2014,percentage,b) structural deficit,,,baden-wuerttemberg,code08,-0.042
2015,percentage,b) structural deficit,,,baden-wuerttemberg,code08,0.02
2016,percentage,b) structural deficit,,,baden-wuerttemberg,code08,0.11
2017,percentage,b) structural deficit,,,baden-wuerttemberg,code08,0.275
2018,percentage,b) structural deficit,,,baden-wuerttemberg,code08,0.852
2019,percentage,b) structural deficit,,,baden-wuerttemberg,code08,0.75
2020,percentage,b) structural deficit,,,baden-wuerttemberg,code08,-0.937
2021,percentage,b) structural deficit,,,baden-wuerttemberg,code08,0.664
2022,percentage,b) structural deficit,,,baden-wuerttemberg,code08,0.555
2023,percentage,b) structural deficit,,,baden-wuerttemberg,code08,0.087
2024,percentage,b) structural deficit,…,,baden-wuerttemberg,code08,
2005,percentage,b) structural deficit,.,,bavaria,code09,
2006,percentage,b) structural deficit,.,,bavaria,code09,
2007,percentage,b) structural deficit,.,,bavaria,code09,
2008,percentage,b) structural deficit,.,,bavaria,code09,
2009,percentage,b) structural deficit,.,,bavaria,code09,
2010,percentage,b) structural deficit,,,bavaria,code09,-0.368
2011,percentage,b) structural deficit,,,bavaria,code09,0.318
2012,percentage,b) structural deficit,,,bavaria,code09,0.541
2013,percentage,b) structural deficit,,,bavaria,code09,0.69
2014,percentage,b) structural deficit,,,bavaria,code09,0.648
2015,percentage,b) structural deficit,,,bavaria,code09,0.637
2016,percentage,b) structural deficit,,,bavaria,code09,0.658
2017,percentage,b) structural deficit,,,bavaria,code09,0.926
2018,percentage,b) structural deficit,,,bavaria,code09,1.055
2019,percentage,b) structural deficit,,,bavaria,code09,0.147
2020,percentage,b) structural deficit,,,bavaria,code09,-1.057
2021,percentage,b) structural deficit,,,bavaria,code09,0.146
2022,percentage,b) structural deficit,,,bavaria,code09,0.435
2023,percentage,b) structural deficit,,,bavaria,code09,-0.304
2024,percentage,b) structural deficit,…,,bavaria,code09,
2005,percentage,b) structural deficit,.,,berlin,code11,
2006,percentage,b) structural deficit,.,,berlin,code11,
2007,percentage,b) structural deficit,.,,berlin,code11,
2008,percentage,b) structural deficit,.,,berlin,code11,
2009,percentage,b) structural deficit,.,,berlin,code11,
2010,percentage,b) structural deficit,,,berlin,code11,-1.374
2011,percentage,b) structural deficit,,,berlin,code11,-0.903
2012,percentage,b) structural deficit,,,berlin,code11,0.026
2013,percentage,b) structural deficit,,,berlin,code11,0.693
2014,percentage,b) structural deficit,,,berlin,code11,0.829
2015,percentage,b) structural deficit,,,berlin,code11,0.975
2016,percentage,b) structural deficit,,,berlin,code11,1.0
2017,percentage,b) structural deficit,,,berlin,code11,1.721
2018,percentage,b) structural deficit,,,berlin,code11,1.542
2019,percentage,b) structural deficit,,,berlin,code11,0.745
2020,percentage,b) structural deficit,,,berlin,code11,-1.088
2021,percentage,b) structural deficit,,,berlin,code11,-1.307
2022,percentage,b) structural deficit,,,berlin,code11,0.823
2023,percentage,b) structural deficit,,,berlin,code11,-0.401
2024,percentage,b) structural deficit,…,,berlin,code11,
2005,percentage,b) structural deficit,.,,brandenburg,code12,
2006,percentage,b) structural deficit,.,,brandenburg,code12,
2007,percentage,b) structural deficit,.,,brandenburg,code12,
2008,percentage,b) structural deficit,.,,brandenburg,code12,
2009,percentage,b) structural deficit,.,,brandenburg,code12,
2010,percentage,b) structural deficit,,,brandenburg,code12,-1.079
2011,percentage,b) structural deficit,,,brandenburg,code12,0.145
2012,percentage,b) structural deficit,,,brandenburg,code12,0.212
2013,percentage,b) structural deficit,,,brandenburg,code12,1.592
2014,percentage,b) structural deficit,,,brandenburg,code12,0.904
2015,percentage,b) structural deficit,,,brandenburg,code12,1.387
2016,percentage,b) structural deficit,,,brandenburg,code12,1.192
2017,percentage,b) structural deficit,,,brandenburg,code12,1.41
2018,percentage,b) structural deficit,,,brandenburg,code12,1.482
2019,percentage,b) structural deficit,,,brandenburg,code12,-0.785
2020,percentage,b) structural deficit,,,brandenburg,code12,-1.067
2021,percentage,b) structural deficit,,,brandenburg,code12,-0.203
2022,percentage,b) structural deficit,,,brandenburg,code12,0.45
2023,percentage,b) structural deficit,,,brandenburg,code12,-0.122
2024,percentage,b) structural deficit,…,,brandenburg,code12,
2005,percentage,b) structural deficit,.,,bremen,code04,
2006,percentage,b) structural deficit,.,,bremen,code04,
2007,percentage,b) structural deficit,.,,bremen,code04,
2008,percentage,b) structural deficit,.,,bremen,code04,
2009,percentage,b) structural deficit,.,,bremen,code04,
2010,percentage,b) structural deficit,,,bremen,code04,-4.818
2011,percentage,b) structural deficit,,,bremen,code04,-3.202
2012,percentage,b) structural deficit,,,bremen,code04,-2.037
2013,percentage,b) structural deficit,,,bremen,code04,-1.845
2014,percentage,b) structural deficit,,,bremen,code04,-1.54
2015,percentage,b) structural deficit,,,bremen,code04,-1.068
2016,percentage,b) structural deficit,,,bremen,code04,-0.273
2017,percentage,b) structural deficit,,,bremen,code04,0.321
2018,percentage,b) structural deficit,,,bremen,code04,0.557
2019,percentage,b) structural deficit,,,bremen,code04,0.647
2020,percentage,b) structural deficit,,,bremen,code04,-0.859
2021,percentage,b) structural deficit,,,bremen,code04,-0.071
2022,percentage,b) structural deficit,,,bremen,code04,-0.367
2023,percentage,b) structural deficit,,,bremen,code04,-1.361
2024,percentage,b) structural deficit,…,,bremen,code04,
2005,percentage,b) structural deficit,.,,hamburg,code02,
2006,percentage,b) structural deficit,.,,hamburg,code02,
2007,percentage,b) structural deficit,.,,hamburg,code02,
2008,percentage,b) structural deficit,.,,hamburg,code02,
2009,percentage,b) structural deficit,.,,hamburg,code02,
2010,percentage,b) structural deficit,,,hamburg,code02,-0.88
2011,percentage,b) structural deficit,,,hamburg,code02,-0.404
2012,percentage,b) structural deficit,,,hamburg,code02,-1.054
2013,percentage,b) structural deficit,,,hamburg,code02,-1.316
2014,percentage,b) structural deficit,,,hamburg,code02,0.069
2015,percentage,b) structural deficit,,,hamburg,code02,0.142
2016,percentage,b) structural deficit,,,hamburg,code02,-0.204
2017,percentage,b) structural deficit,,,hamburg,code02,-0.259
2018,percentage,b) structural deficit,,,hamburg,code02,-0.508
2019,percentage,b) structural deficit,,,hamburg,code02,0.202
2020,percentage,b) structural deficit,,,hamburg,code02,-0.829
2021,percentage,b) structural deficit,,,hamburg,code02,-0.315
2022,percentage,b) structural deficit,,,hamburg,code02,2.229
2023,percentage,b) structural deficit,,,hamburg,code02,0.462
2024,percentage,b) structural deficit,…,,hamburg,code02,
2005,percentage,b) structural deficit,.,,hesse,code06,
2006,percentage,b) structural deficit,.,,hesse,code06,
2007,percentage,b) structural deficit,.,,hesse,code06,
2008,percentage,b) structural deficit,.,,hesse,code06,
2009,percentage,b) structural deficit,.,,hesse,code06,
2010,percentage,b) structural deficit,,,hesse,code06,-2.018
2011,percentage,b) structural deficit,,,hesse,code06,-1.7
2012,percentage,b) structural deficit,,,hesse,code06,-1.52
2013,percentage,b) structural deficit,,,hesse,code06,-0.75
2014,percentage,b) structural deficit,,,hesse,code06,-0.459
2015,percentage,b) structural deficit,,,hesse,code06,-0.123
2016,percentage,b) structural deficit,,,hesse,code06,0.323
2017,percentage,b) structural deficit,,,hesse,code06,0.553
2018,percentage,b) structural deficit,,,hesse,code06,0.555
2019,percentage,b) structural deficit,,,hesse,code06,0.62
2020,percentage,b) structural deficit,,,hesse,code06,-0.985
2021,percentage,b) structural deficit,,,hesse,code06,0.388
2022,percentage,b) structural deficit,,,hesse,code06,0.624
2023,percentage,b) structural deficit,,,hesse,code06,-0.373
2024,percentage,b) structural deficit,…,,hesse,code06,
2005,percentage,b) structural deficit,.,,mecklenburg western pomerania,code13,
2006,percentage,b) structural deficit,.,,mecklenburg western pomerania,code13,
2007,percentage,b) structural deficit,.,,mecklenburg western pomerania,code13,
2008,percentage,b) structural deficit,.,,mecklenburg western pomerania,code13,
2009,percentage,b) structural deficit,.,,mecklenburg western pomerania,code13,
2010,percentage,b) structural deficit,,,mecklenburg western pomerania,code13,-0.395
2011,percentage,b) structural deficit,,,mecklenburg western pomerania,code13,0.466
2012,percentage,b) structural deficit,,,mecklenburg western pomerania,code13,-0.316
2013,percentage,b) structural deficit,,,mecklenburg western pomerania,code13,1.136
2014,percentage,b) structural deficit,,,mecklenburg western pomerania,code13,1.035
2015,percentage,b) structural deficit,,,mecklenburg western pomerania,code13,1.818
2016,percentage,b) structural deficit,,,mecklenburg western pomerania,code13,2.44
2017,percentage,b) structural deficit,,,mecklenburg western pomerania,code13,2.486
2018,percentage,b) structural deficit,,,mecklenburg western pomerania,code13,1.858
2019,percentage,b) structural deficit,,,mecklenburg western pomerania,code13,0.433
2020,percentage,b) structural deficit,,,mecklenburg western pomerania,code13,-0.195
2021,percentage,b) structural deficit,,,mecklenburg western pomerania,code13,0.449
2022,percentage,b) structural deficit,,,mecklenburg western pomerania,code13,1.231
2023,percentage,b) structural deficit,,,mecklenburg western pomerania,code13,-0.401
2024,percentage,b) structural deficit,…,,mecklenburg western pomerania,code13,
2005,percentage,b) structural deficit,.,,lower saxony,code03,
2006,percentage,b) structural deficit,.,,lower saxony,code03,
2007,percentage,b) structural deficit,.,,lower saxony,code03,
2008,percentage,b) structural deficit,.,,lower saxony,code03,
2009,percentage,b) structural deficit,.,,lower saxony,code03,
2010,percentage,b) structural deficit,,,lower saxony,code03,-1.097
2011,percentage,b) structural deficit,,,lower saxony,code03,-1.005
2012,percentage,b) structural deficit,,,lower saxony,code03,-0.061
2013,percentage,b) structural deficit,,,lower saxony,code03,0.157
2014,percentage,b) structural deficit,,,lower saxony,code03,-0.011
2015,percentage,b) structural deficit,,,lower saxony,code03,0.415
2016,percentage,b) structural deficit,,,lower saxony,code03,0.784
2017,percentage,b) structural deficit,,,lower saxony,code03,0.745
2018,percentage,b) structural deficit,,,lower saxony,code03,1.274
2019,percentage,b) structural deficit,,,lower saxony,code03,1.088
2020,percentage,b) structural deficit,,,lower saxony,code03,-0.465
2021,percentage,b) structural deficit,,,lower saxony,code03,0.267
2022,percentage,b) structural deficit,,,lower saxony,code03,0.43
2023,percentage,b) structural deficit,,,lower saxony,code03,0.387
2024,percentage,b) structural deficit,…,,lower saxony,code03,
2005,percentage,b) structural deficit,.,,north rhine-westphalia,code05,
2006,percentage,b) structural deficit,.,,north rhine-westphalia,code05,
2007,percentage,b) structural deficit,.,,north rhine-westphalia,code05,
2008,percentage,b) structural deficit,.,,north rhine-westphalia,code05,
2009,percentage,b) structural deficit,.,,north rhine-westphalia,code05,
2010,percentage,b) structural deficit,,,north rhine-westphalia,code05,-1.592
2011,percentage,b) structural deficit,,,north rhine-westphalia,code05,-0.98
2012,percentage,b) structural deficit,,,north rhine-westphalia,code05,-0.696
2013,percentage,b) structural deficit,,,north rhine-westphalia,code05,-0.392
2014,percentage,b) structural deficit,,,north rhine-westphalia,code05,-0.49
2015,percentage,b) structural deficit,,,north rhine-westphalia,code05,-0.249
2016,percentage,b) structural deficit,,,north rhine-westphalia,code05,0.178
2017,percentage,b) structural deficit,,,north rhine-westphalia,code05,0.4
2018,percentage,b) structural deficit,,,north rhine-westphalia,code05,0.728
2019,percentage,b) structural deficit,,,north rhine-westphalia,code05,0.949
2020,percentage,b) structural deficit,,,north rhine-westphalia,code05,-1.037
2021,percentage,b) structural deficit,,,north rhine-westphalia,code05,0.077
2022,percentage,b) structural deficit,,,north rhine-westphalia,code05,-0.585
2023,percentage,b) structural deficit,,,north rhine-westphalia,code05,-0.515
2024,percentage,b) structural deficit,…,,north rhine-westphalia,code05,
2005,percentage,b) structural deficit,.,,rhineland palatinate,code07,
2006,percentage,b) structural deficit,.,,rhineland palatinate,code07,
2007,percentage,b) structural deficit,.,,rhineland palatinate,code07,
2008,percentage,b) structural deficit,.,,rhineland palatinate,code07,
2009,percentage,b) structural deficit,.,,rhineland palatinate,code07,
2010,percentage,b) structural deficit,,,rhineland palatinate,code07,-2.326
2011,percentage,b) structural deficit,,,rhineland palatinate,code07,-1.978
2012,percentage,b) structural deficit,,,rhineland palatinate,code07,-1.033
2013,percentage,b) structural deficit,,,rhineland palatinate,code07,-0.717
2014,percentage,b) structural deficit,,,rhineland palatinate,code07,-0.755
2015,percentage,b) structural deficit,,,rhineland palatinate,code07,-0.348
2016,percentage,b) structural deficit,,,rhineland palatinate,code07,0.318
2017,percentage,b) structural deficit,,,rhineland palatinate,code07,1.082
2018,percentage,b) structural deficit,,,rhineland palatinate,code07,1.016
2019,percentage,b) structural deficit,,,rhineland palatinate,code07,1.06
2020,percentage,b) structural deficit,,,rhineland palatinate,code07,-0.359
2021,percentage,b) structural deficit,,,rhineland palatinate,code07,1.786
2022,percentage,b) structural deficit,,,rhineland palatinate,code07,1.164
2023,percentage,b) structural deficit,,,rhineland palatinate,code07,0.024
2024,percentage,b) structural deficit,…,,rhineland palatinate,code07,
2005,percentage,b) structural deficit,.,,saarland,code10,
2006,percentage,b) structural deficit,.,,saarland,code10,
2007,percentage,b) structural deficit,.,,saarland,code10,
2008,percentage,b) structural deficit,.,,saarland,code10,
2009,percentage,b) structural deficit,.,,saarland,code10,
2010,percentage,b) structural deficit,,,saarland,code10,-3.954
2011,percentage,b) structural deficit,,,saarland,code10,-3.21
2012,percentage,b) structural deficit,,,saarland,code10,-3.24
2013,percentage,b) structural deficit,,,saarland,code10,-2.455
2014,percentage,b) structural deficit,,,saarland,code10,-2.24
2015,percentage,b) structural deficit,,,saarland,code10,-1.289
2016,percentage,b) structural deficit,,,saarland,code10,-0.996
2017,percentage,b) structural deficit,,,saarland,code10,0.131
2018,percentage,b) structural deficit,,,saarland,code10,0.826
2019,percentage,b) structural deficit,,,saarland,code10,0.67
2020,percentage,b) structural deficit,,,saarland,code10,-0.113
2021,percentage,b) structural deficit,,,saarland,code10,-0.217
2022,percentage,b) structural deficit,,,saarland,code10,-8.124
2023,percentage,b) structural deficit,,,saarland,code10,1.225
2024,percentage,b) structural deficit,…,,saarland,code10,
2005,percentage,b) structural deficit,.,,saxony,code14,
2006,percentage,b) structural deficit,.,,saxony,code14,
2007,percentage,b) structural deficit,.,,saxony,code14,
2008,percentage,b) structural deficit,.,,saxony,code14,
2009,percentage,b) structural deficit,.,,saxony,code14,
2010,percentage,b) structural deficit,,,saxony,code14,0.036
2011,percentage,b) structural deficit,,,saxony,code14,1.943
2012,percentage,b) structural deficit,,,saxony,code14,1.63
2013,percentage,b) structural deficit,,,saxony,code14,1.114
2014,percentage,b) structural deficit,,,saxony,code14,1.158
2015,percentage,b) structural deficit,,,saxony,code14,0.987
2016,percentage,b) structural deficit,,,saxony,code14,1.157
2017,percentage,b) structural deficit,,,saxony,code14,0.902
2018,percentage,b) structural deficit,,,saxony,code14,2.205
2019,percentage,b) structural deficit,,,saxony,code14,0.638
2020,percentage,b) structural deficit,,,saxony,code14,-2.271
2021,percentage,b) structural deficit,,,saxony,code14,0.112
2022,percentage,b) structural deficit,,,saxony,code14,0.971
2023,percentage,b) structural deficit,,,saxony,code14,0.226
2024,percentage,b) structural deficit,…,,saxony,code14,
2005,percentage,b) structural deficit,.,,saxony-anhalt,code15,
2006,percentage,b) structural deficit,.,,saxony-anhalt,code15,
2007,percentage,b) structural deficit,.,,saxony-anhalt,code15,
2008,percentage,b) structural deficit,.,,saxony-anhalt,code15,
2009,percentage,b) structural deficit,.,,saxony-anhalt,code15,
2010,percentage,b) structural deficit,,,saxony-anhalt,code15,-1.291
2011,percentage,b) structural deficit,,,saxony-anhalt,code15,-0.031
2012,percentage,b) structural deficit,,,saxony-anhalt,code15,0.344
2013,percentage,b) structural deficit,,,saxony-anhalt,code15,0.678
2014,percentage,b) structural deficit,,,saxony-anhalt,code15,0.245
2015,percentage,b) structural deficit,,,saxony-anhalt,code15,1.579
2016,percentage,b) structural deficit,,,saxony-anhalt,code15,1.838
2017,percentage,b) structural deficit,,,saxony-anhalt,code15,1.173
2018,percentage,b) structural deficit,,,saxony-anhalt,code15,1.294
2019,percentage,b) structural deficit,,,saxony-anhalt,code15,0.805
2020,percentage,b) structural deficit,,,saxony-anhalt,code15,-1.007
2021,percentage,b) structural deficit,,,saxony-anhalt,code15,0.361
2022,percentage,b) structural deficit,,,saxony-anhalt,code15,0.523
2023,percentage,b) structural deficit,,,saxony-anhalt,code15,0.037
2024,percentage,b) structural deficit,…,,saxony-anhalt,code15,
2005,percentage,b) structural deficit,.,,schleswig-holstein,code01,
2006,percentage,b) structural deficit,.,,schleswig-holstein,code01,
2007,percentage,b) structural deficit,.,,schleswig-holstein,code01,
2008,percentage,b) structural deficit,.,,schleswig-holstein,code01,
2009,percentage,b) structural deficit,.,,schleswig-holstein,code01,
2010,percentage,b) structural deficit,,,schleswig-holstein,code01,-2.265
2011,percentage,b) structural deficit,,,schleswig-holstein,code01,-1.04
2012,percentage,b) structural deficit,,,schleswig-holstein,code01,-0.39
2013,percentage,b) structural deficit,,,schleswig-holstein,code01,-0.014
2014,percentage,b) structural deficit,,,schleswig-holstein,code01,-0.346
2015,percentage,b) structural deficit,,,schleswig-holstein,code01,0.275
2016,percentage,b) structural deficit,,,schleswig-holstein,code01,-0.487
2017,percentage,b) structural deficit,,,schleswig-holstein,code01,0.449
2018,percentage,b) structural deficit,,,schleswig-holstein,code01,-1.724
2019,percentage,b) structural deficit,,,schleswig-holstein,code01,0.079
2020,percentage,b) structural deficit,,,schleswig-holstein,code01,-0.207
2021,percentage,b) structural deficit,,,schleswig-holstein,code01,0.205
2022,percentage,b) structural deficit,,,schleswig-holstein,code01,0.233
2023,percentage,b) structural deficit,,,schleswig-holstein,code01,-0.97
2024,percentage,b) structural deficit,…,,schleswig-holstein,code01,
2005,percentage,b) structural deficit,.,,thuringia,code16,
2006,percentage,b) structural deficit,.,,thuringia,code16,
2007,percentage,b) structural deficit,.,,thuringia,code16,
2008,percentage,b) structural deficit,.,,thuringia,code16,
2009,percentage,b) structural deficit,.,,thuringia,code16,
2010,percentage,b) structural deficit,,,thuringia,code16,-1.273
2011,percentage,b) structural deficit,,,thuringia,code16,-0.388
2012,percentage,b) structural deficit,,,thuringia,code16,0.658
2013,percentage,b) structural deficit,,,thuringia,code16,0.943
2014,percentage,b) structural deficit,,,thuringia,code16,0.749
2015,percentage,b) structural deficit,,,thuringia,code16,0.893
2016,percentage,b) structural deficit,,,thuringia,code16,1.476
2017,percentage,b) structural deficit,,,thuringia,code16,2.136
2018,percentage,b) structural deficit,,,thuringia,code16,1.776
2019,percentage,b) structural deficit,,,thuringia,code16,1.309
2020,percentage,b) structural deficit,,,thuringia,code16,-0.413
2021,percentage,b) structural deficit,,,thuringia,code16,0.129
2022,percentage,b) structural deficit,,,thuringia,code16,1.903
2023,percentage,b) structural deficit,,,thuringia,code16,0.329
2024,percentage,b) structural deficit,…,,thuringia,code16,
